JoinField,JoinField_alt,Ward/Township,Precinct,Daniel Biss,Justin Ford,Mike Simmons,Bushra Amiwala,Patricia A. Brown,Jeff Cohen,Laura Fine,Phil Andrew,Nick Pyati,Kat Abughazaleh,Sam Polan,Bethany Johnson,Howard Rosenblum,Hoan Huynh,Mark Arnold Fredrickson,Total Voters
CITY OF CHICAGO:WARD 40 PRECINCT 01,CITY OF CHICAGO:WARD 40 PRECINCT 01,40,1,119,3,41,30,3,1,51,38,0,91,4,2,0,8,1,392
CITY OF CHICAGO:WARD 40 PRECINCT 02,CITY OF CHICAGO:WARD 40 PRECINCT 02,40,2,136,9,43,52,14,1,52,18,3,113,0,1,3,9,1,455
CITY OF CHICAGO:WARD 40 PRECINCT 03,CITY OF CHICAGO:WARD 40 PRECINCT 03,40,3,116,3,52,28,12,5,40,8,2,149,3,3,1,25,1,448
CITY OF CHICAGO:WARD 40 PRECINCT 04,CITY OF CHICAGO:WARD 40 PRECINCT 04,40,4,16,1,8,11,2,1,5,2,0,17,0,2,0,0,0,65
CITY OF CHICAGO:WARD 40 PRECINCT 05,CITY OF CHICAGO:WARD 40 PRECINCT 05,40,5,69,4,14,24,5,3,34,10,1,104,3,1,1,16,0,289
CITY OF CHICAGO:WARD 40 PRECINCT 06,CITY OF CHICAGO:WARD 40 PRECINCT 06,40,6,85,7,38,33,17,7,32,16,1,95,1,5,2,15,2,356
CITY OF CHICAGO:WARD 40 PRECINCT 07,CITY OF CHICAGO:WARD 40 PRECINCT 07,40,7,118,2,71,33,11,1,45,7,2,133,1,2,3,11,0,440
CITY OF CHICAGO:WARD 40 PRECINCT 10,CITY OF CHICAGO:WARD 40 PRECINCT 10,40,10,248,4,115,56,9,3,67,17,1,295,1,5,2,11,1,835
CITY OF CHICAGO:WARD 40 PRECINCT 14,CITY OF CHICAGO:WARD 40 PRECINCT 14,40,14,157,0,91,52,3,2,60,11,0,349,1,3,1,39,0,769
CITY OF CHICAGO:WARD 40 PRECINCT 15,CITY OF CHICAGO:WARD 40 PRECINCT 15,40,15,139,4,82,38,4,5,39,5,1,217,0,3,0,14,1,552
CITY OF CHICAGO:WARD 40 PRECINCT 16,CITY OF CHICAGO:WARD 40 PRECINCT 16,40,16,101,6,66,25,3,3,24,9,0,219,1,0,1,36,1,495
CITY OF CHICAGO:WARD 40 PRECINCT 19,CITY OF CHICAGO:WARD 40 PRECINCT 19,40,19,60,2,25,19,3,1,26,4,0,109,0,1,0,10,1,261
CITY OF CHICAGO:WARD 40 PRECINCT 20,CITY OF CHICAGO:WARD 40 PRECINCT 20,40,20,151,1,53,40,2,1,73,22,0,204,3,3,1,41,1,596
CITY OF CHICAGO:WARD 40 PRECINCT 21,CITY OF CHICAGO:WARD 40 PRECINCT 21,40,21,140,5,53,50,1,4,33,17,0,241,2,2,1,25,0,574
CITY OF CHICAGO:WARD 41 PRECINCT 28,CITY OF CHICAGO:WARD 41 PRECINCT 28,41,28,70,4,18,8,2,3,57,37,2,49,1,2,3,8,3,267
CITY OF CHICAGO:WARD 41 PRECINCT 29,CITY OF CHICAGO:WARD 41 PRECINCT 29,41,29,116,3,20,5,8,5,116,65,1,78,11,2,3,10,4,447
CITY OF CHICAGO:WARD 41 PRECINCT 30,CITY OF CHICAGO:WARD 41 PRECINCT 30,41,30,78,3,9,6,4,8,57,39,1,48,7,1,2,4,2,269
CITY OF CHICAGO:WARD 41 PRECINCT 31,CITY OF CHICAGO:WARD 41 PRECINCT 31,41,31,63,1,12,1,2,4,74,47,2,42,6,1,3,5,6,269
CITY OF CHICAGO:WARD 46 PRECINCT 06,CITY OF CHICAGO:WARD 46 PRECINCT 06,46,6,226,7,65,48,14,2,86,18,4,336,4,3,2,12,1,828
CITY OF CHICAGO:WARD 46 PRECINCT 07,CITY OF CHICAGO:WARD 46 PRECINCT 07,46,7,59,5,24,15,7,2,27,3,0,106,3,2,0,3,2,258
CITY OF CHICAGO:WARD 46 PRECINCT 08,CITY OF CHICAGO:WARD 46 PRECINCT 08,46,8,105,4,37,27,1,4,50,13,2,219,2,1,1,24,1,491
CITY OF CHICAGO:WARD 46 PRECINCT 10,CITY OF CHICAGO:WARD 46 PRECINCT 10,46,10,76,5,50,27,7,1,19,7,1,179,2,2,2,18,1,397
CITY OF CHICAGO:WARD 46 PRECINCT 11,CITY OF CHICAGO:WARD 46 PRECINCT 11,46,11,121,9,74,38,12,8,59,7,0,290,2,6,3,36,1,666
CITY OF CHICAGO:WARD 46 PRECINCT 12,CITY OF CHICAGO:WARD 46 PRECINCT 12,46,12,231,3,71,35,9,3,117,16,3,315,3,1,0,10,0,817
CITY OF CHICAGO:WARD 46 PRECINCT 13,CITY OF CHICAGO:WARD 46 PRECINCT 13,46,13,152,6,87,44,12,5,48,4,0,381,2,3,1,24,1,770
CITY OF CHICAGO:WARD 46 PRECINCT 14,CITY OF CHICAGO:WARD 46 PRECINCT 14,46,14,68,4,52,21,15,1,43,1,5,124,0,5,1,15,4,359
CITY OF CHICAGO:WARD 46 PRECINCT 15,CITY OF CHICAGO:WARD 46 PRECINCT 15,46,15,273,9,68,31,20,8,116,23,2,227,2,9,6,19,2,815
CITY OF CHICAGO:WARD 46 PRECINCT 16,CITY OF CHICAGO:WARD 46 PRECINCT 16,46,16,114,6,78,50,9,2,36,11,0,321,0,7,0,22,1,657
CITY OF CHICAGO:WARD 46 PRECINCT 17,CITY OF CHICAGO:WARD 46 PRECINCT 17,46,17,129,3,155,40,10,3,69,9,3,327,2,4,1,18,0,773
CITY OF CHICAGO:WARD 46 PRECINCT 18,CITY OF CHICAGO:WARD 46 PRECINCT 18,46,18,143,7,116,37,21,3,39,12,2,320,4,3,1,34,0,742
CITY OF CHICAGO:WARD 46 PRECINCT 19,CITY OF CHICAGO:WARD 46 PRECINCT 19,46,19,121,9,108,29,11,3,27,6,0,280,0,5,1,31,1,632
CITY OF CHICAGO:WARD 46 PRECINCT 20,CITY OF CHICAGO:WARD 46 PRECINCT 20,46,20,93,9,95,34,11,6,30,8,4,160,2,1,1,33,0,487
CITY OF CHICAGO:WARD 46 PRECINCT 21,CITY OF CHICAGO:WARD 46 PRECINCT 21,46,21,107,2,70,12,7,3,36,12,0,106,1,1,0,41,0,398
CITY OF CHICAGO:WARD 46 PRECINCT 22,CITY OF CHICAGO:WARD 46 PRECINCT 22,46,22,77,9,99,21,21,3,45,3,4,138,4,2,1,20,0,447
CITY OF CHICAGO:WARD 46 PRECINCT 23,CITY OF CHICAGO:WARD 46 PRECINCT 23,46,23,80,5,62,18,5,1,26,5,2,164,4,1,0,41,0,414
CITY OF CHICAGO:WARD 47 PRECINCT 02,CITY OF CHICAGO:WARD 47 PRECINCT 02,47,2,34,0,24,16,4,0,14,1,2,61,2,0,0,11,0,169
CITY OF CHICAGO:WARD 47 PRECINCT 03,CITY OF CHICAGO:WARD 47 PRECINCT 03,47,3,60,0,33,13,0,1,22,4,0,105,3,1,2,12,0,256
CITY OF CHICAGO:WARD 47 PRECINCT 04,CITY OF CHICAGO:WARD 47 PRECINCT 04,47,4,153,2,81,53,8,4,62,15,0,296,1,4,1,36,0,716
CITY OF CHICAGO:WARD 47 PRECINCT 05,CITY OF CHICAGO:WARD 47 PRECINCT 05,47,5,156,1,102,50,4,4,34,13,0,417,0,1,1,57,0,840
CITY OF CHICAGO:WARD 47 PRECINCT 06,CITY OF CHICAGO:WARD 47 PRECINCT 06,47,6,131,2,87,44,8,2,39,5,1,390,1,0,1,62,1,774
CITY OF CHICAGO:WARD 48 PRECINCT 01,CITY OF CHICAGO:WARD 48 PRECINCT 01,48,1,176,2,113,38,5,4,59,10,0,302,0,1,3,8,0,721
CITY OF CHICAGO:WARD 48 PRECINCT 02,CITY OF CHICAGO:WARD 48 PRECINCT 02,48,2,52,2,30,21,7,1,24,11,1,75,0,1,1,2,1,229
CITY OF CHICAGO:WARD 48 PRECINCT 03,CITY OF CHICAGO:WARD 48 PRECINCT 03,48,3,75,5,88,18,7,3,30,5,2,120,0,1,1,8,0,363
CITY OF CHICAGO:WARD 48 PRECINCT 04,CITY OF CHICAGO:WARD 48 PRECINCT 04,48,4,91,3,76,21,3,6,37,6,1,203,1,2,2,31,0,483
CITY OF CHICAGO:WARD 48 PRECINCT 05,CITY OF CHICAGO:WARD 48 PRECINCT 05,48,5,105,0,78,5,1,0,23,12,0,56,0,0,1,3,1,285
CITY OF CHICAGO:WARD 48 PRECINCT 06,CITY OF CHICAGO:WARD 48 PRECINCT 06,48,6,119,3,109,28,11,3,46,5,0,213,0,7,0,8,1,553
CITY OF CHICAGO:WARD 48 PRECINCT 07,CITY OF CHICAGO:WARD 48 PRECINCT 07,48,7,150,0,85,36,1,3,34,8,1,220,3,1,0,8,0,550
CITY OF CHICAGO:WARD 48 PRECINCT 08,CITY OF CHICAGO:WARD 48 PRECINCT 08,48,8,114,1,43,18,2,1,54,16,2,85,2,2,1,5,0,346
CITY OF CHICAGO:WARD 48 PRECINCT 09,CITY OF CHICAGO:WARD 48 PRECINCT 09,48,9,66,13,31,11,1,4,32,3,1,56,0,1,0,3,1,223
CITY OF CHICAGO:WARD 48 PRECINCT 10,CITY OF CHICAGO:WARD 48 PRECINCT 10,48,10,187,1,106,45,1,1,43,8,1,221,1,1,1,19,1,637
CITY OF CHICAGO:WARD 48 PRECINCT 11,CITY OF CHICAGO:WARD 48 PRECINCT 11,48,11,114,2,116,12,1,3,39,13,0,163,1,2,1,6,0,473
CITY OF CHICAGO:WARD 48 PRECINCT 12,CITY OF CHICAGO:WARD 48 PRECINCT 12,48,12,121,10,104,34,5,3,57,9,2,228,1,3,2,10,0,589
CITY OF CHICAGO:WARD 48 PRECINCT 13,CITY OF CHICAGO:WARD 48 PRECINCT 13,48,13,179,5,56,12,6,5,52,17,0,92,2,1,0,9,0,436
CITY OF CHICAGO:WARD 48 PRECINCT 14,CITY OF CHICAGO:WARD 48 PRECINCT 14,48,14,119,4,83,27,8,1,50,11,3,170,0,0,2,11,0,489
CITY OF CHICAGO:WARD 48 PRECINCT 15,CITY OF CHICAGO:WARD 48 PRECINCT 15,48,15,61,4,73,18,12,4,23,7,1,176,1,2,3,4,0,389
CITY OF CHICAGO:WARD 48 PRECINCT 16,CITY OF CHICAGO:WARD 48 PRECINCT 16,48,16,79,8,45,23,6,6,27,4,2,125,1,1,0,13,0,340
CITY OF CHICAGO:WARD 48 PRECINCT 17,CITY OF CHICAGO:WARD 48 PRECINCT 17,48,17,58,1,28,14,2,2,18,3,1,29,0,1,0,4,0,161
CITY OF CHICAGO:WARD 48 PRECINCT 18,CITY OF CHICAGO:WARD 48 PRECINCT 18,48,18,94,8,68,45,8,5,33,11,1,197,2,7,1,5,1,486
CITY OF CHICAGO:WARD 48 PRECINCT 19,CITY OF CHICAGO:WARD 48 PRECINCT 19,48,19,104,1,45,7,2,4,34,12,0,80,0,1,0,3,1,294
CITY OF CHICAGO:WARD 48 PRECINCT 20,CITY OF CHICAGO:WARD 48 PRECINCT 20,48,20,75,4,22,8,2,1,22,9,0,49,0,2,1,4,0,199
CITY OF CHICAGO:WARD 48 PRECINCT 21,CITY OF CHICAGO:WARD 48 PRECINCT 21,48,21,93,8,99,31,17,1,44,6,1,178,1,5,0,63,0,547
CITY OF CHICAGO:WARD 48 PRECINCT 22,CITY OF CHICAGO:WARD 48 PRECINCT 22,48,22,103,4,39,8,5,3,66,6,0,60,1,2,1,4,1,303
CITY OF CHICAGO:WARD 48 PRECINCT 23,CITY OF CHICAGO:WARD 48 PRECINCT 23,48,23,194,3,36,9,4,3,50,4,1,109,0,2,3,15,0,433
CITY OF CHICAGO:WARD 48 PRECINCT 24,CITY OF CHICAGO:WARD 48 PRECINCT 24,48,24,132,4,96,22,7,4,68,9,4,209,1,3,3,55,1,618
CITY OF CHICAGO:WARD 48 PRECINCT 25,CITY OF CHICAGO:WARD 48 PRECINCT 25,48,25,151,0,86,46,1,3,36,10,0,252,1,1,0,9,1,597
CITY OF CHICAGO:WARD 48 PRECINCT 26,CITY OF CHICAGO:WARD 48 PRECINCT 26,48,26,122,1,45,4,4,1,33,5,1,63,0,3,1,1,0,284
CITY OF CHICAGO:WARD 48 PRECINCT 27,CITY OF CHICAGO:WARD 48 PRECINCT 27,48,27,83,2,50,24,9,0,36,14,0,154,2,1,2,10,0,387
CITY OF CHICAGO:WARD 48 PRECINCT 28,CITY OF CHICAGO:WARD 48 PRECINCT 28,48,28,73,2,63,24,11,2,25,3,0,224,1,2,0,9,1,440
CITY OF CHICAGO:WARD 48 PRECINCT 29,CITY OF CHICAGO:WARD 48 PRECINCT 29,48,29,85,7,41,4,7,8,48,12,0,18,2,3,2,5,2,244
CITY OF CHICAGO:WARD 48 PRECINCT 30,CITY OF CHICAGO:WARD 48 PRECINCT 30,48,30,165,0,81,23,2,4,43,20,0,183,0,2,0,6,0,529
CITY OF CHICAGO:WARD 48 PRECINCT 31,CITY OF CHICAGO:WARD 48 PRECINCT 31,48,31,108,0,103,34,3,0,16,5,0,243,1,1,1,7,0,522
CITY OF CHICAGO:WARD 48 PRECINCT 32,CITY OF CHICAGO:WARD 48 PRECINCT 32,48,32,84,0,46,25,4,0,28,9,1,131,2,1,1,6,0,338
CITY OF CHICAGO:WARD 48 PRECINCT 33,CITY OF CHICAGO:WARD 48 PRECINCT 33,48,33,87,2,28,0,2,3,25,1,0,42,0,0,0,3,0,193
CITY OF CHICAGO:WARD 48 PRECINCT 34,CITY OF CHICAGO:WARD 48 PRECINCT 34,48,34,100,2,79,31,5,1,32,9,0,126,1,4,1,7,0,398
CITY OF CHICAGO:WARD 48 PRECINCT 35,CITY OF CHICAGO:WARD 48 PRECINCT 35,48,35,184,0,154,26,2,4,70,13,0,198,2,0,0,3,0,656
CITY OF CHICAGO:WARD 49 PRECINCT 01,CITY OF CHICAGO:WARD 49 PRECINCT 01,49,1,128,5,91,28,19,2,47,9,1,181,1,2,2,4,0,520
CITY OF CHICAGO:WARD 49 PRECINCT 02,CITY OF CHICAGO:WARD 49 PRECINCT 02,49,2,135,7,68,23,14,9,49,13,1,182,1,4,4,4,5,519
CITY OF CHICAGO:WARD 49 PRECINCT 03,CITY OF CHICAGO:WARD 49 PRECINCT 03,49,3,175,5,92,41,13,6,49,25,1,235,3,6,1,8,1,661
CITY OF CHICAGO:WARD 49 PRECINCT 04,CITY OF CHICAGO:WARD 49 PRECINCT 04,49,4,125,4,113,50,15,3,43,14,0,369,2,1,1,6,0,746
CITY OF CHICAGO:WARD 49 PRECINCT 05,CITY OF CHICAGO:WARD 49 PRECINCT 05,49,5,159,2,101,58,7,4,45,26,0,304,2,3,0,5,0,716
CITY OF CHICAGO:WARD 49 PRECINCT 06,CITY OF CHICAGO:WARD 49 PRECINCT 06,49,6,7,0,7,3,1,0,6,0,0,26,0,0,1,0,0,51
CITY OF CHICAGO:WARD 49 PRECINCT 07,CITY OF CHICAGO:WARD 49 PRECINCT 07,49,7,153,4,137,53,13,5,49,20,2,298,2,6,1,11,4,758
CITY OF CHICAGO:WARD 49 PRECINCT 08,CITY OF CHICAGO:WARD 49 PRECINCT 08,49,8,177,3,155,63,4,3,47,11,3,462,3,2,0,11,0,944
CITY OF CHICAGO:WARD 49 PRECINCT 09,CITY OF CHICAGO:WARD 49 PRECINCT 09,49,9,116,1,128,48,13,1,29,17,2,366,3,8,0,4,0,736
CITY OF CHICAGO:WARD 49 PRECINCT 10,CITY OF CHICAGO:WARD 49 PRECINCT 10,49,10,150,1,84,30,5,3,51,12,1,183,2,1,1,2,0,526
CITY OF CHICAGO:WARD 49 PRECINCT 11,CITY OF CHICAGO:WARD 49 PRECINCT 11,49,11,164,3,68,22,11,6,43,16,0,194,1,2,0,4,1,535
CITY OF CHICAGO:WARD 49 PRECINCT 12,CITY OF CHICAGO:WARD 49 PRECINCT 12,49,12,119,4,74,20,12,3,32,8,1,135,1,1,1,5,2,418
CITY OF CHICAGO:WARD 49 PRECINCT 13,CITY OF CHICAGO:WARD 49 PRECINCT 13,49,13,167,4,99,36,15,4,40,15,2,249,4,6,0,4,2,647
CITY OF CHICAGO:WARD 49 PRECINCT 14,CITY OF CHICAGO:WARD 49 PRECINCT 14,49,14,198,7,112,35,18,2,52,13,0,327,2,5,3,9,2,785
CITY OF CHICAGO:WARD 49 PRECINCT 15,CITY OF CHICAGO:WARD 49 PRECINCT 15,49,15,143,5,119,52,14,2,49,8,1,322,2,6,5,10,1,739
CITY OF CHICAGO:WARD 49 PRECINCT 16,CITY OF CHICAGO:WARD 49 PRECINCT 16,49,16,128,5,113,46,12,6,40,6,0,305,1,0,2,3,1,668
CITY OF CHICAGO:WARD 49 PRECINCT 17,CITY OF CHICAGO:WARD 49 PRECINCT 17,49,17,165,4,121,45,11,0,36,18,0,358,0,1,1,2,1,763
CITY OF CHICAGO:WARD 50 PRECINCT 01,CITY OF CHICAGO:WARD 50 PRECINCT 01,50,1,60,0,15,4,0,4,431,12,0,19,1,1,0,7,0,554
CITY OF CHICAGO:WARD 50 PRECINCT 02,CITY OF CHICAGO:WARD 50 PRECINCT 02,50,2,92,0,13,7,7,4,229,8,0,31,0,2,2,13,1,409
CITY OF CHICAGO:WARD 50 PRECINCT 03,CITY OF CHICAGO:WARD 50 PRECINCT 03,50,3,70,1,16,9,1,2,160,17,0,37,0,0,3,4,0,320
CITY OF CHICAGO:WARD 50 PRECINCT 04,CITY OF CHICAGO:WARD 50 PRECINCT 04,50,4,75,2,20,19,7,4,35,9,1,63,4,1,1,3,1,245
CITY OF CHICAGO:WARD 50 PRECINCT 05,CITY OF CHICAGO:WARD 50 PRECINCT 05,50,5,118,1,31,17,6,3,215,35,0,78,2,1,2,12,0,521
CITY OF CHICAGO:WARD 50 PRECINCT 06,CITY OF CHICAGO:WARD 50 PRECINCT 06,50,6,57,3,11,8,8,4,39,9,1,56,4,3,1,4,2,210
CITY OF CHICAGO:WARD 50 PRECINCT 07,CITY OF CHICAGO:WARD 50 PRECINCT 07,50,7,146,2,106,28,10,3,61,34,1,126,1,2,0,5,3,528
CITY OF CHICAGO:WARD 50 PRECINCT 08,CITY OF CHICAGO:WARD 50 PRECINCT 08,50,8,64,4,28,49,11,3,30,12,2,124,0,9,0,11,1,348
CITY OF CHICAGO:WARD 50 PRECINCT 09,CITY OF CHICAGO:WARD 50 PRECINCT 09,50,9,34,0,3,0,3,2,65,6,0,3,0,2,1,0,1,120
CITY OF CHICAGO:WARD 50 PRECINCT 10,CITY OF CHICAGO:WARD 50 PRECINCT 10,50,10,29,0,5,23,0,2,197,9,0,41,1,0,1,1,0,309
CITY OF CHICAGO:WARD 50 PRECINCT 11,CITY OF CHICAGO:WARD 50 PRECINCT 11,50,11,67,1,4,8,2,3,489,19,0,14,1,0,0,3,0,611
CITY OF CHICAGO:WARD 50 PRECINCT 12,CITY OF CHICAGO:WARD 50 PRECINCT 12,50,12,21,0,2,9,1,2,52,0,0,12,0,0,2,1,0,102
CITY OF CHICAGO:WARD 50 PRECINCT 13,CITY OF CHICAGO:WARD 50 PRECINCT 13,50,13,113,1,27,51,4,3,67,8,0,99,3,1,1,3,3,384
CITY OF CHICAGO:WARD 50 PRECINCT 14,CITY OF CHICAGO:WARD 50 PRECINCT 14,50,14,19,0,1,6,0,0,46,1,0,9,0,2,3,3,0,90
CITY OF CHICAGO:WARD 50 PRECINCT 15,CITY OF CHICAGO:WARD 50 PRECINCT 15,50,15,115,3,29,45,7,2,47,18,1,105,2,2,0,12,0,388
CITY OF CHICAGO:WARD 50 PRECINCT 16,CITY OF CHICAGO:WARD 50 PRECINCT 16,50,16,19,0,4,5,0,1,60,2,0,8,0,0,1,1,0,101
CITY OF CHICAGO:WARD 50 PRECINCT 17,CITY OF CHICAGO:WARD 50 PRECINCT 17,50,17,26,5,8,17,4,1,30,1,1,37,0,0,0,3,0,133
CITY OF CHICAGO:WARD 50 PRECINCT 18,CITY OF CHICAGO:WARD 50 PRECINCT 18,50,18,10,0,0,0,0,1,57,5,0,0,0,0,1,0,0,74
CITY OF CHICAGO:WARD 50 PRECINCT 19,CITY OF CHICAGO:WARD 50 PRECINCT 19,50,19,36,2,11,22,5,1,7,1,1,49,0,0,0,1,0,136
CITY OF CHICAGO:WARD 50 PRECINCT 20,CITY OF CHICAGO:WARD 50 PRECINCT 20,50,20,44,1,7,25,4,2,14,4,0,37,0,0,0,2,0,140
CITY OF CHICAGO:WARD 50 PRECINCT 21,CITY OF CHICAGO:WARD 50 PRECINCT 21,50,21,53,7,19,53,11,1,40,5,0,123,0,1,0,1,1,315
CITY OF CHICAGO:WARD 50 PRECINCT 22,CITY OF CHICAGO:WARD 50 PRECINCT 22,50,22,47,1,15,30,2,6,340,13,1,31,1,0,0,3,2,492
CITY OF CHICAGO:WARD 50 PRECINCT 23,CITY OF CHICAGO:WARD 50 PRECINCT 23,50,23,55,2,14,22,8,2,89,11,0,69,2,2,1,12,0,289
CITY OF CHICAGO:WARD 50 PRECINCT 24,CITY OF CHICAGO:WARD 50 PRECINCT 24,50,24,31,1,2,3,1,0,166,1,0,22,1,1,0,0,0,229
CITY OF CHICAGO:WARD 50 PRECINCT 25,CITY OF CHICAGO:WARD 50 PRECINCT 25,50,25,11,2,1,3,0,1,21,0,0,11,0,3,0,1,4,58
CITY OF CHICAGO:WARD 50 PRECINCT 26,CITY OF CHICAGO:WARD 50 PRECINCT 26,50,26,22,0,11,9,4,0,55,3,0,28,0,2,0,11,0,145
CITY OF CHICAGO:WARD 50 PRECINCT 27,CITY OF CHICAGO:WARD 50 PRECINCT 27,50,27,14,0,4,6,2,0,28,0,1,20,0,3,0,0,0,78
COOK:7501001,COOK:Evanston Ward 1 Precinct 1,Evanston,Ward 1 Precinct 1,43,0,5,3,1,0,9,8,0,105,1,0,0,3,1,179
COOK:7501002,COOK:Evanston Ward 1 Precinct 2,Evanston,Ward 1 Precinct 2,181,0,20,3,1,7,73,41,0,71,0,1,0,1,1,400
COOK:7501003,COOK:Evanston Ward 1 Precinct 3,Evanston,Ward 1 Precinct 3,166,1,18,5,3,5,75,44,0,60,1,0,0,2,0,380
COOK:7501004,COOK:Evanston Ward 1 Precinct 4,Evanston,Ward 1 Precinct 4,356,1,12,15,1,32,133,78,1,90,1,1,1,1,1,724
COOK:7502001,COOK:Evanston Ward 2 Precinct 1,Evanston,Ward 2 Precinct 1,372,0,44,17,4,5,108,48,3,156,1,3,1,8,1,771
COOK:7502002,COOK:Evanston Ward 2 Precinct 2,Evanston,Ward 2 Precinct 2,124,2,28,16,3,2,32,12,0,101,2,1,0,1,0,324
COOK:7502003,COOK:Evanston Ward 2 Precinct 3,Evanston,Ward 2 Precinct 3,116,1,31,19,9,2,38,8,0,103,0,1,0,0,0,328
COOK:7502004,COOK:Evanston Ward 2 Precinct 4,Evanston,Ward 2 Precinct 4,191,2,65,14,13,3,58,21,0,171,1,4,0,5,0,548
COOK:7502005,COOK:Evanston Ward 2 Precinct 5,Evanston,Ward 2 Precinct 5,74,1,19,14,1,0,29,8,0,45,0,1,0,2,0,194
COOK:7503001,COOK:Evanston Ward 3 Precinct 1,Evanston,Ward 3 Precinct 1,231,1,21,6,1,17,71,36,0,94,1,0,0,2,0,481
COOK:7503002,COOK:Evanston Ward 3 Precinct 2,Evanston,Ward 3 Precinct 2,249,2,22,5,5,8,72,46,0,137,1,0,0,4,0,551
COOK:7503003,COOK:Evanston Ward 3 Precinct 3,Evanston,Ward 3 Precinct 3,252,1,26,11,2,5,83,55,1,187,2,1,0,6,0,632
COOK:7503004,COOK:Evanston Ward 3 Precinct 4,Evanston,Ward 3 Precinct 4,253,1,49,34,0,14,85,65,1,172,7,0,0,1,0,682
COOK:7503005,COOK:Evanston Ward 3 Precinct 5,Evanston,Ward 3 Precinct 5,201,1,22,11,4,1,47,26,0,138,3,1,1,0,0,456
COOK:7504001,COOK:Evanston Ward 4 Precinct 1,Evanston,Ward 4 Precinct 1,85,3,25,5,2,9,16,14,0,92,0,1,0,1,0,253
COOK:7504002,COOK:Evanston Ward 4 Precinct 2,Evanston,Ward 4 Precinct 2,149,0,16,7,2,5,51,23,0,81,2,3,0,1,1,341
COOK:7504003,COOK:Evanston Ward 4 Precinct 3,Evanston,Ward 4 Precinct 3,114,0,6,6,1,5,36,16,1,50,1,0,0,4,0,240
COOK:7504004,COOK:Evanston Ward 4 Precinct 4,Evanston,Ward 4 Precinct 4,360,2,34,19,4,16,88,64,1,172,1,0,1,1,0,763
COOK:7504005,COOK:Evanston Ward 4 Precinct 5,Evanston,Ward 4 Precinct 5,94,0,20,2,0,2,39,16,0,62,0,0,0,5,1,241
COOK:7504006,COOK:Evanston Ward 4 Precinct 6,Evanston,Ward 4 Precinct 6,215,0,24,20,2,12,85,41,1,133,1,0,0,4,1,539
COOK:7504007,COOK:Evanston Ward 4 Precinct 7,Evanston,Ward 4 Precinct 7,106,1,5,2,0,10,25,22,0,48,0,0,0,0,0,219
COOK:7505001,COOK:Evanston Ward 5 Precinct 1,Evanston,Ward 5 Precinct 1,141,2,43,11,13,3,48,13,0,78,0,3,0,0,1,356
COOK:7505002,COOK:Evanston Ward 5 Precinct 2,Evanston,Ward 5 Precinct 2,163,1,30,14,7,4,53,27,0,142,0,0,4,2,1,448
COOK:7505003,COOK:Evanston Ward 5 Precinct 3,Evanston,Ward 5 Precinct 3,152,1,35,11,7,2,38,16,0,95,0,0,1,1,0,359
COOK:7506001,COOK:Evanston Ward 6 Precinct 1,Evanston,Ward 6 Precinct 1,268,1,37,9,4,10,129,107,2,130,0,1,0,0,0,698
COOK:7506002,COOK:Evanston Ward 6 Precinct 2,Evanston,Ward 6 Precinct 2,177,0,31,4,0,3,69,74,0,54,0,0,0,1,0,413
COOK:7506003,COOK:Evanston Ward 6 Precinct 3,Evanston,Ward 6 Precinct 3,167,1,23,12,0,4,61,33,0,90,1,0,0,1,0,393
COOK:7506004,COOK:Evanston Ward 6 Precinct 4,Evanston,Ward 6 Precinct 4,329,1,27,6,3,7,158,100,2,119,2,0,2,1,0,757
COOK:7506005,COOK:Evanston Ward 6 Precinct 5,Evanston,Ward 6 Precinct 5,231,1,27,6,1,9,132,109,0,108,0,0,0,0,0,624
COOK:7506006,COOK:Evanston Ward 6 Precinct 6,Evanston,Ward 6 Precinct 6,254,0,27,11,1,5,130,108,0,114,0,0,0,1,0,651
COOK:7507001,COOK:Evanston Ward 7 Precinct 1,Evanston,Ward 7 Precinct 1,237,0,35,14,0,4,132,100,5,167,0,2,0,3,0,699
COOK:7507002,COOK:Evanston Ward 7 Precinct 2,Evanston,Ward 7 Precinct 2,197,2,34,14,0,5,159,120,1,201,3,0,0,2,0,738
COOK:7507003,COOK:Evanston Ward 7 Precinct 3,Evanston,Ward 7 Precinct 3,3,0,0,1,0,0,0,0,0,22,0,1,0,0,0,27
COOK:7507004,COOK:Evanston Ward 7 Precinct 4,Evanston,Ward 7 Precinct 4,149,0,40,18,0,2,93,51,3,90,1,0,0,1,0,448
COOK:7507005,COOK:Evanston Ward 7 Precinct 5,Evanston,Ward 7 Precinct 5,254,0,17,15,0,14,111,128,0,86,2,0,0,3,0,630
COOK:7508001,COOK:Evanston Ward 8 Precinct 1,Evanston,Ward 8 Precinct 1,155,6,29,4,7,1,58,21,0,106,4,1,3,5,1,401
COOK:7508002,COOK:Evanston Ward 8 Precinct 2,Evanston,Ward 8 Precinct 2,101,2,28,11,3,0,39,6,0,90,1,1,0,5,0,287
COOK:7508003,COOK:Evanston Ward 8 Precinct 3,Evanston,Ward 8 Precinct 3,64,1,19,5,7,1,21,7,0,75,1,5,0,3,1,210
COOK:7508004,COOK:Evanston Ward 8 Precinct 4,Evanston,Ward 8 Precinct 4,193,1,35,11,1,1,52,21,1,110,0,1,0,1,1,429
COOK:7508005,COOK:Evanston Ward 8 Precinct 5,Evanston,Ward 8 Precinct 5,168,1,43,18,6,3,40,20,1,121,3,3,0,5,0,432
COOK:7509001,COOK:Evanston Ward 9 Precinct 1,Evanston,Ward 9 Precinct 1,112,1,25,13,1,3,34,14,0,113,0,1,0,1,0,318
COOK:7509002,COOK:Evanston Ward 9 Precinct 2,Evanston,Ward 9 Precinct 2,337,1,68,32,12,7,97,38,0,259,8,0,1,1,0,861
COOK:7509003,COOK:Evanston Ward 9 Precinct 3,Evanston,Ward 9 Precinct 3,254,1,44,23,1,1,72,22,0,206,2,0,1,4,0,631
COOK:7509004,COOK:Evanston Ward 9 Precinct 4,Evanston,Ward 9 Precinct 4,271,1,65,29,7,7,68,30,0,199,2,0,0,3,0,682
COOK:7509005,COOK:Evanston Ward 9 Precinct 5,Evanston,Ward 9 Precinct 5,138,3,24,15,6,2,25,12,0,112,0,1,0,2,0,340
COOK:8000008,COOK:Maine Precinct 8,Maine, 8,79,1,0,8,2,0,75,24,2,82,5,2,0,1,1,282
COOK:8000011,COOK:Maine Precinct 11,Maine, 11,28,2,5,3,3,0,10,7,0,21,0,1,1,1,2,84
COOK:8000015,COOK:Maine Precinct 15,Maine, 15,54,2,0,23,3,3,40,11,0,41,0,1,1,4,0,183
COOK:8000020,COOK:Maine Precinct 20,Maine, 20,33,1,7,0,2,2,29,14,0,19,0,1,0,0,0,108
COOK:8000029,COOK:Maine Precinct 29,Maine, 29,92,1,8,9,4,1,56,25,1,53,0,2,0,2,0,254
COOK:8000030,COOK:Maine Precinct 30,Maine, 30,183,3,8,9,1,6,119,52,2,84,6,4,3,4,1,485
COOK:8000031,COOK:Maine Precinct 31,Maine, 31,36,3,5,3,4,2,36,11,2,37,2,1,0,2,0,144
COOK:8000032,COOK:Maine Precinct 32,Maine, 32,68,0,7,17,6,3,40,5,0,38,1,2,0,6,0,193
COOK:8000039,COOK:Maine Precinct 39,Maine, 39,56,3,9,16,1,0,37,11,1,52,1,4,0,2,2,195
COOK:8000040,COOK:Maine Precinct 40,Maine, 40,45,2,3,14,2,1,42,6,0,31,1,0,0,2,0,149
COOK:8000043,COOK:Maine Precinct 43,Maine, 43,60,1,3,2,3,1,33,14,1,25,0,1,0,1,0,145
COOK:8000044,COOK:Maine Precinct 44,Maine, 44,46,0,4,7,1,1,56,19,0,23,2,0,0,6,0,165
COOK:8000046,COOK:Maine Precinct 46,Maine, 46,45,0,3,8,6,3,37,17,0,43,0,4,1,5,0,172
COOK:8000051,COOK:Maine Precinct 51,Maine, 51,43,2,2,18,2,0,22,8,2,24,0,1,0,10,1,135
COOK:8000052,COOK:Maine Precinct 52,Maine, 52,43,1,5,11,1,4,71,23,0,53,4,2,0,3,0,221
COOK:8000055,COOK:Maine Precinct 55,Maine, 55,60,1,12,7,1,1,24,17,0,34,1,2,0,1,0,161
COOK:8000058,COOK:Maine Precinct 58,Maine, 58,52,0,2,5,3,3,36,21,2,25,2,1,2,4,6,164
COOK:8000059,COOK:Maine Precinct 59,Maine, 59,59,3,0,5,3,5,35,13,0,32,0,2,0,5,1,163
COOK:8000060,COOK:Maine Precinct 60,Maine, 60,93,2,9,15,9,4,71,32,0,72,0,4,0,1,1,313
COOK:8000063,COOK:Maine Precinct 63,Maine, 63,38,2,6,8,3,0,26,12,1,39,0,0,0,3,0,138
COOK:8000069,COOK:Maine Precinct 69,Maine, 69,28,1,2,14,0,4,41,6,0,41,0,3,0,4,1,145
COOK:8000072,COOK:Maine Precinct 72,Maine, 72,79,0,6,8,6,1,59,13,0,38,3,0,3,4,2,222
COOK:8000073,COOK:Maine Precinct 73,Maine, 73,40,2,6,6,1,0,37,3,1,10,1,3,1,1,0,112
COOK:8000074,COOK:Maine Precinct 74,Maine, 74,45,0,1,13,4,1,58,9,0,33,0,1,0,0,0,165
COOK:8000075,COOK:Maine Precinct 75,Maine, 75,53,5,2,5,3,1,43,6,0,26,2,0,0,5,0,151
COOK:8000076,COOK:Maine Precinct 76,Maine, 76,21,2,4,12,0,1,29,5,0,19,0,0,0,4,0,97
COOK:8000083,COOK:Maine Precinct 83,Maine, 83,39,3,5,2,4,1,25,15,0,28,0,4,1,3,1,131
COOK:8100003,COOK:New Trier Precinct 3,New Trier, 3,131,1,3,11,1,2,79,84,0,30,0,0,0,2,0,344
COOK:8100013,COOK:New Trier Precinct 13,New Trier, 13,135,3,4,13,1,1,111,45,0,67,0,0,1,4,0,385
COOK:8100017,COOK:New Trier Precinct 17,New Trier, 17,119,0,7,2,3,2,105,42,1,50,1,1,0,8,0,341
COOK:8100018,COOK:New Trier Precinct 18,New Trier, 18,19,0,1,0,0,0,13,43,0,5,0,0,0,0,0,81
COOK:8100021,COOK:New Trier Precinct 21,New Trier, 21,129,0,2,10,0,2,103,75,0,44,2,0,2,6,2,377
COOK:8100024,COOK:New Trier Precinct 24,New Trier, 24,108,1,3,14,3,1,82,43,0,42,5,2,0,9,1,314
COOK:8100026,COOK:New Trier Precinct 26,New Trier, 26,184,0,4,16,2,1,119,125,0,57,4,1,1,5,0,519
COOK:8100027,COOK:New Trier Precinct 27,New Trier, 27,103,0,0,4,1,0,64,88,0,37,0,0,0,0,0,297
COOK:8100031,COOK:New Trier Precinct 31,New Trier, 31,39,0,4,1,0,0,26,48,1,21,0,1,0,3,0,144
COOK:8100032,COOK:New Trier Precinct 32,New Trier, 32,58,0,0,4,0,1,49,86,0,24,1,0,0,0,1,224
COOK:8100033,COOK:New Trier Precinct 33,New Trier, 33,146,1,6,5,1,7,95,141,0,48,3,1,1,2,1,458
COOK:8100034,COOK:New Trier Precinct 34,New Trier, 34,99,0,4,5,1,1,69,27,0,34,2,0,0,5,0,247
COOK:8100036,COOK:New Trier Precinct 36,New Trier, 36,134,0,9,10,2,2,77,208,0,63,3,1,0,4,0,513
COOK:8100037,COOK:New Trier Precinct 37,New Trier, 37,127,1,0,2,1,5,66,157,0,41,4,0,1,2,1,408
COOK:8100038,COOK:New Trier Precinct 38,New Trier, 38,133,1,9,5,2,0,69,157,1,33,4,0,0,4,0,418
COOK:8100039,COOK:New Trier Precinct 39,New Trier, 39,69,1,1,2,1,0,73,30,0,31,0,2,0,0,0,210
COOK:8200001,COOK:Niles Precinct 1,Niles, 1,86,1,4,11,2,8,68,24,2,49,3,1,0,6,2,267
COOK:8200002,COOK:Niles Precinct 2,Niles, 2,68,1,14,18,5,0,41,7,2,46,2,3,3,3,2,215
COOK:8200003,COOK:Niles Precinct 3,Niles, 3,92,3,6,33,2,3,125,39,2,44,2,1,0,2,0,354
COOK:8200004,COOK:Niles Precinct 4,Niles, 4,33,1,0,27,1,1,64,11,0,46,0,0,1,3,0,188
COOK:8200005,COOK:Niles Precinct 5,Niles, 5,48,1,3,9,0,0,114,2,0,24,1,0,0,0,0,202
COOK:8200006,COOK:Niles Precinct 6,Niles, 6,122,1,4,32,1,1,66,22,0,81,6,1,1,0,0,338
COOK:8200007,COOK:Niles Precinct 7,Niles, 7,109,5,5,27,5,3,93,21,0,69,1,2,0,3,1,344
COOK:8200008,COOK:Niles Precinct 8,Niles, 8,67,0,3,11,0,1,88,5,0,34,1,1,0,0,0,211
COOK:8200009,COOK:Niles Precinct 9,Niles, 9,67,2,0,1,3,3,45,13,0,18,1,1,0,3,0,157
COOK:8200010,COOK:Niles Precinct 10,Niles, 10,65,4,8,77,3,2,27,15,0,49,2,2,3,6,0,263
COOK:8200011,COOK:Niles Precinct 11,Niles, 11,37,1,5,1,0,3,50,11,0,17,1,1,0,0,0,127
COOK:8200012,COOK:Niles Precinct 12,Niles, 12,59,1,3,29,1,2,30,2,0,39,2,1,0,10,0,179
COOK:8200013,COOK:Niles Precinct 13,Niles, 13,57,2,10,12,7,1,46,9,1,50,2,1,0,7,0,205
COOK:8200014,COOK:Niles Precinct 14,Niles, 14,130,3,13,15,2,3,138,15,1,73,0,4,0,0,0,397
COOK:8200015,COOK:Niles Precinct 15,Niles, 15,127,1,16,26,2,2,46,10,1,74,1,0,0,4,0,310
COOK:8200016,COOK:Niles Precinct 16,Niles, 16,128,1,15,44,2,6,82,10,0,68,1,2,2,9,1,371
COOK:8200017,COOK:Niles Precinct 17,Niles, 17,128,4,22,66,5,0,58,20,0,76,0,1,2,4,0,386
COOK:8200018,COOK:Niles Precinct 18,Niles, 18,212,4,9,43,4,8,216,31,0,80,5,0,1,3,1,617
COOK:8200019,COOK:Niles Precinct 19,Niles, 19,87,0,5,7,1,0,399,6,0,19,0,0,1,3,0,528
COOK:8200020,COOK:Niles Precinct 20,Niles, 20,79,0,5,18,1,2,33,11,2,53,0,1,1,5,0,211
COOK:8200021,COOK:Niles Precinct 21,Niles, 21,194,0,23,24,3,3,280,15,0,107,2,0,0,2,0,653
COOK:8200022,COOK:Niles Precinct 22,Niles, 22,69,0,2,17,4,2,47,4,1,44,0,0,0,2,0,192
COOK:8200023,COOK:Niles Precinct 23,Niles, 23,129,0,6,28,0,2,189,9,0,27,0,0,0,2,0,392
COOK:8200024,COOK:Niles Precinct 24,Niles, 24,86,2,11,46,7,4,42,21,0,62,2,2,0,7,1,293
COOK:8200025,COOK:Niles Precinct 25,Niles, 25,59,0,3,9,2,1,21,11,1,16,0,1,1,12,0,137
COOK:8200026,COOK:Niles Precinct 26,Niles, 26,66,2,6,20,2,1,61,14,1,55,2,1,0,6,3,240
COOK:8200027,COOK:Niles Precinct 27,Niles, 27,54,2,4,22,1,1,25,3,1,36,0,1,0,1,0,151
COOK:8200028,COOK:Niles Precinct 28,Niles, 28,129,0,14,6,1,1,212,62,1,41,0,0,0,0,0,467
COOK:8200029,COOK:Niles Precinct 29,Niles, 29,121,2,4,17,4,4,100,7,1,25,3,0,3,1,1,293
COOK:8200030,COOK:Niles Precinct 30,Niles, 30,48,1,0,36,3,3,28,12,0,36,0,1,0,4,0,172
COOK:8200031,COOK:Niles Precinct 31,Niles, 31,125,2,4,47,2,1,144,24,0,47,0,1,0,2,0,399
COOK:8200032,COOK:Niles Precinct 32,Niles, 32,50,1,2,7,1,2,45,5,0,19,0,0,0,4,0,136
COOK:8200033,COOK:Niles Precinct 33,Niles, 33,133,1,8,45,3,3,92,8,0,71,1,0,1,9,0,375
COOK:8200034,COOK:Niles Precinct 34,Niles, 34,79,0,6,16,2,1,67,6,0,44,0,4,0,5,0,230
COOK:8200035,COOK:Niles Precinct 35,Niles, 35,87,0,3,121,2,2,33,15,0,74,0,1,0,2,1,341
COOK:8200036,COOK:Niles Precinct 36,Niles, 36,58,2,5,28,2,1,23,4,0,54,1,1,1,2,0,182
COOK:8200037,COOK:Niles Precinct 37,Niles, 37,89,0,5,28,5,0,53,5,1,65,0,1,0,5,0,257
COOK:8200038,COOK:Niles Precinct 38,Niles, 38,133,4,11,64,3,17,104,22,1,75,0,1,2,7,2,446
COOK:8200039,COOK:Niles Precinct 39,Niles, 39,124,0,13,44,0,0,44,31,0,48,0,3,1,3,0,311
COOK:8200040,COOK:Niles Precinct 40,Niles, 40,154,2,24,87,4,1,58,49,0,79,1,1,2,4,2,468
COOK:8200041,COOK:Niles Precinct 41,Niles, 41,120,0,7,54,4,5,49,9,0,65,1,0,0,7,0,321
COOK:8200042,COOK:Niles Precinct 42,Niles, 42,85,2,6,37,5,2,33,14,0,45,3,0,0,5,1,238
COOK:8200043,COOK:Niles Precinct 43,Niles, 43,75,2,13,27,7,3,54,19,0,53,1,1,0,0,2,257
COOK:8200044,COOK:Niles Precinct 44,Niles, 44,118,0,14,48,2,2,42,17,0,63,1,0,0,8,2,317
COOK:8200045,COOK:Niles Precinct 45,Niles, 45,97,2,6,31,1,0,78,12,0,41,1,1,0,3,0,273
COOK:8200046,COOK:Niles Precinct 46,Niles, 46,109,0,4,38,3,5,97,7,0,49,4,0,0,7,0,323
COOK:8200047,COOK:Niles Precinct 47,Niles, 47,49,0,1,13,1,2,129,1,0,33,0,0,0,1,0,230
COOK:8200048,COOK:Niles Precinct 48,Niles, 48,61,0,2,23,2,0,47,8,0,39,2,0,0,1,0,185
COOK:8200049,COOK:Niles Precinct 49,Niles, 49,213,2,25,8,4,3,150,45,0,76,5,0,0,5,0,536
COOK:8200050,COOK:Niles Precinct 50,Niles, 50,103,1,8,37,2,1,40,20,0,44,1,2,0,11,1,271
COOK:8200051,COOK:Niles Precinct 51,Niles, 51,47,1,4,14,2,3,32,1,0,39,0,0,0,2,0,145
COOK:8200052,COOK:Niles Precinct 52,Niles, 52,51,1,1,29,1,1,33,6,1,54,0,0,0,3,0,181
COOK:8200053,COOK:Niles Precinct 53,Niles, 53,138,3,14,52,4,3,94,26,1,58,1,4,0,5,2,405
COOK:8200054,COOK:Niles Precinct 54,Niles, 54,54,1,10,12,2,0,33,5,0,33,0,2,0,4,1,157
COOK:8200055,COOK:Niles Precinct 55,Niles, 55,78,1,3,30,1,0,37,13,0,33,0,0,0,3,0,199
COOK:8200056,COOK:Niles Precinct 56,Niles, 56,107,0,1,26,2,3,79,33,1,80,1,4,1,2,0,340
COOK:8200057,COOK:Niles Precinct 57,Niles, 57,88,0,9,34,3,2,49,17,0,79,0,0,0,5,1,287
COOK:8200058,COOK:Niles Precinct 58,Niles, 58,111,1,12,59,1,3,55,18,0,49,1,2,3,4,0,319
COOK:8200059,COOK:Niles Precinct 59,Niles, 59,121,1,4,48,3,1,89,14,0,94,0,3,0,9,1,388
COOK:8200060,COOK:Niles Precinct 60,Niles, 60,123,2,6,39,9,7,112,9,2,65,1,2,3,2,0,382
COOK:8200061,COOK:Niles Precinct 61,Niles, 61,85,1,10,60,1,2,62,16,0,85,3,1,1,1,1,329
COOK:8200062,COOK:Niles Precinct 62,Niles, 62,53,1,5,14,1,1,28,8,0,30,0,0,1,2,0,144
COOK:8300004,COOK:Northfield Precinct 4,Northfield, 4,58,0,0,24,2,5,86,8,0,39,1,0,0,0,0,223
COOK:8300005,COOK:Northfield Precinct 5,Northfield, 5,55,0,4,4,1,1,51,9,0,26,0,0,0,1,0,152
COOK:8300006,COOK:Northfield Precinct 6,Northfield, 6,68,0,3,17,1,2,92,55,0,17,0,0,0,2,1,258
COOK:8300007,COOK:Northfield Precinct 7,Northfield, 7,106,1,7,5,0,4,186,32,1,34,0,1,2,3,1,383
COOK:8300008,COOK:Northfield Precinct 8,Northfield, 8,68,0,3,4,3,0,86,43,1,11,2,1,1,1,0,224
COOK:8300009,COOK:Northfield Precinct 9,Northfield, 9,53,0,1,2,1,1,56,70,0,17,6,0,1,5,1,214
COOK:8300010,COOK:Northfield Precinct 10,Northfield, 10,58,3,4,12,1,4,71,16,0,30,0,0,1,2,0,202
COOK:8300012,COOK:Northfield Precinct 12,Northfield, 12,131,2,3,7,2,0,181,63,0,50,2,3,0,1,1,446
COOK:8300013,COOK:Northfield Precinct 13,Northfield, 13,38,3,0,11,4,1,108,4,1,26,1,1,1,8,1,208
COOK:8300019,COOK:Northfield Precinct 19,Northfield, 19,80,1,1,7,1,1,140,40,0,29,0,0,0,1,0,301
COOK:8300020,COOK:Northfield Precinct 20,Northfield, 20,91,1,2,2,4,4,118,18,1,19,0,0,1,0,1,262
COOK:8300021,COOK:Northfield Precinct 21,Northfield, 21,109,1,0,9,2,1,161,54,0,44,0,0,0,3,0,384
COOK:8300023,COOK:Northfield Precinct 23,Northfield, 23,55,0,1,2,1,1,54,51,0,7,1,0,0,3,0,176
COOK:8300024,COOK:Northfield Precinct 24,Northfield, 24,81,0,3,8,3,0,104,23,0,29,1,1,0,1,0,254
COOK:8300025,COOK:Northfield Precinct 25,Northfield, 25,39,1,1,4,0,0,100,20,0,40,1,1,0,0,0,207
COOK:8300027,COOK:Northfield Precinct 27,Northfield, 27,48,2,6,9,4,0,85,11,0,36,0,1,0,4,0,206
COOK:8300030,COOK:Northfield Precinct 30,Northfield, 30,89,0,0,2,1,1,116,58,0,38,1,2,0,2,0,310
COOK:8300031,COOK:Northfield Precinct 31,Northfield, 31,70,3,0,8,1,0,99,31,1,47,2,2,1,5,1,271
COOK:8300033,COOK:Northfield Precinct 33,Northfield, 33,15,0,1,1,3,0,10,5,0,16,0,0,0,1,1,53
COOK:8300035,COOK:Northfield Precinct 35,Northfield, 35,56,0,2,6,0,2,79,41,1,37,0,0,0,1,1,226
COOK:8300037,COOK:Northfield Precinct 37,Northfield, 37,103,2,1,3,3,2,85,92,8,63,8,0,0,3,0,373
COOK:8300038,COOK:Northfield Precinct 38,Northfield, 38,46,0,4,10,1,0,85,16,0,37,0,1,0,0,1,201
COOK:8300039,COOK:Northfield Precinct 39,Northfield, 39,33,0,0,12,1,4,44,7,0,17,0,1,0,2,2,123
COOK:8300041,COOK:Northfield Precinct 41,Northfield, 41,62,0,0,5,1,0,160,16,0,14,0,1,0,1,0,260
COOK:8300042,COOK:Northfield Precinct 42,Northfield, 42,58,0,2,8,1,0,102,15,0,25,1,1,0,0,1,214
COOK:8300043,COOK:Northfield Precinct 43,Northfield, 43,2,0,0,1,0,0,1,0,0,1,0,0,0,0,0,5
COOK:8300044,COOK:Northfield Precinct 44,Northfield, 44,74,0,2,2,1,1,90,14,0,17,0,0,0,2,0,203
COOK:8300045,COOK:Northfield Precinct 45,Northfield, 45,46,0,3,5,3,1,84,19,0,15,1,1,1,0,0,179
COOK:8300048,COOK:Northfield Precinct 48,Northfield, 48,51,0,2,5,0,0,114,8,0,24,0,1,0,3,1,209
COOK:8300049,COOK:Northfield Precinct 49,Northfield, 49,39,1,1,15,1,1,64,5,1,22,1,0,0,3,0,154
COOK:8300051,COOK:Northfield Precinct 51,Northfield, 51,146,2,7,8,2,8,326,63,1,64,2,0,2,8,1,640
COOK:8300052,COOK:Northfield Precinct 52,Northfield, 52,67,1,3,3,0,1,149,32,0,23,1,0,0,3,0,283
COOK:8300053,COOK:Northfield Precinct 53,Northfield, 53,64,0,1,1,1,0,175,8,1,13,1,1,1,6,0,273
COOK:8300056,COOK:Northfield Precinct 56,Northfield, 56,99,0,1,16,2,2,129,29,0,39,0,0,0,2,0,319
COOK:8300057,COOK:Northfield Precinct 57,Northfield, 57,35,1,1,6,6,0,79,11,0,33,2,1,0,1,0,176
COOK:9600006,COOK:Wheeling Precinct 6,Wheeling, 6,42,1,0,2,3,0,52,4,0,17,1,3,0,3,0,128
COOK:9600008,COOK:Wheeling Precinct 8,Wheeling, 8,100,4,6,9,2,3,83,5,1,61,1,3,0,0,2,280
COOK:9600011,COOK:Wheeling Precinct 11,Wheeling, 11,33,0,3,0,2,1,17,4,1,16,1,0,0,1,1,80
COOK:9600012,COOK:Wheeling Precinct 12,Wheeling, 12,80,0,8,6,4,0,62,8,1,34,3,3,2,1,1,213
COOK:9600016,COOK:Wheeling Precinct 16,Wheeling, 16,10,0,3,4,5,0,7,2,1,28,1,1,0,2,0,64
COOK:9600017,COOK:Wheeling Precinct 17,Wheeling, 17,45,1,3,7,2,2,34,2,1,30,2,3,2,0,0,134
COOK:9600021,COOK:Wheeling Precinct 21,Wheeling, 21,57,1,3,4,6,4,39,7,2,27,1,0,1,0,0,152
COOK:9600027,COOK:Wheeling Precinct 27,Wheeling, 27,113,0,1,7,3,3,99,24,3,48,0,4,1,1,0,307
COOK:9600028,COOK:Wheeling Precinct 28,Wheeling, 28,80,2,8,4,9,3,78,15,1,48,1,6,3,2,1,261
COOK:9600030,COOK:Wheeling Precinct 30,Wheeling, 30,86,4,4,6,4,3,64,12,1,60,2,2,1,3,0,252
COOK:9600038,COOK:Wheeling Precinct 38,Wheeling, 38,65,3,4,0,6,6,67,3,1,67,0,2,1,4,0,229
COOK:9600040,COOK:Wheeling Precinct 40,Wheeling, 40,3,0,1,0,1,0,1,0,0,1,0,0,0,0,0,7
COOK:9600043,COOK:Wheeling Precinct 43,Wheeling, 43,50,1,2,7,7,2,31,2,0,38,0,2,0,0,0,142
COOK:9600044,COOK:Wheeling Precinct 44,Wheeling, 44,88,3,4,11,3,1,48,10,1,32,1,2,0,3,0,207
COOK:9600046,COOK:Wheeling Precinct 46,Wheeling, 46,29,1,1,3,3,0,16,2,0,9,0,1,0,1,0,66
COOK:9600047,COOK:Wheeling Precinct 47,Wheeling, 47,29,1,4,3,5,0,9,3,0,5,0,0,0,2,0,61
COOK:9600048,COOK:Wheeling Precinct 48,Wheeling, 48,7,0,1,3,0,1,2,1,0,2,0,0,0,0,0,17
COOK:9600051,COOK:Wheeling Precinct 51,Wheeling, 51,70,4,1,1,10,4,59,3,0,52,2,1,1,3,1,212
COOK:9600052,COOK:Wheeling Precinct 52,Wheeling, 52,133,1,6,6,5,9,113,14,1,59,0,2,3,6,1,359
COOK:9600053,COOK:Wheeling Precinct 53,Wheeling, 53,76,2,5,2,8,1,51,15,1,42,1,2,0,2,1,209
COOK:9600054,COOK:Wheeling Precinct 54,Wheeling, 54,46,1,2,5,5,1,62,20,0,37,0,0,1,0,0,180
COOK:9600056,COOK:Wheeling Precinct 56,Wheeling, 56,49,1,5,8,3,1,44,4,1,31,0,2,1,2,0,152
COOK:9600058,COOK:Wheeling Precinct 58,Wheeling, 58,58,2,1,2,2,0,57,5,1,45,0,1,0,0,0,174
COOK:9600060,COOK:Wheeling Precinct 60,Wheeling, 60,76,2,2,7,4,1,72,14,1,26,1,3,1,1,1,212
COOK:9600061,COOK:Wheeling Precinct 61,Wheeling, 61,82,0,3,7,4,4,70,25,0,48,0,4,0,3,0,250
COOK:9600063,COOK:Wheeling Precinct 63,Wheeling, 63,14,1,1,2,3,0,18,0,1,16,2,2,0,0,0,60
COOK:9600065,COOK:Wheeling Precinct 65,Wheeling, 65,88,3,5,9,2,3,66,9,1,67,0,3,1,1,0,258
COOK:9600066,COOK:Wheeling Precinct 66,Wheeling, 66,88,1,9,5,5,6,70,12,1,52,2,0,0,10,0,261
COOK:9600067,COOK:Wheeling Precinct 67,Wheeling, 67,48,1,3,12,1,1,44,5,0,27,0,2,1,1,0,146
COOK:9600068,COOK:Wheeling Precinct 68,Wheeling, 68,57,2,6,2,4,3,42,3,0,47,1,0,2,0,0,169
COOK:9600069,COOK:Wheeling Precinct 69,Wheeling, 69,120,2,4,2,1,4,123,46,1,33,2,0,0,2,0,340
COOK:9600070,COOK:Wheeling Precinct 70,Wheeling, 70,101,3,1,4,3,8,91,6,0,70,0,2,3,15,2,309
COOK:9600072,COOK:Wheeling Precinct 72,Wheeling, 72,45,1,2,2,4,4,46,5,0,36,0,0,0,1,0,146
COOK:9600075,COOK:Wheeling Precinct 75,Wheeling, 75,68,0,4,9,2,3,48,8,1,40,0,2,3,1,2,191
COOK:9600077,COOK:Wheeling Precinct 77,Wheeling, 77,28,1,1,5,6,0,9,3,0,24,1,3,0,0,0,81
COOK:9600079,COOK:Wheeling Precinct 79,Wheeling, 79,49,1,2,5,4,2,46,7,1,34,0,1,0,3,1,156
COOK:9600080,COOK:Wheeling Precinct 80,Wheeling, 80,32,1,3,3,10,2,25,7,0,33,0,2,0,0,0,118
LAKE:CUBA 66,LAKE:CUBA 66,CUBA,66,14,1,0,0,2,1,17,7,1,23,1,3,1,1,0,72
LAKE:CUBA 67,LAKE:CUBA 67,CUBA,67,36,0,1,4,2,1,52,15,1,50,0,2,1,2,0,167
LAKE:CUBA 68,LAKE:CUBA 68,CUBA,68,74,2,6,4,1,0,54,8,0,42,1,3,0,5,0,200
LAKE:CUBA 69,LAKE:CUBA 69,CUBA,69,38,0,1,7,0,0,32,2,0,37,0,0,0,2,0,119
LAKE:CUBA 70,LAKE:CUBA 70,CUBA,70,96,1,6,3,2,7,88,19,0,18,3,1,0,3,0,247
LAKE:CUBA 71,LAKE:CUBA 71,CUBA,71,108,3,2,2,4,0,85,16,1,19,2,3,0,6,0,251
LAKE:ELA 79,LAKE:ELA 79,ELA,79,43,1,1,6,3,1,35,6,1,28,1,1,0,3,0,130
LAKE:ELA 80,LAKE:ELA 80,ELA,80,80,1,3,5,3,1,35,6,1,36,3,0,1,1,1,177
LAKE:ELA 81,LAKE:ELA 81,ELA,81,49,1,4,1,4,1,31,7,0,27,1,0,0,2,0,128
LAKE:ELA 82,LAKE:ELA 82,ELA,82,51,1,6,9,1,5,40,6,2,43,3,2,0,6,1,176
LAKE:ELA 83,LAKE:ELA 83,ELA,83,71,0,0,2,4,6,40,9,0,45,1,0,0,1,1,180
LAKE:ELA 87,LAKE:ELA 87,ELA,87,53,2,1,0,1,1,47,14,0,27,2,1,0,1,0,150
LAKE:ELA 88,LAKE:ELA 88,ELA,88,54,1,0,4,1,2,29,9,0,40,0,1,1,1,0,143
LAKE:ELA 89,LAKE:ELA 89,ELA,89,43,1,1,12,4,1,31,5,0,34,3,1,0,3,0,139
LAKE:ELA 90,LAKE:ELA 90,ELA,90,51,4,2,7,1,1,55,6,1,38,4,0,1,0,1,172
LAKE:FREMONT 115,LAKE:FREMONT 115,FREMONT,115,41,0,4,7,3,1,44,13,0,32,0,0,1,2,1,149
LAKE:FREMONT 118,LAKE:FREMONT 118,FREMONT,118,64,2,2,1,4,2,49,6,4,56,1,1,1,3,0,196
LAKE:VERNON 270,LAKE:VERNON 270,VERNON,270,55,1,3,3,0,0,29,4,0,18,0,2,1,2,0,118
LAKE:VERNON 275,LAKE:VERNON 275,VERNON,275,29,0,2,2,2,1,18,9,0,13,0,1,0,2,1,80
LAKE:VERNON 276,LAKE:VERNON 276,VERNON,276,64,1,3,2,2,3,78,4,0,33,0,0,1,6,0,197
LAKE:VERNON 283,LAKE:VERNON 283,VERNON,283,75,1,1,3,1,2,67,7,0,41,0,0,5,3,0,206
LAKE:VERNON 284,LAKE:VERNON 284,VERNON,284,134,1,6,2,1,4,110,6,1,34,0,0,2,8,0,309
LAKE:VERNON 285,LAKE:VERNON 285,VERNON,285,96,0,1,4,2,2,66,4,1,31,0,3,2,0,0,212
LAKE:VERNON 288,LAKE:VERNON 288,VERNON,288,121,2,1,4,1,3,70,5,0,47,0,1,4,2,3,264
LAKE:VERNON 289,LAKE:VERNON 289,VERNON,289,91,3,4,0,2,1,50,9,0,20,0,0,1,1,1,183
LAKE:VERNON 290,LAKE:VERNON 290,VERNON,290,94,2,0,1,2,3,53,6,0,25,0,1,1,2,2,192
LAKE:WAUCONDA 344,LAKE:WAUCONDA 344,WAUCONDA,344,41,0,2,3,10,0,40,5,0,37,0,1,0,1,0,140
LAKE:WAUCONDA 346,LAKE:WAUCONDA 346,WAUCONDA,346,36,3,0,2,8,1,28,4,0,34,2,0,2,3,0,123
LAKE:WAUCONDA 347,LAKE:WAUCONDA 347,WAUCONDA,347,35,1,4,6,3,0,26,6,0,24,1,0,2,1,1,110
LAKE:WAUCONDA 350,LAKE:WAUCONDA 350,WAUCONDA,350,0,0,0,0,0,0,0,0,0,0,0,0,0,0,0,0
LAKE:WAUCONDA 353,LAKE:WAUCONDA 353,WAUCONDA,353,30,0,3,2,5,1,20,4,0,27,0,7,0,0,1,100
LAKE:WAUCONDA 354,LAKE:WAUCONDA 354,WAUCONDA,354,61,2,4,6,3,1,39,11,0,36,0,2,0,1,0,166
MCHENRY:ALG 1,MCHENRY:ALG 1,Algonquin,1,55,1,1,3,0,1,40,16,0,33,0,1,1,2,0,154
MCHENRY:ALG 10,MCHENRY:ALG 10,Algonquin,10,21,1,4,5,5,3,24,6,1,41,0,2,1,0,0,114
MCHENRY:ALG 11,MCHENRY:ALG 11,Algonquin,11,52,1,0,5,2,1,20,2,0,37,1,2,1,2,1,127
MCHENRY:ALG 12,MCHENRY:ALG 12,Algonquin,12,33,0,1,6,1,1,34,12,0,41,0,2,1,5,1,138
MCHENRY:ALG 13,MCHENRY:ALG 13,Algonquin,13,44,1,2,2,4,1,28,8,0,34,0,2,0,1,1,128
MCHENRY:ALG 14,MCHENRY:ALG 14,Algonquin,14,44,1,2,2,2,0,48,10,0,48,1,2,0,7,0,167
MCHENRY:ALG 15,MCHENRY:ALG 15,Algonquin,15,31,0,0,0,4,0,24,6,0,24,0,1,1,0,1,92
MCHENRY:ALG 16,MCHENRY:ALG 16,Algonquin,16,27,2,5,2,9,0,20,9,0,55,0,2,0,0,0,131
MCHENRY:ALG 17,MCHENRY:ALG 17,Algonquin,17,38,2,4,5,0,1,28,4,0,30,2,1,2,1,0,118
MCHENRY:ALG 18,MCHENRY:ALG 18,Algonquin,18,54,1,1,4,9,3,46,20,0,35,2,0,1,6,2,184
MCHENRY:ALG 19,MCHENRY:ALG 19,Algonquin,19,22,1,2,4,1,2,15,6,0,34,0,1,0,8,0,96
MCHENRY:ALG 2,MCHENRY:ALG 2,Algonquin,2,64,0,7,2,2,2,47,16,0,68,2,3,1,2,1,217
MCHENRY:ALG 20,MCHENRY:ALG 20,Algonquin,20,30,0,5,12,1,2,32,5,0,43,0,1,0,9,0,140
MCHENRY:ALG 21,MCHENRY:ALG 21,Algonquin,21,44,2,2,2,4,3,40,2,0,46,5,1,1,12,1,165
MCHENRY:ALG 22,MCHENRY:ALG 22,Algonquin,22,46,4,7,1,8,2,30,15,0,54,1,0,1,7,1,177
MCHENRY:ALG 23,MCHENRY:ALG 23,Algonquin,23,29,2,3,3,3,0,33,4,0,17,0,1,0,11,0,106
MCHENRY:ALG 24,MCHENRY:ALG 24,Algonquin,24,22,0,4,1,3,0,12,2,0,30,2,0,0,1,0,77
MCHENRY:ALG 25,MCHENRY:ALG 25,Algonquin,25,27,1,2,3,1,1,22,5,0,38,0,0,0,3,2,105
MCHENRY:ALG 26,MCHENRY:ALG 26,Algonquin,26,29,0,3,4,2,1,19,4,0,25,0,1,1,1,0,90
MCHENRY:ALG 27,MCHENRY:ALG 27,Algonquin,27,23,2,2,4,6,2,31,5,0,31,0,5,1,5,0,117
MCHENRY:ALG 28,MCHENRY:ALG 28,Algonquin,28,64,2,6,2,1,1,63,8,0,72,2,2,1,2,0,226
MCHENRY:ALG 29,MCHENRY:ALG 29,Algonquin,29,27,3,2,3,2,0,19,4,0,33,2,2,1,2,1,101
MCHENRY:ALG 3,MCHENRY:ALG 3,Algonquin,3,47,0,2,8,2,0,23,8,0,38,4,3,0,4,0,139
MCHENRY:ALG 30,MCHENRY:ALG 30,Algonquin,30,18,3,4,2,2,2,19,4,1,50,0,0,0,1,0,106
MCHENRY:ALG 31,MCHENRY:ALG 31,Algonquin,31,21,1,4,3,4,0,25,5,0,71,0,0,1,3,0,138
MCHENRY:ALG 32,MCHENRY:ALG 32,Algonquin,32,41,1,0,3,0,1,44,11,0,27,1,2,1,1,0,133
MCHENRY:ALG 33,MCHENRY:ALG 33,Algonquin,33,54,0,5,8,3,2,27,5,1,55,9,3,2,2,0,176
MCHENRY:ALG 34,MCHENRY:ALG 34,Algonquin,34,37,2,5,3,5,0,26,11,1,40,0,3,0,1,1,135
MCHENRY:ALG 35,MCHENRY:ALG 35,Algonquin,35,22,2,7,1,3,0,25,9,0,40,1,1,1,3,0,115
MCHENRY:ALG 36,MCHENRY:ALG 36,Algonquin,36,34,0,4,6,0,1,19,4,0,54,0,1,0,0,0,123
MCHENRY:ALG 37,MCHENRY:ALG 37,Algonquin,37,36,0,4,2,2,2,19,15,0,17,0,2,1,1,1,102
MCHENRY:ALG 38,MCHENRY:ALG 38,Algonquin,38,35,0,2,2,5,1,30,9,1,33,0,0,0,3,1,122
MCHENRY:ALG 39,MCHENRY:ALG 39,Algonquin,39,43,2,3,3,1,2,20,6,0,42,0,3,0,0,0,125
MCHENRY:ALG 4,MCHENRY:ALG 4,Algonquin,4,28,1,6,4,5,0,35,5,0,56,1,1,2,5,0,149
MCHENRY:ALG 40,MCHENRY:ALG 40,Algonquin,40,27,3,7,4,3,0,29,9,0,35,1,0,0,0,0,118
MCHENRY:ALG 41,MCHENRY:ALG 41,Algonquin,41,27,3,2,8,2,0,33,10,1,34,2,2,2,2,0,128
MCHENRY:ALG 42,MCHENRY:ALG 42,Algonquin,42,38,1,0,1,3,2,43,11,0,47,2,6,2,16,0,172
MCHENRY:ALG 43,MCHENRY:ALG 43,Algonquin,43,17,1,0,3,5,0,21,4,0,28,0,1,2,3,0,85
MCHENRY:ALG 44,MCHENRY:ALG 44,Algonquin,44,23,2,2,2,1,2,26,1,2,34,4,1,1,3,0,104
MCHENRY:ALG 45,MCHENRY:ALG 45,Algonquin,45,45,2,0,4,5,0,33,12,0,43,0,3,1,2,1,151
MCHENRY:ALG 46,MCHENRY:ALG 46,Algonquin,46,24,3,2,9,5,2,46,11,0,69,0,0,2,4,1,178
MCHENRY:ALG 47,MCHENRY:ALG 47,Algonquin,47,31,0,0,5,7,1,37,14,0,45,2,2,0,1,0,145
MCHENRY:ALG 48,MCHENRY:ALG 48,Algonquin,48,37,19,0,3,0,0,29,17,0,44,0,0,0,5,1,155
MCHENRY:ALG 49,MCHENRY:ALG 49,Algonquin,49,28,2,3,4,3,0,39,2,0,32,0,2,3,3,1,122
MCHENRY:ALG 5,MCHENRY:ALG 5,Algonquin,5,31,2,7,3,5,3,38,1,0,63,1,0,1,0,0,155
MCHENRY:ALG 50,MCHENRY:ALG 50,Algonquin,50,44,1,9,0,2,2,35,9,2,50,6,1,0,1,0,162
MCHENRY:ALG 51,MCHENRY:ALG 51,Algonquin,51,46,1,1,3,3,0,42,9,0,56,3,0,0,2,1,167
MCHENRY:ALG 52,MCHENRY:ALG 52,Algonquin,52,33,3,3,3,3,2,29,14,0,51,5,1,0,7,0,154
MCHENRY:ALG 53,MCHENRY:ALG 53,Algonquin,53,29,4,1,3,4,0,22,9,0,36,0,0,0,3,0,111
MCHENRY:ALG 54,MCHENRY:ALG 54,Algonquin,54,20,0,10,1,1,1,25,7,0,41,1,1,2,2,2,114
MCHENRY:ALG 55,MCHENRY:ALG 55,Algonquin,55,45,2,11,4,5,4,27,9,1,54,3,2,0,4,0,171
MCHENRY:ALG 56,MCHENRY:ALG 56,Algonquin,56,39,1,6,5,1,1,39,12,0,61,4,2,0,2,0,173
MCHENRY:ALG 57,MCHENRY:ALG 57,Algonquin,57,38,0,11,3,2,2,36,18,0,40,0,0,0,1,2,153
MCHENRY:ALG 58,MCHENRY:ALG 58,Algonquin,58,52,1,3,5,3,1,25,5,0,62,0,5,0,0,0,162
MCHENRY:ALG 59,MCHENRY:ALG 59,Algonquin,59,45,0,1,3,3,3,44,7,0,38,1,3,1,2,1,152
MCHENRY:ALG 6,MCHENRY:ALG 6,Algonquin,6,35,0,8,5,0,0,37,6,1,41,3,1,1,2,0,140
MCHENRY:ALG 60,MCHENRY:ALG 60,Algonquin,60,65,0,5,2,1,0,25,7,0,26,0,2,0,1,1,135
MCHENRY:ALG 61,MCHENRY:ALG 61,Algonquin,61,28,4,2,5,4,2,33,6,1,45,4,3,0,9,0,146
MCHENRY:ALG 62,MCHENRY:ALG 62,Algonquin,62,46,3,3,2,1,1,34,6,0,39,0,3,1,3,0,142
MCHENRY:ALG 63,MCHENRY:ALG 63,Algonquin,63,38,14,2,2,2,1,35,7,1,53,1,0,0,4,1,161
MCHENRY:ALG 7,MCHENRY:ALG 7,Algonquin,7,26,1,2,2,1,0,25,9,1,45,2,2,0,2,0,118
MCHENRY:ALG 8,MCHENRY:ALG 8,Algonquin,8,58,1,4,3,3,1,42,8,0,57,0,2,1,1,2,183
MCHENRY:ALG 9,MCHENRY:ALG 9,Algonquin,9,58,2,6,1,2,2,34,12,0,31,0,0,0,2,1,151
