JoinField,JoinField_alt,Ted Dabrowski & Carrie Mendoza,James Mendrick & Robert Renteria,Darren Bailey & Aaron B. Del Mar,Rick Heidner & Christina Neitzke-Troike,Total Voters
COOK:7000001,COOK:Barrington Precinct 1,52,3,36,37,128
COOK:7000002,COOK:Barrington Precinct 2,36,2,12,27,77
COOK:7000003,COOK:Barrington Precinct 3,39,9,22,32,102
COOK:7000004,COOK:Barrington Precinct 4,50,7,28,112,197
COOK:7000005,COOK:Barrington Precinct 5,45,2,18,92,157
COOK:7000006,COOK:Barrington Precinct 6,45,2,24,42,113
COOK:7000007,COOK:Barrington Precinct 7,11,0,4,13,28
COOK:7000008,COOK:Barrington Precinct 8,52,9,31,84,176
COOK:7000009,COOK:Barrington Precinct 9,10,5,11,37,63
COOK:7000010,COOK:Barrington Precinct 10,30,7,22,24,83
COOK:7000011,COOK:Barrington Precinct 11,21,4,25,60,110
COOK:9901001,COOK:Berwyn Ward 1 Precinct 1,4,1,10,2,17
COOK:9901002,COOK:Berwyn Ward 1 Precinct 2,10,3,5,1,19
COOK:9901003,COOK:Berwyn Ward 1 Precinct 3,9,5,7,6,27
COOK:9901004,COOK:Berwyn Ward 1 Precinct 4,22,1,11,6,40
COOK:9902001,COOK:Berwyn Ward 2 Precinct 1,6,2,11,2,21
COOK:9902002,COOK:Berwyn Ward 2 Precinct 2,3,2,8,4,17
COOK:9902003,COOK:Berwyn Ward 2 Precinct 3,12,3,8,6,29
COOK:9902004,COOK:Berwyn Ward 2 Precinct 4,10,7,6,4,27
COOK:9903001,COOK:Berwyn Ward 3 Precinct 1,16,5,8,4,33
COOK:9903002,COOK:Berwyn Ward 3 Precinct 2,13,2,5,2,22
COOK:9903003,COOK:Berwyn Ward 3 Precinct 3,11,4,6,6,27
COOK:9903004,COOK:Berwyn Ward 3 Precinct 4,10,1,2,2,15
COOK:9904001,COOK:Berwyn Ward 4 Precinct 1,5,5,8,1,19
COOK:9904002,COOK:Berwyn Ward 4 Precinct 2,10,3,5,1,19
COOK:9904003,COOK:Berwyn Ward 4 Precinct 3,7,0,5,1,13
COOK:9904004,COOK:Berwyn Ward 4 Precinct 4,3,0,6,1,10
COOK:9905001,COOK:Berwyn Ward 5 Precinct 1,10,1,7,1,19
COOK:9905002,COOK:Berwyn Ward 5 Precinct 2,1,4,3,1,9
COOK:9905003,COOK:Berwyn Ward 5 Precinct 3,2,0,5,4,11
COOK:9906001,COOK:Berwyn Ward 6 Precinct 1,1,0,4,2,7
COOK:9906002,COOK:Berwyn Ward 6 Precinct 2,6,1,8,0,15
COOK:9906003,COOK:Berwyn Ward 6 Precinct 3,7,1,2,1,11
COOK:9906004,COOK:Berwyn Ward 6 Precinct 4,10,1,4,1,16
COOK:9907001,COOK:Berwyn Ward 7 Precinct 1,4,3,8,0,15
COOK:9907002,COOK:Berwyn Ward 7 Precinct 2,7,2,7,1,17
COOK:9907003,COOK:Berwyn Ward 7 Precinct 3,6,3,14,1,24
COOK:9907004,COOK:Berwyn Ward 7 Precinct 4,5,5,9,3,22
COOK:9908001,COOK:Berwyn Ward 8 Precinct 1,8,4,10,0,22
COOK:9908002,COOK:Berwyn Ward 8 Precinct 2,6,2,14,3,25
COOK:9908003,COOK:Berwyn Ward 8 Precinct 3,6,0,3,0,9
COOK:7100001,COOK:Bloom Precinct 1,9,0,7,6,22
COOK:7100002,COOK:Bloom Precinct 2,13,5,11,4,33
COOK:7100003,COOK:Bloom Precinct 3,5,1,5,0,11
COOK:7100004,COOK:Bloom Precinct 4,10,6,9,2,27
COOK:7100005,COOK:Bloom Precinct 5,20,0,21,5,46
COOK:7100006,COOK:Bloom Precinct 6,1,0,0,0,1
COOK:7100007,COOK:Bloom Precinct 7,20,4,21,1,46
COOK:7100008,COOK:Bloom Precinct 8,17,4,27,5,53
COOK:7100009,COOK:Bloom Precinct 9,22,5,5,6,38
COOK:7100010,COOK:Bloom Precinct 10,0,0,0,0,0
COOK:7100011,COOK:Bloom Precinct 11,8,1,21,4,34
COOK:7100012,COOK:Bloom Precinct 12,2,3,10,4,19
COOK:7100013,COOK:Bloom Precinct 13,9,2,10,1,22
COOK:7100014,COOK:Bloom Precinct 14,21,1,13,2,37
COOK:7100015,COOK:Bloom Precinct 15,18,8,13,2,41
COOK:7100016,COOK:Bloom Precinct 16,8,2,11,1,22
COOK:7100017,COOK:Bloom Precinct 17,2,4,4,0,10
COOK:7100018,COOK:Bloom Precinct 18,7,0,4,2,13
COOK:7100019,COOK:Bloom Precinct 19,3,1,7,2,13
COOK:7100020,COOK:Bloom Precinct 20,22,3,6,6,37
COOK:7100021,COOK:Bloom Precinct 21,0,0,0,0,0
COOK:7100022,COOK:Bloom Precinct 22,4,2,7,1,14
COOK:7100023,COOK:Bloom Precinct 23,0,1,5,1,7
COOK:7100024,COOK:Bloom Precinct 24,12,2,7,3,24
COOK:7100025,COOK:Bloom Precinct 25,3,1,4,1,9
COOK:7100026,COOK:Bloom Precinct 26,2,2,3,0,7
COOK:7100027,COOK:Bloom Precinct 27,6,2,10,2,20
COOK:7100028,COOK:Bloom Precinct 28,8,3,12,5,28
COOK:7100029,COOK:Bloom Precinct 29,1,0,2,0,3
COOK:7100030,COOK:Bloom Precinct 30,13,6,11,5,35
COOK:7100031,COOK:Bloom Precinct 31,21,4,11,0,36
COOK:7100032,COOK:Bloom Precinct 32,7,5,14,3,29
COOK:7100033,COOK:Bloom Precinct 33,5,0,4,0,9
COOK:7100034,COOK:Bloom Precinct 34,7,2,11,3,23
COOK:7100035,COOK:Bloom Precinct 35,2,0,2,1,5
COOK:7100036,COOK:Bloom Precinct 36,12,0,2,2,16
COOK:7100037,COOK:Bloom Precinct 37,4,0,1,0,5
COOK:7100038,COOK:Bloom Precinct 38,8,2,6,1,17
COOK:7100039,COOK:Bloom Precinct 39,3,0,4,1,8
COOK:7100040,COOK:Bloom Precinct 40,20,1,17,5,43
COOK:7100041,COOK:Bloom Precinct 41,3,0,6,1,10
COOK:7100042,COOK:Bloom Precinct 42,10,2,7,2,21
COOK:7100043,COOK:Bloom Precinct 43,0,0,0,1,1
COOK:7100044,COOK:Bloom Precinct 44,13,3,13,7,36
COOK:7100045,COOK:Bloom Precinct 45,6,2,7,1,16
COOK:7100046,COOK:Bloom Precinct 46,4,0,6,3,13
COOK:7100047,COOK:Bloom Precinct 47,14,8,20,5,47
COOK:7100048,COOK:Bloom Precinct 48,3,2,9,3,17
COOK:7100049,COOK:Bloom Precinct 49,5,2,3,1,11
COOK:7100050,COOK:Bloom Precinct 50,25,0,6,1,32
COOK:7100051,COOK:Bloom Precinct 51,1,0,2,0,3
COOK:7100052,COOK:Bloom Precinct 52,0,1,3,0,4
COOK:7100053,COOK:Bloom Precinct 53,5,0,9,0,14
COOK:7100054,COOK:Bloom Precinct 54,8,3,8,5,24
COOK:7200001,COOK:Bremen Precinct 1,2,1,2,0,5
COOK:7200002,COOK:Bremen Precinct 2,3,0,2,0,5
COOK:7200003,COOK:Bremen Precinct 3,35,6,32,11,84
COOK:7200004,COOK:Bremen Precinct 4,19,6,17,2,44
COOK:7200005,COOK:Bremen Precinct 5,6,5,13,4,28
COOK:7200006,COOK:Bremen Precinct 6,13,4,26,8,51
COOK:7200007,COOK:Bremen Precinct 7,0,0,2,1,3
COOK:7200008,COOK:Bremen Precinct 8,2,0,2,1,5
COOK:7200009,COOK:Bremen Precinct 9,23,5,17,6,51
COOK:7200010,COOK:Bremen Precinct 10,31,7,16,12,66
COOK:7200011,COOK:Bremen Precinct 11,23,10,24,15,72
COOK:7200012,COOK:Bremen Precinct 12,4,1,5,0,10
COOK:7200013,COOK:Bremen Precinct 13,14,3,18,8,43
COOK:7200014,COOK:Bremen Precinct 14,12,5,10,2,29
COOK:7200015,COOK:Bremen Precinct 15,31,5,49,12,97
COOK:7200016,COOK:Bremen Precinct 16,27,8,30,7,72
COOK:7200017,COOK:Bremen Precinct 17,3,1,1,0,5
COOK:7200018,COOK:Bremen Precinct 18,27,1,21,9,58
COOK:7200019,COOK:Bremen Precinct 19,24,3,24,10,61
COOK:7200020,COOK:Bremen Precinct 20,27,9,36,17,89
COOK:7200021,COOK:Bremen Precinct 21,7,9,7,0,23
COOK:7200022,COOK:Bremen Precinct 22,14,2,19,10,45
COOK:7200023,COOK:Bremen Precinct 23,0,0,0,1,1
COOK:7200024,COOK:Bremen Precinct 24,28,4,25,16,73
COOK:7200025,COOK:Bremen Precinct 25,17,4,30,9,60
COOK:7200026,COOK:Bremen Precinct 26,3,1,1,3,8
COOK:7200027,COOK:Bremen Precinct 27,18,11,30,4,63
COOK:7200028,COOK:Bremen Precinct 28,12,4,11,9,36
COOK:7200029,COOK:Bremen Precinct 29,1,0,1,3,5
COOK:7200030,COOK:Bremen Precinct 30,19,10,31,10,70
COOK:7200031,COOK:Bremen Precinct 31,0,0,0,2,2
COOK:7200032,COOK:Bremen Precinct 32,8,1,1,1,11
COOK:7200033,COOK:Bremen Precinct 33,27,1,25,9,62
COOK:7200034,COOK:Bremen Precinct 34,18,11,33,20,82
COOK:7200035,COOK:Bremen Precinct 35,3,2,2,0,7
COOK:7200036,COOK:Bremen Precinct 36,13,2,6,4,25
COOK:7200037,COOK:Bremen Precinct 37,2,1,3,1,7
COOK:7200038,COOK:Bremen Precinct 38,11,8,19,9,47
COOK:7200039,COOK:Bremen Precinct 39,1,0,3,0,4
COOK:7200040,COOK:Bremen Precinct 40,11,1,3,2,17
COOK:7200041,COOK:Bremen Precinct 41,16,6,27,9,58
COOK:7200042,COOK:Bremen Precinct 42,26,7,38,6,77
COOK:7200043,COOK:Bremen Precinct 43,1,2,10,4,17
COOK:7200044,COOK:Bremen Precinct 44,25,12,24,7,68
COOK:7200045,COOK:Bremen Precinct 45,2,1,0,0,3
COOK:7200046,COOK:Bremen Precinct 46,1,1,3,1,6
COOK:7200047,COOK:Bremen Precinct 47,1,1,2,0,4
COOK:7200048,COOK:Bremen Precinct 48,1,1,1,0,3
COOK:7200049,COOK:Bremen Precinct 49,2,1,1,0,4
COOK:7200050,COOK:Bremen Precinct 50,47,9,43,18,117
COOK:7200051,COOK:Bremen Precinct 51,1,0,3,3,7
COOK:7200052,COOK:Bremen Precinct 52,10,5,10,8,33
COOK:7200053,COOK:Bremen Precinct 53,15,8,20,6,49
COOK:7200054,COOK:Bremen Precinct 54,13,4,15,8,40
COOK:7200055,COOK:Bremen Precinct 55,6,4,10,1,21
COOK:7200056,COOK:Bremen Precinct 56,3,0,2,3,8
COOK:9400012,COOK:Bremen Precinct 57,20,3,27,8,58
COOK:7200058,COOK:Bremen Precinct 58,14,8,24,12,58
COOK:7200059,COOK:Bremen Precinct 59,12,2,23,6,43
COOK:7200060,COOK:Bremen Precinct 60,18,6,17,7,48
COOK:7200061,COOK:Bremen Precinct 61,17,6,26,14,63
COOK:7200062,COOK:Bremen Precinct 62,18,6,27,2,53
COOK:7200063,COOK:Bremen Precinct 63,1,0,5,0,6
COOK:7200064,COOK:Bremen Precinct 64,29,5,23,12,69
COOK:7200065,COOK:Bremen Precinct 65,31,3,39,11,84
COOK:7200066,COOK:Bremen Precinct 66,3,2,3,0,8
COOK:7300001,COOK:Calumet Precinct 1,5,1,1,1,8
COOK:7300002,COOK:Calumet Precinct 2,5,1,7,1,14
COOK:7300003,COOK:Calumet Precinct 3,5,2,0,0,7
COOK:7300004,COOK:Calumet Precinct 4,4,0,0,0,4
COOK:7300005,COOK:Calumet Precinct 5,4,0,6,0,10
COOK:7300006,COOK:Calumet Precinct 6,3,1,1,1,6
COOK:7300007,COOK:Calumet Precinct 7,3,0,4,2,9
COOK:7300008,COOK:Calumet Precinct 8,1,2,5,0,8
COOK:7300009,COOK:Calumet Precinct 9,3,0,2,0,5
COOK:7300010,COOK:Calumet Precinct 10,5,0,1,0,6
COOK:7300011,COOK:Calumet Precinct 11,1,0,2,0,3
COOK:9800001,COOK:Cicero Precinct 1,4,2,3,0,9
COOK:9800002,COOK:Cicero Precinct 2,1,0,1,1,3
COOK:9800003,COOK:Cicero Precinct 3,1,2,6,2,11
COOK:9800004,COOK:Cicero Precinct 4,3,1,2,1,7
COOK:9800005,COOK:Cicero Precinct 5,13,5,5,3,26
COOK:9800006,COOK:Cicero Precinct 6,4,1,3,1,9
COOK:9800007,COOK:Cicero Precinct 7,1,2,0,0,3
COOK:9800008,COOK:Cicero Precinct 8,5,0,4,3,12
COOK:9800009,COOK:Cicero Precinct 9,0,5,1,1,7
COOK:9800010,COOK:Cicero Precinct 10,12,0,6,1,19
COOK:9800011,COOK:Cicero Precinct 11,10,4,5,2,21
COOK:9800012,COOK:Cicero Precinct 12,8,3,6,5,22
COOK:9800013,COOK:Cicero Precinct 13,18,5,15,12,50
COOK:9800014,COOK:Cicero Precinct 14,5,0,6,5,16
COOK:9800015,COOK:Cicero Precinct 15,6,4,9,3,22
COOK:9800016,COOK:Cicero Precinct 16,3,1,0,1,5
COOK:9800017,COOK:Cicero Precinct 17,4,3,7,0,14
COOK:9800018,COOK:Cicero Precinct 18,4,2,2,1,9
COOK:9800019,COOK:Cicero Precinct 19,10,5,18,5,38
COOK:9800020,COOK:Cicero Precinct 20,1,0,9,2,12
COOK:9800021,COOK:Cicero Precinct 21,4,9,5,1,19
COOK:9800022,COOK:Cicero Precinct 22,3,1,4,3,11
COOK:9800023,COOK:Cicero Precinct 23,3,2,3,4,12
COOK:9800024,COOK:Cicero Precinct 24,3,2,11,0,16
COOK:9800025,COOK:Cicero Precinct 25,4,2,1,2,9
COOK:9800026,COOK:Cicero Precinct 26,7,3,3,2,15
COOK:9800027,COOK:Cicero Precinct 27,9,6,0,4,19
COOK:9800028,COOK:Cicero Precinct 28,10,2,6,2,20
COOK:9800029,COOK:Cicero Precinct 29,5,2,0,2,9
COOK:9800030,COOK:Cicero Precinct 30,10,2,7,2,21
COOK:9800031,COOK:Cicero Precinct 31,7,2,1,2,12
COOK:7400001,COOK:Elk Grove Precinct 1,37,1,10,3,51
COOK:7400002,COOK:Elk Grove Precinct 2,18,2,8,3,31
COOK:7400003,COOK:Elk Grove Precinct 3,49,11,21,11,92
COOK:7400004,COOK:Elk Grove Precinct 4,28,11,15,7,61
COOK:7400005,COOK:Elk Grove Precinct 5,50,5,18,6,79
COOK:7400006,COOK:Elk Grove Precinct 6,48,9,20,12,89
COOK:7400007,COOK:Elk Grove Precinct 7,36,2,20,8,66
COOK:7400008,COOK:Elk Grove Precinct 8,55,5,28,17,105
COOK:7400009,COOK:Elk Grove Precinct 9,51,5,11,8,75
COOK:7400010,COOK:Elk Grove Precinct 10,59,9,26,8,102
COOK:7400011,COOK:Elk Grove Precinct 11,29,5,23,7,64
COOK:7400012,COOK:Elk Grove Precinct 12,61,13,34,3,111
COOK:7400013,COOK:Elk Grove Precinct 13,11,3,9,1,24
COOK:7400014,COOK:Elk Grove Precinct 14,42,13,23,6,84
COOK:7400015,COOK:Elk Grove Precinct 15,50,6,24,7,87
COOK:7400016,COOK:Elk Grove Precinct 16,36,4,16,6,62
COOK:7400017,COOK:Elk Grove Precinct 17,28,4,15,5,52
COOK:7400018,COOK:Elk Grove Precinct 18,49,8,17,3,77
COOK:7400019,COOK:Elk Grove Precinct 19,45,0,11,4,60
COOK:7400020,COOK:Elk Grove Precinct 20,58,9,40,15,122
COOK:7400021,COOK:Elk Grove Precinct 21,28,3,10,3,44
COOK:7400022,COOK:Elk Grove Precinct 22,17,3,10,11,41
COOK:7400023,COOK:Elk Grove Precinct 23,54,7,34,6,101
COOK:7400024,COOK:Elk Grove Precinct 24,46,5,24,2,77
COOK:7400025,COOK:Elk Grove Precinct 25,29,4,27,2,62
COOK:7400026,COOK:Elk Grove Precinct 26,30,5,10,7,52
COOK:7400027,COOK:Elk Grove Precinct 27,45,6,17,10,78
COOK:7400028,COOK:Elk Grove Precinct 28,25,5,14,4,48
COOK:7400029,COOK:Elk Grove Precinct 29,50,6,22,13,91
COOK:7400030,COOK:Elk Grove Precinct 30,42,5,14,9,70
COOK:7400031,COOK:Elk Grove Precinct 31,35,7,9,4,55
COOK:7400032,COOK:Elk Grove Precinct 32,9,2,8,1,20
COOK:7400033,COOK:Elk Grove Precinct 33,32,7,25,9,73
COOK:7400034,COOK:Elk Grove Precinct 34,68,3,10,9,90
COOK:7400035,COOK:Elk Grove Precinct 35,30,9,10,4,53
COOK:7400036,COOK:Elk Grove Precinct 36,7,1,4,0,12
COOK:7400037,COOK:Elk Grove Precinct 37,42,6,26,9,83
COOK:7400038,COOK:Elk Grove Precinct 38,6,0,6,1,13
COOK:7400039,COOK:Elk Grove Precinct 39,37,6,22,6,71
COOK:7400040,COOK:Elk Grove Precinct 40,18,5,12,5,40
COOK:7400041,COOK:Elk Grove Precinct 41,48,8,20,4,80
COOK:7400042,COOK:Elk Grove Precinct 42,13,5,8,1,27
COOK:7400043,COOK:Elk Grove Precinct 43,58,8,36,14,116
COOK:7400044,COOK:Elk Grove Precinct 44,39,0,9,8,56
COOK:7400045,COOK:Elk Grove Precinct 45,30,7,23,7,67
COOK:7501001,COOK:Evanston Ward 1 Precinct 1,2,0,0,0,2
COOK:7501002,COOK:Evanston Ward 1 Precinct 2,6,1,2,1,10
COOK:7501003,COOK:Evanston Ward 1 Precinct 3,2,0,2,2,6
COOK:7501004,COOK:Evanston Ward 1 Precinct 4,10,0,8,3,21
COOK:7502001,COOK:Evanston Ward 2 Precinct 1,13,2,2,3,20
COOK:7502002,COOK:Evanston Ward 2 Precinct 2,2,1,2,1,6
COOK:7502003,COOK:Evanston Ward 2 Precinct 3,2,2,1,0,5
COOK:7502004,COOK:Evanston Ward 2 Precinct 4,6,1,3,2,12
COOK:7502005,COOK:Evanston Ward 2 Precinct 5,2,1,6,1,10
COOK:7503001,COOK:Evanston Ward 3 Precinct 1,5,1,5,0,11
COOK:7503002,COOK:Evanston Ward 3 Precinct 2,8,2,3,0,13
COOK:7503003,COOK:Evanston Ward 3 Precinct 3,4,1,3,1,9
COOK:7503004,COOK:Evanston Ward 3 Precinct 4,11,2,3,4,20
COOK:7503005,COOK:Evanston Ward 3 Precinct 5,5,0,1,0,6
COOK:7504001,COOK:Evanston Ward 4 Precinct 1,3,0,2,0,5
COOK:7504002,COOK:Evanston Ward 4 Precinct 2,4,1,0,0,5
COOK:7504003,COOK:Evanston Ward 4 Precinct 3,3,0,0,0,3
COOK:7504004,COOK:Evanston Ward 4 Precinct 4,12,0,3,2,17
COOK:7504005,COOK:Evanston Ward 4 Precinct 5,5,2,3,0,10
COOK:7504006,COOK:Evanston Ward 4 Precinct 6,10,2,8,4,24
COOK:7504007,COOK:Evanston Ward 4 Precinct 7,4,2,0,0,6
COOK:7505001,COOK:Evanston Ward 5 Precinct 1,0,2,4,0,6
COOK:7505002,COOK:Evanston Ward 5 Precinct 2,13,1,2,0,16
COOK:7505003,COOK:Evanston Ward 5 Precinct 3,3,3,0,0,6
COOK:7506001,COOK:Evanston Ward 6 Precinct 1,18,0,6,2,26
COOK:7506002,COOK:Evanston Ward 6 Precinct 2,4,0,5,1,10
COOK:7506003,COOK:Evanston Ward 6 Precinct 3,12,3,4,0,19
COOK:7506004,COOK:Evanston Ward 6 Precinct 4,15,3,17,4,39
COOK:7506005,COOK:Evanston Ward 6 Precinct 5,8,0,4,1,13
COOK:7506006,COOK:Evanston Ward 6 Precinct 6,12,0,2,2,16
COOK:7507001,COOK:Evanston Ward 7 Precinct 1,8,0,1,3,12
COOK:7507002,COOK:Evanston Ward 7 Precinct 2,11,6,2,2,21
COOK:7507003,COOK:Evanston Ward 7 Precinct 3,0,0,0,0,0
COOK:7507004,COOK:Evanston Ward 7 Precinct 4,6,0,1,0,7
COOK:7507005,COOK:Evanston Ward 7 Precinct 5,9,0,4,0,13
COOK:7508001,COOK:Evanston Ward 8 Precinct 1,7,3,2,4,16
COOK:7508002,COOK:Evanston Ward 8 Precinct 2,3,6,2,3,14
COOK:7508003,COOK:Evanston Ward 8 Precinct 3,2,0,3,0,5
COOK:7508004,COOK:Evanston Ward 8 Precinct 4,7,0,2,3,12
COOK:7508005,COOK:Evanston Ward 8 Precinct 5,2,0,3,1,6
COOK:7509001,COOK:Evanston Ward 9 Precinct 1,1,0,4,0,5
COOK:7509002,COOK:Evanston Ward 9 Precinct 2,9,0,3,0,12
COOK:7509003,COOK:Evanston Ward 9 Precinct 3,3,3,5,0,11
COOK:7509004,COOK:Evanston Ward 9 Precinct 4,7,1,5,2,15
COOK:7509005,COOK:Evanston Ward 9 Precinct 5,3,0,3,6,12
COOK:7600001,COOK:Hanover Precinct 1,18,9,22,16,65
COOK:7600002,COOK:Hanover Precinct 2,45,15,44,11,115
COOK:7600003,COOK:Hanover Precinct 3,1,3,6,8,18
COOK:7600004,COOK:Hanover Precinct 4,13,4,36,10,63
COOK:7600005,COOK:Hanover Precinct 5,21,5,15,5,46
COOK:7600006,COOK:Hanover Precinct 6,13,2,15,7,37
COOK:7600007,COOK:Hanover Precinct 7,17,6,18,9,50
COOK:7600008,COOK:Hanover Precinct 8,19,3,21,12,55
COOK:7600009,COOK:Hanover Precinct 9,24,8,22,5,59
COOK:7600010,COOK:Hanover Precinct 10,14,2,15,6,37
COOK:7600011,COOK:Hanover Precinct 11,22,7,19,8,56
COOK:7600012,COOK:Hanover Precinct 12,10,4,12,3,29
COOK:7600013,COOK:Hanover Precinct 13,20,2,12,10,44
COOK:7600014,COOK:Hanover Precinct 14,30,5,26,15,76
COOK:7600015,COOK:Hanover Precinct 15,17,4,18,7,46
COOK:7600016,COOK:Hanover Precinct 16,31,8,41,16,96
COOK:7600017,COOK:Hanover Precinct 17,14,9,19,6,48
COOK:7600018,COOK:Hanover Precinct 18,19,5,12,1,37
COOK:7600019,COOK:Hanover Precinct 19,37,2,29,27,95
COOK:7600020,COOK:Hanover Precinct 20,33,13,22,19,87
COOK:7600021,COOK:Hanover Precinct 21,34,6,26,19,85
COOK:7600022,COOK:Hanover Precinct 22,26,2,29,20,77
COOK:7600023,COOK:Hanover Precinct 23,19,6,30,4,59
COOK:7600024,COOK:Hanover Precinct 24,13,7,6,3,29
COOK:7600025,COOK:Hanover Precinct 25,36,11,33,20,100
COOK:7600026,COOK:Hanover Precinct 26,36,8,22,10,76
COOK:7600027,COOK:Hanover Precinct 27,67,18,65,34,184
COOK:7600028,COOK:Hanover Precinct 28,30,1,22,11,64
COOK:7600029,COOK:Hanover Precinct 29,6,5,6,4,21
COOK:7600030,COOK:Hanover Precinct 30,25,8,29,12,74
COOK:7600031,COOK:Hanover Precinct 31,24,8,21,8,61
COOK:7600032,COOK:Hanover Precinct 32,9,2,12,5,28
COOK:7600033,COOK:Hanover Precinct 33,16,4,23,9,52
COOK:7600034,COOK:Hanover Precinct 34,20,4,21,8,53
COOK:7600035,COOK:Hanover Precinct 35,12,7,16,4,39
COOK:7600036,COOK:Hanover Precinct 36,8,4,11,6,29
COOK:7600037,COOK:Hanover Precinct 37,27,3,29,14,73
COOK:7600038,COOK:Hanover Precinct 38,17,11,37,9,74
COOK:7600039,COOK:Hanover Precinct 39,20,7,21,11,59
COOK:7600040,COOK:Hanover Precinct 40,22,9,30,13,74
COOK:7600041,COOK:Hanover Precinct 41,24,2,36,19,81
COOK:7600042,COOK:Hanover Precinct 42,30,9,26,11,76
COOK:7600043,COOK:Hanover Precinct 43,25,11,27,13,76
COOK:7700001,COOK:Lemont Precinct 1,39,6,36,12,93
COOK:7700002,COOK:Lemont Precinct 2,46,4,20,10,80
COOK:7700003,COOK:Lemont Precinct 3,78,15,49,12,154
COOK:7700004,COOK:Lemont Precinct 4,61,14,35,11,121
COOK:7700005,COOK:Lemont Precinct 5,46,12,34,7,99
COOK:7700006,COOK:Lemont Precinct 6,58,13,36,4,111
COOK:7700007,COOK:Lemont Precinct 7,35,10,24,8,77
COOK:7700008,COOK:Lemont Precinct 8,62,7,29,7,105
COOK:7700009,COOK:Lemont Precinct 9,29,5,17,3,54
COOK:7700010,COOK:Lemont Precinct 10,26,4,27,4,61
COOK:7700011,COOK:Lemont Precinct 11,93,8,49,19,169
COOK:7700012,COOK:Lemont Precinct 12,64,13,52,14,143
COOK:7700013,COOK:Lemont Precinct 13,76,11,38,25,150
COOK:7700014,COOK:Lemont Precinct 14,44,15,39,10,108
COOK:7800001,COOK:Leyden Precinct 1,12,4,10,4,30
COOK:7800002,COOK:Leyden Precinct 2,13,3,7,6,29
COOK:7800003,COOK:Leyden Precinct 3,23,8,19,13,63
COOK:7800004,COOK:Leyden Precinct 4,17,2,6,8,33
COOK:7800005,COOK:Leyden Precinct 5,37,3,10,6,56
COOK:7800006,COOK:Leyden Precinct 6,16,4,28,11,59
COOK:7800007,COOK:Leyden Precinct 7,18,1,5,2,26
COOK:7800008,COOK:Leyden Precinct 8,26,9,17,9,61
COOK:7800009,COOK:Leyden Precinct 9,31,13,22,12,78
COOK:7800010,COOK:Leyden Precinct 10,28,5,25,6,64
COOK:7800011,COOK:Leyden Precinct 11,23,6,22,6,57
COOK:7800012,COOK:Leyden Precinct 12,271,12,55,16,354
COOK:7800013,COOK:Leyden Precinct 13,16,3,11,6,36
COOK:7800014,COOK:Leyden Precinct 14,26,4,12,7,49
COOK:7800015,COOK:Leyden Precinct 15,15,5,14,11,45
COOK:7800016,COOK:Leyden Precinct 16,17,8,22,8,55
COOK:7800017,COOK:Leyden Precinct 17,20,3,10,5,38
COOK:7800018,COOK:Leyden Precinct 18,18,5,8,3,34
COOK:7800019,COOK:Leyden Precinct 19,27,4,15,5,51
COOK:7800020,COOK:Leyden Precinct 20,11,0,4,3,18
COOK:7800021,COOK:Leyden Precinct 21,3,4,4,4,15
COOK:7800022,COOK:Leyden Precinct 22,28,5,15,11,59
COOK:7800023,COOK:Leyden Precinct 23,50,8,36,7,101
COOK:7800024,COOK:Leyden Precinct 24,16,3,8,12,39
COOK:7800025,COOK:Leyden Precinct 25,19,3,12,11,45
COOK:7800026,COOK:Leyden Precinct 26,34,3,23,14,74
COOK:7800027,COOK:Leyden Precinct 27,9,1,3,1,14
COOK:7800028,COOK:Leyden Precinct 28,12,4,7,0,23
COOK:7800029,COOK:Leyden Precinct 29,9,1,11,2,23
COOK:7800030,COOK:Leyden Precinct 30,31,8,21,12,72
COOK:7800031,COOK:Leyden Precinct 31,21,6,17,9,53
COOK:7800032,COOK:Leyden Precinct 32,21,5,13,5,44
COOK:7800033,COOK:Leyden Precinct 33,21,5,12,14,52
COOK:7800034,COOK:Leyden Precinct 34,19,5,10,1,35
COOK:7800035,COOK:Leyden Precinct 35,5,0,7,5,17
COOK:7800036,COOK:Leyden Precinct 36,24,5,8,5,42
COOK:7800037,COOK:Leyden Precinct 37,39,2,7,5,53
COOK:7800038,COOK:Leyden Precinct 38,30,3,4,0,37
COOK:7800039,COOK:Leyden Precinct 39,10,5,11,8,34
COOK:7800040,COOK:Leyden Precinct 40,10,12,20,16,58
COOK:7800041,COOK:Leyden Precinct 41,11,5,7,6,29
COOK:7800042,COOK:Leyden Precinct 42,47,9,19,12,87
COOK:7800043,COOK:Leyden Precinct 43,15,3,11,4,33
COOK:7800044,COOK:Leyden Precinct 44,21,5,16,9,51
COOK:7800045,COOK:Leyden Precinct 45,23,5,21,4,53
COOK:7800046,COOK:Leyden Precinct 46,25,5,7,8,45
COOK:7800047,COOK:Leyden Precinct 47,11,6,13,35,65
COOK:7800048,COOK:Leyden Precinct 48,16,10,12,17,55
COOK:7800049,COOK:Leyden Precinct 49,36,6,12,10,64
COOK:7800050,COOK:Leyden Precinct 50,28,4,12,6,50
COOK:7900001,COOK:Lyons Precinct 1,5,0,1,0,6
COOK:7900002,COOK:Lyons Precinct 2,19,5,23,13,60
COOK:7900003,COOK:Lyons Precinct 3,15,7,19,7,48
COOK:7900004,COOK:Lyons Precinct 4,25,6,18,0,49
COOK:7900005,COOK:Lyons Precinct 5,20,6,18,6,50
COOK:7900006,COOK:Lyons Precinct 6,17,12,21,11,61
COOK:7900007,COOK:Lyons Precinct 7,11,7,14,7,39
COOK:7900008,COOK:Lyons Precinct 8,23,2,14,2,41
COOK:7900009,COOK:Lyons Precinct 9,18,6,13,3,40
COOK:7900010,COOK:Lyons Precinct 10,15,5,8,3,31
COOK:7900011,COOK:Lyons Precinct 11,10,1,11,6,28
COOK:7900012,COOK:Lyons Precinct 12,49,12,36,18,115
COOK:7900013,COOK:Lyons Precinct 13,1,1,0,0,2
COOK:7900014,COOK:Lyons Precinct 14,28,3,10,1,42
COOK:7900015,COOK:Lyons Precinct 15,13,2,10,2,27
COOK:7900016,COOK:Lyons Precinct 16,36,7,13,5,61
COOK:7900017,COOK:Lyons Precinct 17,45,3,23,10,81
COOK:7900018,COOK:Lyons Precinct 18,16,2,11,4,33
COOK:7900019,COOK:Lyons Precinct 19,15,1,13,7,36
COOK:7900020,COOK:Lyons Precinct 20,27,7,14,7,55
COOK:7900021,COOK:Lyons Precinct 21,46,3,17,5,71
COOK:7900022,COOK:Lyons Precinct 22,10,3,5,4,22
COOK:7900023,COOK:Lyons Precinct 23,42,12,48,8,110
COOK:7900024,COOK:Lyons Precinct 24,32,6,9,6,53
COOK:7900025,COOK:Lyons Precinct 25,18,3,26,7,54
COOK:7900026,COOK:Lyons Precinct 26,35,7,16,4,62
COOK:7900027,COOK:Lyons Precinct 27,15,9,25,6,55
COOK:7900028,COOK:Lyons Precinct 28,28,11,29,5,73
COOK:7900029,COOK:Lyons Precinct 29,27,5,22,7,61
COOK:7900030,COOK:Lyons Precinct 30,5,4,13,3,25
COOK:7900031,COOK:Lyons Precinct 31,28,4,13,11,56
COOK:7900032,COOK:Lyons Precinct 32,4,5,23,0,32
COOK:7900033,COOK:Lyons Precinct 33,10,3,9,0,22
COOK:7900034,COOK:Lyons Precinct 34,12,4,9,1,26
COOK:7900035,COOK:Lyons Precinct 35,24,6,22,6,58
COOK:7900036,COOK:Lyons Precinct 36,29,14,28,3,74
COOK:7900037,COOK:Lyons Precinct 37,8,2,11,10,31
COOK:7900038,COOK:Lyons Precinct 38,5,5,2,2,14
COOK:7900039,COOK:Lyons Precinct 39,18,10,21,6,55
COOK:7900040,COOK:Lyons Precinct 40,33,4,16,10,63
COOK:7900041,COOK:Lyons Precinct 41,16,6,22,5,49
COOK:7900042,COOK:Lyons Precinct 42,36,2,12,2,52
COOK:7900043,COOK:Lyons Precinct 43,15,0,12,2,29
COOK:7900044,COOK:Lyons Precinct 44,32,7,9,10,58
COOK:7900045,COOK:Lyons Precinct 45,30,12,17,9,68
COOK:7900046,COOK:Lyons Precinct 46,40,0,21,5,66
COOK:7900047,COOK:Lyons Precinct 47,21,4,15,8,48
COOK:7900048,COOK:Lyons Precinct 48,29,6,11,3,49
COOK:7900049,COOK:Lyons Precinct 49,19,5,21,12,57
COOK:7900050,COOK:Lyons Precinct 50,12,2,15,2,31
COOK:7900051,COOK:Lyons Precinct 51,30,2,21,2,55
COOK:7900052,COOK:Lyons Precinct 52,30,11,28,10,79
COOK:7900053,COOK:Lyons Precinct 53,24,5,28,8,65
COOK:7900054,COOK:Lyons Precinct 54,10,3,11,3,27
COOK:7900055,COOK:Lyons Precinct 55,29,9,18,6,62
COOK:7900056,COOK:Lyons Precinct 56,15,7,14,3,39
COOK:7900057,COOK:Lyons Precinct 57,12,2,9,0,23
COOK:7900058,COOK:Lyons Precinct 58,13,5,24,6,48
COOK:7900059,COOK:Lyons Precinct 59,15,5,10,10,40
COOK:7900060,COOK:Lyons Precinct 60,8,2,3,0,13
COOK:7900061,COOK:Lyons Precinct 61,24,3,14,3,44
COOK:7900062,COOK:Lyons Precinct 62,37,11,19,20,87
COOK:7900063,COOK:Lyons Precinct 63,40,6,27,13,86
COOK:7900064,COOK:Lyons Precinct 64,23,4,14,9,50
COOK:7900065,COOK:Lyons Precinct 65,31,10,42,3,86
COOK:7900066,COOK:Lyons Precinct 66,4,8,3,0,15
COOK:7900067,COOK:Lyons Precinct 67,9,6,13,4,32
COOK:7900068,COOK:Lyons Precinct 68,9,8,17,2,36
COOK:7900069,COOK:Lyons Precinct 69,36,5,25,7,73
COOK:8000001,COOK:Maine Precinct 1,20,4,22,1,47
COOK:8000002,COOK:Maine Precinct 2,6,2,8,0,16
COOK:8000003,COOK:Maine Precinct 3,14,1,3,1,19
COOK:8000004,COOK:Maine Precinct 4,61,10,26,4,101
COOK:8000005,COOK:Maine Precinct 5,27,5,11,8,51
COOK:8000006,COOK:Maine Precinct 6,55,7,30,10,102
COOK:8000007,COOK:Maine Precinct 7,15,3,15,4,37
COOK:8000008,COOK:Maine Precinct 8,47,3,20,2,72
COOK:8000009,COOK:Maine Precinct 9,35,7,14,11,67
COOK:8000010,COOK:Maine Precinct 10,29,5,12,9,55
COOK:8000011,COOK:Maine Precinct 11,10,3,7,1,21
COOK:8000012,COOK:Maine Precinct 12,27,8,5,1,41
COOK:8000013,COOK:Maine Precinct 13,36,5,6,11,58
COOK:8000014,COOK:Maine Precinct 14,31,1,21,6,59
COOK:8000015,COOK:Maine Precinct 15,24,2,11,4,41
COOK:8000016,COOK:Maine Precinct 16,24,4,5,4,37
COOK:8000017,COOK:Maine Precinct 17,27,2,22,4,55
COOK:8000018,COOK:Maine Precinct 18,19,3,10,4,36
COOK:8000019,COOK:Maine Precinct 19,9,5,10,2,26
COOK:8000020,COOK:Maine Precinct 20,22,3,10,6,41
COOK:8000021,COOK:Maine Precinct 21,35,6,31,9,81
COOK:8000022,COOK:Maine Precinct 22,37,6,14,5,62
COOK:8000023,COOK:Maine Precinct 23,32,1,6,6,45
COOK:8000024,COOK:Maine Precinct 24,48,5,13,7,73
COOK:8000025,COOK:Maine Precinct 25,32,1,16,3,52
COOK:8000026,COOK:Maine Precinct 26,30,5,19,8,62
COOK:8000027,COOK:Maine Precinct 27,17,1,5,2,25
COOK:8000028,COOK:Maine Precinct 28,6,4,8,2,20
COOK:8000029,COOK:Maine Precinct 29,54,6,18,5,83
COOK:8000030,COOK:Maine Precinct 30,65,5,25,6,101
COOK:8000031,COOK:Maine Precinct 31,41,2,13,9,65
COOK:8000032,COOK:Maine Precinct 32,49,4,16,2,71
COOK:8000033,COOK:Maine Precinct 33,4,5,6,0,15
COOK:8000034,COOK:Maine Precinct 34,27,11,20,8,66
COOK:8000035,COOK:Maine Precinct 35,21,0,14,5,40
COOK:8000036,COOK:Maine Precinct 36,38,4,7,9,58
COOK:8000037,COOK:Maine Precinct 37,32,5,12,3,52
COOK:8000038,COOK:Maine Precinct 38,25,1,10,2,38
COOK:8000039,COOK:Maine Precinct 39,47,4,19,3,73
COOK:8000040,COOK:Maine Precinct 40,16,4,12,1,33
COOK:8000041,COOK:Maine Precinct 41,17,6,13,4,40
COOK:8000042,COOK:Maine Precinct 42,36,2,19,7,64
COOK:8000043,COOK:Maine Precinct 43,41,4,23,4,72
COOK:8000044,COOK:Maine Precinct 44,24,2,5,3,34
COOK:8000045,COOK:Maine Precinct 45,23,4,10,3,40
COOK:8000046,COOK:Maine Precinct 46,44,1,19,6,70
COOK:8000047,COOK:Maine Precinct 47,30,5,31,7,73
COOK:8000048,COOK:Maine Precinct 48,36,7,19,11,73
COOK:8000049,COOK:Maine Precinct 49,20,4,16,3,43
COOK:8000050,COOK:Maine Precinct 50,20,2,16,4,42
COOK:8000051,COOK:Maine Precinct 51,27,3,11,4,45
COOK:8000052,COOK:Maine Precinct 52,24,3,11,3,41
COOK:8000053,COOK:Maine Precinct 53,19,6,11,8,44
COOK:8000054,COOK:Maine Precinct 54,36,3,15,1,55
COOK:8000055,COOK:Maine Precinct 55,39,2,23,3,67
COOK:8000056,COOK:Maine Precinct 56,24,2,15,8,49
COOK:8000057,COOK:Maine Precinct 57,15,3,3,1,22
COOK:8000058,COOK:Maine Precinct 58,51,5,33,5,94
COOK:8000059,COOK:Maine Precinct 59,49,0,28,2,79
COOK:8000060,COOK:Maine Precinct 60,57,7,28,7,99
COOK:8000061,COOK:Maine Precinct 61,14,3,5,1,23
COOK:8000062,COOK:Maine Precinct 62,15,4,10,7,36
COOK:8000063,COOK:Maine Precinct 63,15,2,6,1,24
COOK:8000064,COOK:Maine Precinct 64,26,3,8,4,41
COOK:8000065,COOK:Maine Precinct 65,27,2,13,3,45
COOK:8000066,COOK:Maine Precinct 66,64,3,4,7,78
COOK:8000067,COOK:Maine Precinct 67,69,13,15,5,102
COOK:8000068,COOK:Maine Precinct 68,40,5,32,5,82
COOK:8000069,COOK:Maine Precinct 69,20,9,11,5,45
COOK:8000070,COOK:Maine Precinct 70,19,6,6,3,34
COOK:8000071,COOK:Maine Precinct 71,23,2,11,3,39
COOK:8000072,COOK:Maine Precinct 72,64,4,15,10,93
COOK:8000073,COOK:Maine Precinct 73,33,6,16,4,59
COOK:8000074,COOK:Maine Precinct 74,20,5,5,5,35
COOK:8000075,COOK:Maine Precinct 75,35,4,12,1,52
COOK:8000076,COOK:Maine Precinct 76,13,2,5,1,21
COOK:8000077,COOK:Maine Precinct 77,50,7,35,10,102
COOK:8000078,COOK:Maine Precinct 78,8,5,9,3,25
COOK:8000079,COOK:Maine Precinct 79,24,3,18,4,49
COOK:8000080,COOK:Maine Precinct 80,19,1,10,1,31
COOK:8000081,COOK:Maine Precinct 81,21,3,16,5,45
COOK:8000082,COOK:Maine Precinct 82,34,2,7,4,47
COOK:8000083,COOK:Maine Precinct 83,25,4,9,2,40
COOK:8100001,COOK:New Trier Precinct 1,28,3,9,3,43
COOK:8100002,COOK:New Trier Precinct 2,31,5,6,2,44
COOK:8100003,COOK:New Trier Precinct 3,37,2,9,0,48
COOK:8100004,COOK:New Trier Precinct 4,27,2,9,2,40
COOK:8100005,COOK:New Trier Precinct 5,20,3,0,1,24
COOK:8100006,COOK:New Trier Precinct 6,17,0,3,1,21
COOK:8100007,COOK:New Trier Precinct 7,22,2,4,2,30
COOK:8100008,COOK:New Trier Precinct 8,17,1,3,4,25
COOK:8100009,COOK:New Trier Precinct 9,25,2,9,0,36
COOK:8100010,COOK:New Trier Precinct 10,26,1,6,6,39
COOK:8100011,COOK:New Trier Precinct 11,45,0,10,3,58
COOK:8100012,COOK:New Trier Precinct 12,44,2,4,3,53
COOK:8100013,COOK:New Trier Precinct 13,58,4,6,1,69
COOK:8100014,COOK:New Trier Precinct 14,29,0,8,1,38
COOK:8100015,COOK:New Trier Precinct 15,46,3,14,2,65
COOK:8100016,COOK:New Trier Precinct 16,46,2,15,4,67
COOK:8100017,COOK:New Trier Precinct 17,20,4,10,3,37
COOK:8100018,COOK:New Trier Precinct 18,22,1,5,0,28
COOK:8100019,COOK:New Trier Precinct 19,60,1,13,5,79
COOK:8100020,COOK:New Trier Precinct 20,49,4,10,3,66
COOK:8100021,COOK:New Trier Precinct 21,37,4,6,2,49
COOK:8100022,COOK:New Trier Precinct 22,46,3,12,6,67
COOK:8100023,COOK:New Trier Precinct 23,38,3,12,3,56
COOK:8100024,COOK:New Trier Precinct 24,31,2,8,5,46
COOK:8100025,COOK:New Trier Precinct 25,36,0,1,0,37
COOK:8100026,COOK:New Trier Precinct 26,52,1,13,5,71
COOK:8100027,COOK:New Trier Precinct 27,19,3,5,0,27
COOK:8100028,COOK:New Trier Precinct 28,31,1,4,0,36
COOK:8100029,COOK:New Trier Precinct 29,30,2,9,1,42
COOK:8100030,COOK:New Trier Precinct 30,24,4,4,1,33
COOK:8100031,COOK:New Trier Precinct 31,31,2,9,1,43
COOK:8100032,COOK:New Trier Precinct 32,19,1,1,1,22
COOK:8100033,COOK:New Trier Precinct 33,24,1,2,2,29
COOK:8100034,COOK:New Trier Precinct 34,23,1,4,4,32
COOK:8100035,COOK:New Trier Precinct 35,19,0,5,4,28
COOK:8100036,COOK:New Trier Precinct 36,58,2,2,3,65
COOK:8100037,COOK:New Trier Precinct 37,29,0,3,4,36
COOK:8100038,COOK:New Trier Precinct 38,41,2,4,2,49
COOK:8100039,COOK:New Trier Precinct 39,35,2,5,0,42
COOK:8200001,COOK:Niles Precinct 1,38,8,21,5,72
COOK:8200002,COOK:Niles Precinct 2,33,4,8,6,51
COOK:8200003,COOK:Niles Precinct 3,47,5,16,7,75
COOK:8200004,COOK:Niles Precinct 4,19,2,4,2,27
COOK:8200005,COOK:Niles Precinct 5,14,1,3,3,21
COOK:8200006,COOK:Niles Precinct 6,46,2,14,7,69
COOK:8200007,COOK:Niles Precinct 7,22,4,7,5,38
COOK:8200008,COOK:Niles Precinct 8,4,1,2,1,8
COOK:8200009,COOK:Niles Precinct 9,29,8,27,9,73
COOK:8200010,COOK:Niles Precinct 10,19,7,11,4,41
COOK:8200011,COOK:Niles Precinct 11,17,1,4,0,22
COOK:8200012,COOK:Niles Precinct 12,13,1,4,1,19
COOK:8200013,COOK:Niles Precinct 13,47,3,27,6,83
COOK:8200014,COOK:Niles Precinct 14,15,2,7,3,27
COOK:8200015,COOK:Niles Precinct 15,21,9,13,1,44
COOK:8200016,COOK:Niles Precinct 16,22,3,12,5,42
COOK:8200017,COOK:Niles Precinct 17,23,2,13,3,41
COOK:8200018,COOK:Niles Precinct 18,23,4,12,2,41
COOK:8200019,COOK:Niles Precinct 19,12,2,3,0,17
COOK:8200020,COOK:Niles Precinct 20,19,4,19,2,44
COOK:8200021,COOK:Niles Precinct 21,7,0,2,0,9
COOK:8200022,COOK:Niles Precinct 22,13,5,3,3,24
COOK:8200023,COOK:Niles Precinct 23,12,1,4,3,20
COOK:8200024,COOK:Niles Precinct 24,18,4,8,4,34
COOK:8200025,COOK:Niles Precinct 25,7,2,2,1,12
COOK:8200026,COOK:Niles Precinct 26,17,4,6,1,28
COOK:8200027,COOK:Niles Precinct 27,13,1,6,2,22
COOK:8200028,COOK:Niles Precinct 28,16,0,2,0,18
COOK:8200029,COOK:Niles Precinct 29,8,1,4,3,16
COOK:8200030,COOK:Niles Precinct 30,11,0,3,2,16
COOK:8200031,COOK:Niles Precinct 31,16,5,6,3,30
COOK:8200032,COOK:Niles Precinct 32,11,2,5,1,19
COOK:8200033,COOK:Niles Precinct 33,18,1,7,6,32
COOK:8200034,COOK:Niles Precinct 34,29,3,8,3,43
COOK:8200035,COOK:Niles Precinct 35,23,4,14,7,48
COOK:8200036,COOK:Niles Precinct 36,10,0,2,0,12
COOK:8200037,COOK:Niles Precinct 37,22,3,7,7,39
COOK:8200038,COOK:Niles Precinct 38,49,3,27,3,82
COOK:8200039,COOK:Niles Precinct 39,18,3,7,4,32
COOK:8200040,COOK:Niles Precinct 40,20,1,2,4,27
COOK:8200041,COOK:Niles Precinct 41,25,5,6,6,42
COOK:8200042,COOK:Niles Precinct 42,7,2,15,4,28
COOK:8200043,COOK:Niles Precinct 43,48,3,30,4,85
COOK:8200044,COOK:Niles Precinct 44,8,5,8,1,22
COOK:8200045,COOK:Niles Precinct 45,12,3,3,2,20
COOK:8200046,COOK:Niles Precinct 46,11,0,6,3,20
COOK:8200047,COOK:Niles Precinct 47,9,0,2,0,11
COOK:8200048,COOK:Niles Precinct 48,6,2,6,1,15
COOK:8200049,COOK:Niles Precinct 49,10,2,4,2,18
COOK:8200050,COOK:Niles Precinct 50,21,5,13,4,43
COOK:8200051,COOK:Niles Precinct 51,11,1,5,3,20
COOK:8200052,COOK:Niles Precinct 52,19,4,9,1,33
COOK:8200053,COOK:Niles Precinct 53,35,3,13,6,57
COOK:8200054,COOK:Niles Precinct 54,21,1,9,2,33
COOK:8200055,COOK:Niles Precinct 55,5,2,8,0,15
COOK:8200056,COOK:Niles Precinct 56,20,3,9,0,32
COOK:8200057,COOK:Niles Precinct 57,22,1,14,5,42
COOK:8200058,COOK:Niles Precinct 58,16,7,8,4,35
COOK:8200059,COOK:Niles Precinct 59,39,2,12,4,57
COOK:8200060,COOK:Niles Precinct 60,40,14,13,5,72
COOK:8200061,COOK:Niles Precinct 61,21,2,13,5,41
COOK:8200062,COOK:Niles Precinct 62,8,3,8,6,25
COOK:8300001,COOK:Northfield Precinct 1,55,3,11,9,78
COOK:8300002,COOK:Northfield Precinct 2,37,5,9,4,55
COOK:8300003,COOK:Northfield Precinct 3,54,5,9,3,71
COOK:8300004,COOK:Northfield Precinct 4,39,2,16,0,57
COOK:8300005,COOK:Northfield Precinct 5,45,1,3,1,50
COOK:8300006,COOK:Northfield Precinct 6,49,1,14,2,66
COOK:8300007,COOK:Northfield Precinct 7,47,6,10,9,72
COOK:8300008,COOK:Northfield Precinct 8,77,4,22,5,108
COOK:8300009,COOK:Northfield Precinct 9,40,6,8,1,55
COOK:8300010,COOK:Northfield Precinct 10,29,1,9,2,41
COOK:8300011,COOK:Northfield Precinct 11,44,0,11,1,56
COOK:8300012,COOK:Northfield Precinct 12,79,4,15,2,100
COOK:8300013,COOK:Northfield Precinct 13,19,1,5,5,30
COOK:8300014,COOK:Northfield Precinct 14,30,2,15,3,50
COOK:8300015,COOK:Northfield Precinct 15,60,2,15,9,86
COOK:8300016,COOK:Northfield Precinct 16,53,1,4,1,59
COOK:8300017,COOK:Northfield Precinct 17,45,3,17,9,74
COOK:8300018,COOK:Northfield Precinct 18,44,2,3,2,51
COOK:8300019,COOK:Northfield Precinct 19,45,4,10,1,60
COOK:8300020,COOK:Northfield Precinct 20,33,1,15,3,52
COOK:8300021,COOK:Northfield Precinct 21,59,2,7,8,76
COOK:8300022,COOK:Northfield Precinct 22,33,4,8,4,49
COOK:8300023,COOK:Northfield Precinct 23,55,1,12,1,69
COOK:8300024,COOK:Northfield Precinct 24,35,3,3,5,46
COOK:8300025,COOK:Northfield Precinct 25,40,1,7,5,53
COOK:8300026,COOK:Northfield Precinct 26,25,4,7,1,37
COOK:8300027,COOK:Northfield Precinct 27,27,7,3,2,39
COOK:8300028,COOK:Northfield Precinct 28,36,1,12,0,49
COOK:8300029,COOK:Northfield Precinct 29,44,1,7,0,52
COOK:8300030,COOK:Northfield Precinct 30,32,1,2,4,39
COOK:8300031,COOK:Northfield Precinct 31,60,2,12,6,80
COOK:8300032,COOK:Northfield Precinct 32,55,6,10,4,75
COOK:8300033,COOK:Northfield Precinct 33,28,1,7,0,36
COOK:8300034,COOK:Northfield Precinct 34,26,4,11,6,47
COOK:8300035,COOK:Northfield Precinct 35,39,1,10,4,54
COOK:8300036,COOK:Northfield Precinct 36,39,1,5,4,49
COOK:8300037,COOK:Northfield Precinct 37,69,6,16,1,92
COOK:8300038,COOK:Northfield Precinct 38,35,4,5,2,46
COOK:8300039,COOK:Northfield Precinct 39,25,0,2,0,27
COOK:8300040,COOK:Northfield Precinct 40,16,1,5,1,23
COOK:8300041,COOK:Northfield Precinct 41,35,1,4,2,42
COOK:8300042,COOK:Northfield Precinct 42,53,7,11,6,77
COOK:8300043,COOK:Northfield Precinct 43,28,4,2,3,37
COOK:8300044,COOK:Northfield Precinct 44,27,1,4,1,33
COOK:8300045,COOK:Northfield Precinct 45,43,2,13,2,60
COOK:8300046,COOK:Northfield Precinct 46,52,6,8,2,68
COOK:8300047,COOK:Northfield Precinct 47,44,3,13,5,65
COOK:8300048,COOK:Northfield Precinct 48,20,2,11,5,38
COOK:8300049,COOK:Northfield Precinct 49,12,2,6,0,20
COOK:8300050,COOK:Northfield Precinct 50,63,2,4,8,77
COOK:8300051,COOK:Northfield Precinct 51,96,12,35,7,150
COOK:8300052,COOK:Northfield Precinct 52,25,1,16,2,44
COOK:8300053,COOK:Northfield Precinct 53,17,3,8,5,33
COOK:8300054,COOK:Northfield Precinct 54,46,5,12,7,70
COOK:8300055,COOK:Northfield Precinct 55,9,7,4,4,24
COOK:8300056,COOK:Northfield Precinct 56,63,1,11,10,85
COOK:8300057,COOK:Northfield Precinct 57,26,4,7,2,39
COOK:8300058,COOK:Northfield Precinct 58,19,5,4,1,29
COOK:8400001,COOK:Norwood Park Precinct 1,46,2,22,8,78
COOK:8400002,COOK:Norwood Park Precinct 2,17,7,7,8,39
COOK:8400003,COOK:Norwood Park Precinct 3,33,3,20,6,62
COOK:8400004,COOK:Norwood Park Precinct 4,30,7,18,11,66
COOK:8400005,COOK:Norwood Park Precinct 5,54,12,42,22,130
COOK:8400006,COOK:Norwood Park Precinct 6,40,6,30,10,86
COOK:8400007,COOK:Norwood Park Precinct 7,38,10,24,10,82
COOK:8400008,COOK:Norwood Park Precinct 8,22,1,8,0,31
COOK:8400009,COOK:Norwood Park Precinct 9,50,6,21,12,89
COOK:8400010,COOK:Norwood Park Precinct 10,37,3,19,7,66
COOK:8400011,COOK:Norwood Park Precinct 11,38,3,27,8,76
COOK:8400012,COOK:Norwood Park Precinct 12,42,5,20,3,70
COOK:8400013,COOK:Norwood Park Precinct 13,43,7,24,3,77
COOK:8400014,COOK:Norwood Park Precinct 14,19,4,14,0,37
COOK:8500001,COOK:Oak Park Precinct 1,15,1,7,1,24
COOK:8500002,COOK:Oak Park Precinct 2,10,0,4,1,15
COOK:8500003,COOK:Oak Park Precinct 3,11,0,9,1,21
COOK:8500004,COOK:Oak Park Precinct 4,16,4,6,2,28
COOK:8500005,COOK:Oak Park Precinct 5,10,2,10,0,22
COOK:8500006,COOK:Oak Park Precinct 6,7,3,5,4,19
COOK:8500007,COOK:Oak Park Precinct 7,5,2,6,3,16
COOK:8500008,COOK:Oak Park Precinct 8,5,1,4,0,10
COOK:8500009,COOK:Oak Park Precinct 9,11,2,6,2,21
COOK:8500010,COOK:Oak Park Precinct 10,3,0,6,2,11
COOK:8500011,COOK:Oak Park Precinct 11,4,2,5,1,12
COOK:8500012,COOK:Oak Park Precinct 12,1,1,2,0,4
COOK:8500013,COOK:Oak Park Precinct 13,6,3,2,1,12
COOK:8500014,COOK:Oak Park Precinct 14,15,0,4,1,20
COOK:8500015,COOK:Oak Park Precinct 15,8,0,5,0,13
COOK:8500016,COOK:Oak Park Precinct 16,14,1,11,2,28
COOK:8500017,COOK:Oak Park Precinct 17,7,5,7,1,20
COOK:8500018,COOK:Oak Park Precinct 18,18,2,3,1,24
COOK:8500019,COOK:Oak Park Precinct 19,5,1,3,2,11
COOK:8500020,COOK:Oak Park Precinct 20,9,4,4,6,23
COOK:8500021,COOK:Oak Park Precinct 21,6,2,1,0,9
COOK:8500022,COOK:Oak Park Precinct 22,5,1,4,2,12
COOK:8500023,COOK:Oak Park Precinct 23,7,1,5,0,13
COOK:8500024,COOK:Oak Park Precinct 24,4,1,5,3,13
COOK:8500025,COOK:Oak Park Precinct 25,5,4,2,0,11
COOK:8500026,COOK:Oak Park Precinct 26,11,1,5,2,19
COOK:8500027,COOK:Oak Park Precinct 27,23,2,9,2,36
COOK:8500028,COOK:Oak Park Precinct 28,6,2,4,4,16
COOK:8500029,COOK:Oak Park Precinct 29,8,2,5,2,17
COOK:8500030,COOK:Oak Park Precinct 30,4,0,5,3,12
COOK:8500031,COOK:Oak Park Precinct 31,13,3,7,3,26
COOK:8500032,COOK:Oak Park Precinct 32,2,1,1,2,6
COOK:8600001,COOK:Orland Precinct 1,27,8,29,5,69
COOK:8600002,COOK:Orland Precinct 2,45,4,30,10,89
COOK:8600003,COOK:Orland Precinct 3,9,3,21,4,37
COOK:8600004,COOK:Orland Precinct 4,56,12,38,14,120
COOK:8600005,COOK:Orland Precinct 5,24,4,46,13,87
COOK:8600006,COOK:Orland Precinct 6,26,3,27,13,69
COOK:8600007,COOK:Orland Precinct 7,41,2,29,6,78
COOK:8600008,COOK:Orland Precinct 8,26,3,33,6,68
COOK:8600009,COOK:Orland Precinct 9,30,11,34,9,84
COOK:8600010,COOK:Orland Precinct 10,22,7,30,2,61
COOK:8600011,COOK:Orland Precinct 11,37,6,35,10,88
COOK:8600012,COOK:Orland Precinct 12,9,0,12,10,31
COOK:8600013,COOK:Orland Precinct 13,21,8,28,14,71
COOK:8600014,COOK:Orland Precinct 14,13,3,19,7,42
COOK:8600015,COOK:Orland Precinct 15,42,10,31,15,98
COOK:8600016,COOK:Orland Precinct 16,54,6,33,12,105
COOK:8600017,COOK:Orland Precinct 17,19,0,19,7,45
COOK:8600018,COOK:Orland Precinct 18,55,8,30,12,105
COOK:8600019,COOK:Orland Precinct 19,19,7,23,1,50
COOK:8600020,COOK:Orland Precinct 20,24,2,15,10,51
COOK:8600021,COOK:Orland Precinct 21,34,4,41,9,88
COOK:8600022,COOK:Orland Precinct 22,18,7,26,19,70
COOK:8600023,COOK:Orland Precinct 23,26,16,40,26,108
COOK:8600024,COOK:Orland Precinct 24,38,11,43,17,109
COOK:8600025,COOK:Orland Precinct 25,41,11,38,12,102
COOK:8600026,COOK:Orland Precinct 26,28,8,28,6,70
COOK:8600027,COOK:Orland Precinct 27,37,9,20,14,80
COOK:8600028,COOK:Orland Precinct 28,40,7,33,6,86
COOK:8600029,COOK:Orland Precinct 29,60,8,37,17,122
COOK:8600030,COOK:Orland Precinct 30,18,6,20,2,46
COOK:8600031,COOK:Orland Precinct 31,17,5,11,7,40
COOK:8600032,COOK:Orland Precinct 32,59,9,40,14,122
COOK:8600033,COOK:Orland Precinct 33,49,5,27,13,94
COOK:8600034,COOK:Orland Precinct 34,24,4,26,14,68
COOK:8600035,COOK:Orland Precinct 35,45,8,42,13,108
COOK:8600036,COOK:Orland Precinct 36,22,5,19,5,51
COOK:8600037,COOK:Orland Precinct 37,34,6,37,4,81
COOK:8600038,COOK:Orland Precinct 38,18,5,15,3,41
COOK:8600039,COOK:Orland Precinct 39,32,5,27,10,74
COOK:8600040,COOK:Orland Precinct 40,33,3,32,10,78
COOK:8600041,COOK:Orland Precinct 41,28,3,25,11,67
COOK:8600042,COOK:Orland Precinct 42,25,7,39,3,74
COOK:8600043,COOK:Orland Precinct 43,12,0,7,0,19
COOK:8600044,COOK:Orland Precinct 44,31,5,16,7,59
COOK:8600045,COOK:Orland Precinct 45,34,11,28,11,84
COOK:8600046,COOK:Orland Precinct 46,8,1,13,7,29
COOK:8600047,COOK:Orland Precinct 47,40,8,49,16,113
COOK:8600048,COOK:Orland Precinct 48,18,7,25,9,59
COOK:8600049,COOK:Orland Precinct 49,32,8,37,13,90
COOK:8600050,COOK:Orland Precinct 50,11,8,21,11,51
COOK:8600051,COOK:Orland Precinct 51,26,2,20,17,65
COOK:8600052,COOK:Orland Precinct 52,27,7,34,10,78
COOK:8600053,COOK:Orland Precinct 53,58,7,32,12,109
COOK:8600054,COOK:Orland Precinct 54,25,2,19,6,52
COOK:8600055,COOK:Orland Precinct 55,22,4,21,9,56
COOK:8600056,COOK:Orland Precinct 56,42,2,24,14,82
COOK:8600057,COOK:Orland Precinct 57,22,4,27,13,66
COOK:8600058,COOK:Orland Precinct 58,28,4,38,10,80
COOK:8600059,COOK:Orland Precinct 59,42,9,32,8,91
COOK:8600060,COOK:Orland Precinct 60,18,9,18,0,45
COOK:8600061,COOK:Orland Precinct 61,26,11,15,13,65
COOK:8600062,COOK:Orland Precinct 62,36,3,24,14,77
COOK:8700001,COOK:Palatine Precinct 1,25,3,28,1,57
COOK:8700002,COOK:Palatine Precinct 2,53,1,30,16,100
COOK:8700003,COOK:Palatine Precinct 3,41,5,26,9,81
COOK:8700004,COOK:Palatine Precinct 4,7,1,10,2,20
COOK:8700005,COOK:Palatine Precinct 5,43,7,41,16,107
COOK:8700006,COOK:Palatine Precinct 6,39,4,33,5,81
COOK:8700007,COOK:Palatine Precinct 7,34,3,22,11,70
COOK:8700008,COOK:Palatine Precinct 8,25,2,24,9,60
COOK:8700009,COOK:Palatine Precinct 9,42,4,12,13,71
COOK:8700010,COOK:Palatine Precinct 10,29,2,36,39,106
COOK:8700011,COOK:Palatine Precinct 11,23,2,17,4,46
COOK:8700012,COOK:Palatine Precinct 12,44,4,18,17,83
COOK:8700013,COOK:Palatine Precinct 13,27,7,26,10,70
COOK:8700014,COOK:Palatine Precinct 14,40,7,30,7,84
COOK:8700015,COOK:Palatine Precinct 15,36,3,26,3,68
COOK:8700016,COOK:Palatine Precinct 16,18,4,7,2,31
COOK:8700017,COOK:Palatine Precinct 17,32,4,31,10,77
COOK:8700018,COOK:Palatine Precinct 18,47,7,22,4,80
COOK:8700019,COOK:Palatine Precinct 19,37,5,29,14,85
COOK:8700020,COOK:Palatine Precinct 20,10,0,4,4,18
COOK:8700021,COOK:Palatine Precinct 21,37,5,28,2,72
COOK:8700022,COOK:Palatine Precinct 22,49,2,28,3,82
COOK:8700023,COOK:Palatine Precinct 23,30,1,17,10,58
COOK:8700024,COOK:Palatine Precinct 24,38,5,41,15,99
COOK:8700025,COOK:Palatine Precinct 25,32,7,29,7,75
COOK:8700026,COOK:Palatine Precinct 26,34,10,28,7,79
COOK:8700027,COOK:Palatine Precinct 27,35,8,22,6,71
COOK:8700028,COOK:Palatine Precinct 28,31,6,24,7,68
COOK:8700029,COOK:Palatine Precinct 29,40,5,18,23,86
COOK:8700030,COOK:Palatine Precinct 30,21,3,19,4,47
COOK:8700031,COOK:Palatine Precinct 31,38,4,17,3,62
COOK:8700032,COOK:Palatine Precinct 32,28,7,24,6,65
COOK:8700033,COOK:Palatine Precinct 33,9,3,13,2,27
COOK:8700034,COOK:Palatine Precinct 34,56,4,27,20,107
COOK:8700035,COOK:Palatine Precinct 35,48,3,35,6,92
COOK:8700036,COOK:Palatine Precinct 36,18,2,12,2,34
COOK:8700037,COOK:Palatine Precinct 37,28,3,11,7,49
COOK:8700038,COOK:Palatine Precinct 38,61,3,54,9,127
COOK:8700039,COOK:Palatine Precinct 39,48,9,39,9,105
COOK:8700040,COOK:Palatine Precinct 40,59,7,39,7,112
COOK:8700041,COOK:Palatine Precinct 41,36,3,26,11,76
COOK:8700042,COOK:Palatine Precinct 42,40,7,41,11,99
COOK:8700043,COOK:Palatine Precinct 43,24,4,22,12,62
COOK:8700044,COOK:Palatine Precinct 44,46,12,35,24,117
COOK:8700045,COOK:Palatine Precinct 45,44,3,25,1,73
COOK:8700046,COOK:Palatine Precinct 46,45,7,37,6,95
COOK:8700047,COOK:Palatine Precinct 47,40,3,29,11,83
COOK:8700048,COOK:Palatine Precinct 48,34,2,18,9,63
COOK:8700049,COOK:Palatine Precinct 49,30,3,7,17,57
COOK:8700050,COOK:Palatine Precinct 50,50,7,35,8,100
COOK:8700051,COOK:Palatine Precinct 51,18,3,21,8,50
COOK:8700052,COOK:Palatine Precinct 52,44,3,32,9,88
COOK:8700053,COOK:Palatine Precinct 53,30,2,23,5,60
COOK:8700054,COOK:Palatine Precinct 54,37,2,33,9,81
COOK:8700055,COOK:Palatine Precinct 55,39,10,24,15,88
COOK:8700056,COOK:Palatine Precinct 56,25,4,17,8,54
COOK:8700057,COOK:Palatine Precinct 57,35,7,32,6,80
COOK:8700058,COOK:Palatine Precinct 58,26,4,18,5,53
COOK:8700059,COOK:Palatine Precinct 59,21,2,31,8,62
COOK:8700060,COOK:Palatine Precinct 60,11,1,16,3,31
COOK:8700061,COOK:Palatine Precinct 61,29,4,21,27,81
COOK:8700062,COOK:Palatine Precinct 62,20,4,14,8,46
COOK:8700063,COOK:Palatine Precinct 63,39,1,28,8,76
COOK:8700064,COOK:Palatine Precinct 64,21,6,35,9,71
COOK:8700065,COOK:Palatine Precinct 65,30,3,16,8,57
COOK:8800001,COOK:Palos Precinct 1,24,2,13,6,45
COOK:8800002,COOK:Palos Precinct 2,50,3,25,6,84
COOK:8800003,COOK:Palos Precinct 3,37,5,23,3,68
COOK:8800004,COOK:Palos Precinct 4,31,4,16,0,51
COOK:8800005,COOK:Palos Precinct 5,18,6,9,7,40
COOK:8800006,COOK:Palos Precinct 6,7,3,5,3,18
COOK:8800007,COOK:Palos Precinct 7,28,3,34,7,72
COOK:8800008,COOK:Palos Precinct 8,29,10,19,13,71
COOK:8800009,COOK:Palos Precinct 9,62,10,46,8,126
COOK:8800010,COOK:Palos Precinct 10,59,13,28,10,110
COOK:8800011,COOK:Palos Precinct 11,38,6,18,10,72
COOK:8800012,COOK:Palos Precinct 12,31,4,17,3,55
COOK:8800013,COOK:Palos Precinct 13,40,8,28,6,82
COOK:8800014,COOK:Palos Precinct 14,26,5,18,5,54
COOK:8800015,COOK:Palos Precinct 15,76,11,35,17,139
COOK:8800016,COOK:Palos Precinct 16,66,6,32,7,111
COOK:8800017,COOK:Palos Precinct 17,28,5,26,10,69
COOK:8800018,COOK:Palos Precinct 18,27,9,24,12,72
COOK:8800019,COOK:Palos Precinct 19,54,5,21,6,86
COOK:8800020,COOK:Palos Precinct 20,35,6,22,1,64
COOK:8800021,COOK:Palos Precinct 21,17,4,13,1,35
COOK:8800022,COOK:Palos Precinct 22,12,1,1,0,14
COOK:8800023,COOK:Palos Precinct 23,21,4,11,4,40
COOK:8800024,COOK:Palos Precinct 24,66,19,43,16,144
COOK:8800025,COOK:Palos Precinct 25,8,3,2,2,15
COOK:8800026,COOK:Palos Precinct 26,20,4,18,1,43
COOK:8800027,COOK:Palos Precinct 27,42,1,19,2,64
COOK:8800028,COOK:Palos Precinct 28,4,2,3,6,15
COOK:8800029,COOK:Palos Precinct 29,44,2,23,9,78
COOK:8800030,COOK:Palos Precinct 30,43,6,19,4,72
COOK:8800031,COOK:Palos Precinct 31,45,4,24,9,82
COOK:8800032,COOK:Palos Precinct 32,24,2,8,3,37
COOK:8800033,COOK:Palos Precinct 33,38,8,24,10,80
COOK:8800034,COOK:Palos Precinct 34,22,4,15,4,45
COOK:8800035,COOK:Palos Precinct 35,47,5,20,14,86
COOK:8900001,COOK:Proviso Precinct 1,1,0,3,1,5
COOK:8900002,COOK:Proviso Precinct 2,10,3,1,0,14
COOK:8900003,COOK:Proviso Precinct 3,8,5,5,1,19
COOK:8900004,COOK:Proviso Precinct 4,3,0,1,0,4
COOK:8900005,COOK:Proviso Precinct 5,20,5,16,4,45
COOK:8900006,COOK:Proviso Precinct 6,24,5,21,8,58
COOK:8900007,COOK:Proviso Precinct 7,11,2,7,5,25
COOK:8900008,COOK:Proviso Precinct 8,11,1,11,2,25
COOK:8900009,COOK:Proviso Precinct 9,1,1,0,0,2
COOK:8900010,COOK:Proviso Precinct 10,0,0,3,0,3
COOK:8900011,COOK:Proviso Precinct 11,6,1,6,5,18
COOK:8900012,COOK:Proviso Precinct 12,19,5,9,4,37
COOK:8900013,COOK:Proviso Precinct 13,15,7,10,2,34
COOK:8900014,COOK:Proviso Precinct 14,4,3,7,1,15
COOK:8900015,COOK:Proviso Precinct 15,6,0,2,3,11
COOK:8900016,COOK:Proviso Precinct 16,11,3,5,0,19
COOK:8900017,COOK:Proviso Precinct 17,35,7,24,7,73
COOK:8900018,COOK:Proviso Precinct 18,7,1,0,1,9
COOK:8900019,COOK:Proviso Precinct 19,2,1,1,0,4
COOK:8900020,COOK:Proviso Precinct 20,2,2,5,2,11
COOK:8900021,COOK:Proviso Precinct 21,24,11,19,3,57
COOK:8900022,COOK:Proviso Precinct 22,2,0,0,1,3
COOK:8900023,COOK:Proviso Precinct 23,35,1,15,4,55
COOK:8900024,COOK:Proviso Precinct 24,50,3,14,6,73
COOK:8900025,COOK:Proviso Precinct 25,19,10,21,3,53
COOK:8900026,COOK:Proviso Precinct 26,27,2,12,4,45
COOK:8900027,COOK:Proviso Precinct 27,17,3,14,3,37
COOK:8900028,COOK:Proviso Precinct 28,21,7,15,8,51
COOK:8900029,COOK:Proviso Precinct 29,25,6,19,1,51
COOK:8900030,COOK:Proviso Precinct 30,13,5,10,3,31
COOK:8900031,COOK:Proviso Precinct 31,0,0,1,0,1
COOK:8900032,COOK:Proviso Precinct 32,36,9,23,7,75
COOK:8900033,COOK:Proviso Precinct 33,1,0,2,1,4
COOK:8900034,COOK:Proviso Precinct 34,0,1,5,1,7
COOK:8900035,COOK:Proviso Precinct 35,36,6,37,12,91
COOK:8900036,COOK:Proviso Precinct 36,4,2,4,0,10
COOK:8900037,COOK:Proviso Precinct 37,0,0,0,0,0
COOK:8900038,COOK:Proviso Precinct 38,4,0,3,0,7
COOK:8900039,COOK:Proviso Precinct 39,12,5,9,2,28
COOK:8900040,COOK:Proviso Precinct 40,0,1,0,0,1
COOK:8900041,COOK:Proviso Precinct 41,1,0,2,0,3
COOK:8900042,COOK:Proviso Precinct 42,30,8,25,15,78
COOK:8900043,COOK:Proviso Precinct 43,0,0,2,0,2
COOK:8900044,COOK:Proviso Precinct 44,0,2,4,1,7
COOK:8900045,COOK:Proviso Precinct 45,1,2,2,0,5
COOK:8900046,COOK:Proviso Precinct 46,5,2,4,1,12
COOK:8900047,COOK:Proviso Precinct 47,1,0,0,1,2
COOK:8900048,COOK:Proviso Precinct 48,2,4,2,3,11
COOK:8900049,COOK:Proviso Precinct 49,10,4,5,1,20
COOK:8900050,COOK:Proviso Precinct 50,14,2,23,2,41
COOK:8900051,COOK:Proviso Precinct 51,10,7,9,2,28
COOK:8900052,COOK:Proviso Precinct 52,1,1,1,1,4
COOK:8900053,COOK:Proviso Precinct 53,0,1,1,0,2
COOK:8900054,COOK:Proviso Precinct 54,27,5,12,3,47
COOK:8900055,COOK:Proviso Precinct 55,25,7,9,6,47
COOK:8900056,COOK:Proviso Precinct 56,1,1,4,0,6
COOK:8900057,COOK:Proviso Precinct 57,12,5,13,1,31
COOK:8900058,COOK:Proviso Precinct 58,1,0,1,0,2
COOK:8900059,COOK:Proviso Precinct 59,6,4,15,0,25
COOK:8900060,COOK:Proviso Precinct 60,8,3,4,0,15
COOK:8900061,COOK:Proviso Precinct 61,5,4,8,2,19
COOK:8900062,COOK:Proviso Precinct 62,14,0,9,4,27
COOK:8900063,COOK:Proviso Precinct 63,23,7,21,5,56
COOK:8900064,COOK:Proviso Precinct 64,3,0,5,2,10
COOK:8900065,COOK:Proviso Precinct 65,5,0,5,1,11
COOK:8900066,COOK:Proviso Precinct 66,9,3,10,3,25
COOK:8900067,COOK:Proviso Precinct 67,7,2,12,1,22
COOK:8900068,COOK:Proviso Precinct 68,9,1,2,3,15
COOK:8900069,COOK:Proviso Precinct 69,7,5,11,3,26
COOK:8900070,COOK:Proviso Precinct 70,17,6,14,4,41
COOK:8900071,COOK:Proviso Precinct 71,11,12,22,9,54
COOK:8900072,COOK:Proviso Precinct 72,4,2,5,1,12
COOK:8900073,COOK:Proviso Precinct 73,14,1,6,5,26
COOK:8900074,COOK:Proviso Precinct 74,24,9,22,1,56
COOK:8900075,COOK:Proviso Precinct 75,9,5,15,10,39
COOK:8900076,COOK:Proviso Precinct 76,16,2,8,4,30
COOK:8900077,COOK:Proviso Precinct 77,5,5,9,0,19
COOK:8900078,COOK:Proviso Precinct 78,10,9,8,3,30
COOK:8900079,COOK:Proviso Precinct 79,2,0,2,0,4
COOK:8900080,COOK:Proviso Precinct 80,2,8,3,1,14
COOK:8900081,COOK:Proviso Precinct 81,10,1,8,3,22
COOK:8900082,COOK:Proviso Precinct 82,5,0,1,0,6
COOK:8900083,COOK:Proviso Precinct 83,2,0,2,1,5
COOK:8900084,COOK:Proviso Precinct 84,21,6,15,7,49
COOK:8900085,COOK:Proviso Precinct 85,34,8,13,4,59
COOK:8900086,COOK:Proviso Precinct 86,2,2,2,0,6
COOK:8900087,COOK:Proviso Precinct 87,12,6,11,11,40
COOK:8900088,COOK:Proviso Precinct 88,30,6,15,4,55
COOK:8900089,COOK:Proviso Precinct 89,14,2,18,1,35
COOK:9000001,COOK:Rich Precinct 1,7,3,5,2,17
COOK:9000002,COOK:Rich Precinct 2,3,2,5,2,12
COOK:9000003,COOK:Rich Precinct 3,11,3,11,5,30
COOK:9000004,COOK:Rich Precinct 4,3,0,1,1,5
COOK:9000005,COOK:Rich Precinct 5,4,1,2,3,10
COOK:9000006,COOK:Rich Precinct 6,3,2,7,2,14
COOK:9000007,COOK:Rich Precinct 7,10,1,9,4,24
COOK:9000008,COOK:Rich Precinct 8,6,1,11,2,20
COOK:9000009,COOK:Rich Precinct 9,2,0,4,0,6
COOK:9000010,COOK:Rich Precinct 10,2,0,5,1,8
COOK:9000011,COOK:Rich Precinct 11,5,3,3,1,12
COOK:9000012,COOK:Rich Precinct 12,6,2,5,2,15
COOK:9000013,COOK:Rich Precinct 13,9,3,15,2,29
COOK:9000014,COOK:Rich Precinct 14,11,8,6,3,28
COOK:9000015,COOK:Rich Precinct 15,4,1,4,2,11
COOK:9000016,COOK:Rich Precinct 16,3,1,5,1,10
COOK:9000017,COOK:Rich Precinct 17,10,3,11,0,24
COOK:9000018,COOK:Rich Precinct 18,2,2,4,2,10
COOK:9000019,COOK:Rich Precinct 19,13,6,16,8,43
COOK:9000020,COOK:Rich Precinct 20,37,6,52,20,115
COOK:9000021,COOK:Rich Precinct 21,6,3,7,2,18
COOK:9000022,COOK:Rich Precinct 22,4,1,6,1,12
COOK:9000023,COOK:Rich Precinct 23,2,1,7,2,12
COOK:9000024,COOK:Rich Precinct 24,11,2,8,3,24
COOK:9000025,COOK:Rich Precinct 25,6,1,7,0,14
COOK:9000026,COOK:Rich Precinct 26,4,2,6,2,14
COOK:9000027,COOK:Rich Precinct 27,3,1,5,2,11
COOK:9000028,COOK:Rich Precinct 28,6,0,5,0,11
COOK:9000029,COOK:Rich Precinct 29,8,3,16,0,27
COOK:9000030,COOK:Rich Precinct 30,2,2,4,0,8
COOK:9000031,COOK:Rich Precinct 31,17,2,5,0,24
COOK:9000032,COOK:Rich Precinct 32,6,0,5,2,13
COOK:9000033,COOK:Rich Precinct 33,2,1,7,5,15
COOK:9000034,COOK:Rich Precinct 34,1,0,1,1,3
COOK:9000035,COOK:Rich Precinct 35,7,3,9,3,22
COOK:9000036,COOK:Rich Precinct 36,7,2,7,2,18
COOK:9000037,COOK:Rich Precinct 37,3,0,2,1,6
COOK:9000038,COOK:Rich Precinct 38,4,1,4,0,9
COOK:9000039,COOK:Rich Precinct 39,7,0,1,0,8
COOK:9000040,COOK:Rich Precinct 40,2,1,4,1,8
COOK:9000041,COOK:Rich Precinct 41,1,1,0,0,2
COOK:9000042,COOK:Rich Precinct 42,1,1,3,0,5
COOK:9000043,COOK:Rich Precinct 43,1,1,1,0,3
COOK:9000044,COOK:Rich Precinct 44,3,0,0,0,3
COOK:9000045,COOK:Rich Precinct 45,3,2,5,0,10
COOK:9000046,COOK:Rich Precinct 46,4,2,1,1,8
COOK:9000047,COOK:Rich Precinct 47,2,0,7,0,9
COOK:9100001,COOK:River Forest Precinct 1,23,1,5,7,36
COOK:9100002,COOK:River Forest Precinct 2,39,4,11,7,61
COOK:9100003,COOK:River Forest Precinct 3,16,3,7,0,26
COOK:9100004,COOK:River Forest Precinct 4,16,2,3,3,24
COOK:9100005,COOK:River Forest Precinct 5,23,6,5,2,36
COOK:9100006,COOK:River Forest Precinct 6,13,1,7,11,32
COOK:9100007,COOK:River Forest Precinct 7,14,1,8,1,24
COOK:9200001,COOK:Riverside Precinct 1,24,5,14,4,47
COOK:9200002,COOK:Riverside Precinct 2,1,2,2,0,5
COOK:9200003,COOK:Riverside Precinct 3,17,0,10,2,29
COOK:9200004,COOK:Riverside Precinct 4,35,3,19,5,62
COOK:9200005,COOK:Riverside Precinct 5,18,2,7,3,30
COOK:9200006,COOK:Riverside Precinct 6,42,13,31,17,103
COOK:9200007,COOK:Riverside Precinct 7,20,6,19,8,53
COOK:9200008,COOK:Riverside Precinct 8,30,5,10,10,55
COOK:9200009,COOK:Riverside Precinct 9,24,2,15,1,42
COOK:9200010,COOK:Riverside Precinct 10,25,3,12,5,45
COOK:9200011,COOK:Riverside Precinct 11,36,11,16,4,67
COOK:9200012,COOK:Riverside Precinct 12,20,10,15,7,52
COOK:9300001,COOK:Schaumburg Precinct 1,40,8,21,13,82
COOK:9300002,COOK:Schaumburg Precinct 2,39,8,19,3,69
COOK:9300003,COOK:Schaumburg Precinct 3,32,5,34,16,87
COOK:9300004,COOK:Schaumburg Precinct 4,6,1,7,4,18
COOK:9300005,COOK:Schaumburg Precinct 5,29,5,21,11,66
COOK:9300006,COOK:Schaumburg Precinct 6,39,11,26,16,92
COOK:9300007,COOK:Schaumburg Precinct 7,15,3,4,2,24
COOK:9300008,COOK:Schaumburg Precinct 8,21,11,13,15,60
COOK:9300009,COOK:Schaumburg Precinct 9,18,4,12,5,39
COOK:9300010,COOK:Schaumburg Precinct 10,26,3,14,12,55
COOK:9300011,COOK:Schaumburg Precinct 11,5,5,11,6,27
COOK:9300012,COOK:Schaumburg Precinct 12,17,7,19,9,52
COOK:9300013,COOK:Schaumburg Precinct 13,13,5,17,13,48
COOK:9300014,COOK:Schaumburg Precinct 14,52,16,39,16,123
COOK:9300015,COOK:Schaumburg Precinct 15,33,7,22,11,73
COOK:9300016,COOK:Schaumburg Precinct 16,43,4,12,10,69
COOK:9300017,COOK:Schaumburg Precinct 17,49,7,42,19,117
COOK:9300018,COOK:Schaumburg Precinct 18,23,11,16,18,68
COOK:9300019,COOK:Schaumburg Precinct 19,10,6,14,4,34
COOK:9300020,COOK:Schaumburg Precinct 20,39,8,29,10,86
COOK:9300021,COOK:Schaumburg Precinct 21,40,9,20,18,87
COOK:9300022,COOK:Schaumburg Precinct 22,18,2,9,8,37
COOK:9300023,COOK:Schaumburg Precinct 23,23,1,11,10,45
COOK:9300024,COOK:Schaumburg Precinct 24,32,11,21,13,77
COOK:9300025,COOK:Schaumburg Precinct 25,25,7,15,7,54
COOK:9300026,COOK:Schaumburg Precinct 26,20,3,15,11,49
COOK:9300027,COOK:Schaumburg Precinct 27,18,4,13,10,45
COOK:9300028,COOK:Schaumburg Precinct 28,27,5,16,15,63
COOK:9300029,COOK:Schaumburg Precinct 29,36,8,14,20,78
COOK:9300030,COOK:Schaumburg Precinct 30,29,5,14,9,57
COOK:9300031,COOK:Schaumburg Precinct 31,19,5,31,15,70
COOK:9300032,COOK:Schaumburg Precinct 32,20,10,31,13,74
COOK:9300033,COOK:Schaumburg Precinct 33,60,14,34,19,127
COOK:9300034,COOK:Schaumburg Precinct 34,10,2,8,7,27
COOK:9300035,COOK:Schaumburg Precinct 35,19,4,7,5,35
COOK:9300036,COOK:Schaumburg Precinct 36,31,15,34,26,106
COOK:9300037,COOK:Schaumburg Precinct 37,22,8,8,8,46
COOK:9300038,COOK:Schaumburg Precinct 38,26,8,24,13,71
COOK:9300039,COOK:Schaumburg Precinct 39,44,15,17,20,96
COOK:9300040,COOK:Schaumburg Precinct 40,26,12,21,8,67
COOK:9300041,COOK:Schaumburg Precinct 41,38,19,32,15,104
COOK:9300042,COOK:Schaumburg Precinct 42,15,6,19,7,47
COOK:9300043,COOK:Schaumburg Precinct 43,16,1,8,15,40
COOK:9300044,COOK:Schaumburg Precinct 44,16,1,10,7,34
COOK:9300045,COOK:Schaumburg Precinct 45,22,5,23,9,59
COOK:9300046,COOK:Schaumburg Precinct 46,20,3,16,4,43
COOK:9300047,COOK:Schaumburg Precinct 47,39,4,22,7,72
COOK:9300048,COOK:Schaumburg Precinct 48,27,6,28,10,71
COOK:9300049,COOK:Schaumburg Precinct 49,18,3,20,13,54
COOK:9300050,COOK:Schaumburg Precinct 50,44,9,32,11,96
COOK:9300051,COOK:Schaumburg Precinct 51,12,8,13,4,37
COOK:9300052,COOK:Schaumburg Precinct 52,48,17,33,12,110
COOK:9300053,COOK:Schaumburg Precinct 53,23,6,21,13,63
COOK:9300054,COOK:Schaumburg Precinct 54,17,9,9,14,49
COOK:9300055,COOK:Schaumburg Precinct 55,49,8,36,30,123
COOK:9300056,COOK:Schaumburg Precinct 56,23,9,28,12,72
COOK:9300057,COOK:Schaumburg Precinct 57,50,7,38,13,108
COOK:9300058,COOK:Schaumburg Precinct 58,17,7,10,3,37
COOK:9300059,COOK:Schaumburg Precinct 59,58,11,28,15,112
COOK:9300060,COOK:Schaumburg Precinct 60,13,3,9,14,39
COOK:9300061,COOK:Schaumburg Precinct 61,34,5,24,6,69
COOK:9300062,COOK:Schaumburg Precinct 62,12,1,19,8,40
COOK:9300063,COOK:Schaumburg Precinct 63,54,8,33,20,115
COOK:9300064,COOK:Schaumburg Precinct 64,33,5,21,5,64
COOK:9300065,COOK:Schaumburg Precinct 65,20,4,19,14,57
COOK:9300066,COOK:Schaumburg Precinct 66,51,10,25,16,102
COOK:9300067,COOK:Schaumburg Precinct 67,35,10,38,12,95
COOK:9300068,COOK:Schaumburg Precinct 68,34,4,15,7,60
COOK:9300069,COOK:Schaumburg Precinct 69,15,4,18,8,45
COOK:9400001,COOK:Stickney Precinct 1,18,6,14,3,41
COOK:9400002,COOK:Stickney Precinct 2,13,1,15,8,37
COOK:9400003,COOK:Stickney Precinct 3,16,6,39,3,64
COOK:9400004,COOK:Stickney Precinct 4,29,2,21,7,59
COOK:9400005,COOK:Stickney Precinct 5,23,11,23,9,66
COOK:9400006,COOK:Stickney Precinct 6,43,3,23,5,74
COOK:9400007,COOK:Stickney Precinct 7,10,1,6,2,19
COOK:9400008,COOK:Stickney Precinct 8,17,4,18,3,42
COOK:9400009,COOK:Stickney Precinct 9,25,1,16,4,46
COOK:9400010,COOK:Stickney Precinct 10,21,5,23,8,57
COOK:9400011,COOK:Stickney Precinct 11,29,2,14,6,51
COOK:7200057,COOK:Stickney Precinct 12,28,3,14,2,47
COOK:9400013,COOK:Stickney Precinct 13,12,1,20,1,34
COOK:9400014,COOK:Stickney Precinct 14,27,6,21,7,61
COOK:9400015,COOK:Stickney Precinct 15,14,4,22,4,44
COOK:9400016,COOK:Stickney Precinct 16,19,4,22,8,53
COOK:9400017,COOK:Stickney Precinct 17,2,2,11,2,17
COOK:9400018,COOK:Stickney Precinct 18,9,4,17,2,32
COOK:9400019,COOK:Stickney Precinct 19,10,12,6,10,38
COOK:9400020,COOK:Stickney Precinct 20,10,1,8,1,20
COOK:9500001,COOK:Thornton Precinct 1,1,2,3,0,6
COOK:9500002,COOK:Thornton Precinct 2,2,0,4,1,7
COOK:9500003,COOK:Thornton Precinct 3,5,0,4,5,14
COOK:9500004,COOK:Thornton Precinct 4,0,0,2,0,2
COOK:9500005,COOK:Thornton Precinct 5,3,0,2,0,5
COOK:9500006,COOK:Thornton Precinct 6,2,1,1,0,4
COOK:9500007,COOK:Thornton Precinct 7,0,0,2,0,2
COOK:9500008,COOK:Thornton Precinct 8,0,0,1,0,1
COOK:9500009,COOK:Thornton Precinct 9,0,0,1,0,1
COOK:9500010,COOK:Thornton Precinct 10,7,1,14,2,24
COOK:9500011,COOK:Thornton Precinct 11,5,2,5,0,12
COOK:9500012,COOK:Thornton Precinct 12,5,1,1,0,7
COOK:9500013,COOK:Thornton Precinct 13,9,3,14,2,28
COOK:9500014,COOK:Thornton Precinct 14,1,0,2,0,3
COOK:9500015,COOK:Thornton Precinct 15,1,2,4,0,7
COOK:9500016,COOK:Thornton Precinct 16,9,0,10,2,21
COOK:9500017,COOK:Thornton Precinct 17,4,0,8,0,12
COOK:9500018,COOK:Thornton Precinct 18,14,5,24,5,48
COOK:9500019,COOK:Thornton Precinct 19,6,8,10,1,25
COOK:9500020,COOK:Thornton Precinct 20,9,4,23,8,44
COOK:9500021,COOK:Thornton Precinct 21,10,2,7,1,20
COOK:9500022,COOK:Thornton Precinct 22,0,0,2,0,2
COOK:9500023,COOK:Thornton Precinct 23,1,0,5,1,7
COOK:9500024,COOK:Thornton Precinct 24,9,3,8,1,21
COOK:9500025,COOK:Thornton Precinct 25,17,3,12,1,33
COOK:9500026,COOK:Thornton Precinct 26,11,1,12,2,26
COOK:9500027,COOK:Thornton Precinct 27,2,1,2,1,6
COOK:9500028,COOK:Thornton Precinct 28,3,1,4,0,8
COOK:9500029,COOK:Thornton Precinct 29,0,1,1,1,3
COOK:9500030,COOK:Thornton Precinct 30,0,0,1,0,1
COOK:9500031,COOK:Thornton Precinct 31,4,1,8,4,17
COOK:9500032,COOK:Thornton Precinct 32,2,1,1,2,6
COOK:9500033,COOK:Thornton Precinct 33,0,0,1,0,1
COOK:9500034,COOK:Thornton Precinct 34,2,0,10,0,12
COOK:9500035,COOK:Thornton Precinct 35,6,0,2,1,9
COOK:9500036,COOK:Thornton Precinct 36,1,0,4,0,5
COOK:9500037,COOK:Thornton Precinct 37,7,2,7,3,19
COOK:9500038,COOK:Thornton Precinct 38,1,1,1,0,3
COOK:9500039,COOK:Thornton Precinct 39,2,0,2,0,4
COOK:9500040,COOK:Thornton Precinct 40,3,2,1,0,6
COOK:9500041,COOK:Thornton Precinct 41,0,0,3,0,3
COOK:9500042,COOK:Thornton Precinct 42,4,2,5,2,13
COOK:9500043,COOK:Thornton Precinct 43,17,3,18,7,45
COOK:9500044,COOK:Thornton Precinct 44,1,0,1,1,3
COOK:9500045,COOK:Thornton Precinct 45,2,1,1,4,8
COOK:9500046,COOK:Thornton Precinct 46,1,0,3,1,5
COOK:9500047,COOK:Thornton Precinct 47,13,1,14,5,33
COOK:9500048,COOK:Thornton Precinct 48,2,0,1,0,3
COOK:9500049,COOK:Thornton Precinct 49,2,2,1,0,5
COOK:9500050,COOK:Thornton Precinct 50,4,3,7,1,15
COOK:9500051,COOK:Thornton Precinct 51,10,2,4,2,18
COOK:9500052,COOK:Thornton Precinct 52,1,0,1,0,2
COOK:9500053,COOK:Thornton Precinct 53,8,4,9,3,24
COOK:9500054,COOK:Thornton Precinct 54,3,4,4,4,15
COOK:9500055,COOK:Thornton Precinct 55,2,1,1,0,4
COOK:9500056,COOK:Thornton Precinct 56,9,1,2,3,15
COOK:9500057,COOK:Thornton Precinct 57,9,1,15,7,32
COOK:9500058,COOK:Thornton Precinct 58,12,1,12,0,25
COOK:9500059,COOK:Thornton Precinct 59,4,1,6,1,12
COOK:9500060,COOK:Thornton Precinct 60,0,0,0,0,0
COOK:9500061,COOK:Thornton Precinct 61,3,0,2,3,8
COOK:9500062,COOK:Thornton Precinct 62,3,0,4,0,7
COOK:9500063,COOK:Thornton Precinct 63,4,1,2,1,8
COOK:9500064,COOK:Thornton Precinct 64,0,0,0,0,0
COOK:9500065,COOK:Thornton Precinct 65,14,3,14,2,33
COOK:9500066,COOK:Thornton Precinct 66,7,3,4,1,15
COOK:9500067,COOK:Thornton Precinct 67,16,2,16,6,40
COOK:9500068,COOK:Thornton Precinct 68,8,4,7,1,20
COOK:9500069,COOK:Thornton Precinct 69,1,1,2,0,4
COOK:9500070,COOK:Thornton Precinct 70,1,1,0,3,5
COOK:9500071,COOK:Thornton Precinct 71,3,0,1,0,4
COOK:9500072,COOK:Thornton Precinct 72,2,1,0,0,3
COOK:9500073,COOK:Thornton Precinct 73,4,2,6,2,14
COOK:9500074,COOK:Thornton Precinct 74,0,1,0,0,1
COOK:9500075,COOK:Thornton Precinct 75,2,2,2,0,6
COOK:9500076,COOK:Thornton Precinct 76,1,0,7,0,8
COOK:9500077,COOK:Thornton Precinct 77,0,1,5,1,7
COOK:9500078,COOK:Thornton Precinct 78,1,0,0,0,1
COOK:9500079,COOK:Thornton Precinct 79,4,1,3,2,10
COOK:9500080,COOK:Thornton Precinct 80,1,1,0,1,3
COOK:9500081,COOK:Thornton Precinct 81,1,0,5,2,8
COOK:9500082,COOK:Thornton Precinct 82,10,9,18,4,41
COOK:9500083,COOK:Thornton Precinct 83,2,0,3,2,7
COOK:9500084,COOK:Thornton Precinct 84,2,0,3,1,6
COOK:9500085,COOK:Thornton Precinct 85,8,2,4,0,14
COOK:9500086,COOK:Thornton Precinct 86,1,2,1,0,4
COOK:9500087,COOK:Thornton Precinct 87,1,0,2,0,3
COOK:9500088,COOK:Thornton Precinct 88,1,0,1,0,2
COOK:9500089,COOK:Thornton Precinct 89,2,2,9,1,14
COOK:9500090,COOK:Thornton Precinct 90,1,0,2,0,3
COOK:9500091,COOK:Thornton Precinct 91,2,2,5,1,10
COOK:9500092,COOK:Thornton Precinct 92,6,0,12,4,22
COOK:9500093,COOK:Thornton Precinct 93,2,1,0,0,3
COOK:9500094,COOK:Thornton Precinct 94,1,0,1,1,3
COOK:9500095,COOK:Thornton Precinct 95,3,3,1,0,7
COOK:9500096,COOK:Thornton Precinct 96,4,2,2,1,9
COOK:9500097,COOK:Thornton Precinct 97,2,0,2,0,4
COOK:9500098,COOK:Thornton Precinct 98,0,0,3,0,3
COOK:9500099,COOK:Thornton Precinct 99,0,1,0,0,1
COOK:9500100,COOK:Thornton Precinct 100,1,0,0,1,2
COOK:9500101,COOK:Thornton Precinct 101,2,0,2,0,4
COOK:9500102,COOK:Thornton Precinct 102,3,0,6,2,11
COOK:9500103,COOK:Thornton Precinct 103,2,0,3,0,5
COOK:9500104,COOK:Thornton Precinct 104,5,1,0,0,6
COOK:9600001,COOK:Wheeling Precinct 1,50,6,15,8,79
COOK:9600002,COOK:Wheeling Precinct 2,73,5,22,5,105
COOK:9600003,COOK:Wheeling Precinct 3,33,1,11,6,51
COOK:9600004,COOK:Wheeling Precinct 4,49,6,23,7,85
COOK:9600005,COOK:Wheeling Precinct 5,39,4,7,5,55
COOK:9600006,COOK:Wheeling Precinct 6,29,1,7,2,39
COOK:9600007,COOK:Wheeling Precinct 7,38,3,15,5,61
COOK:9600008,COOK:Wheeling Precinct 8,60,7,20,5,92
COOK:9600009,COOK:Wheeling Precinct 9,17,1,9,3,30
COOK:9600010,COOK:Wheeling Precinct 10,47,3,9,6,65
COOK:9600011,COOK:Wheeling Precinct 11,66,7,10,3,86
COOK:9600012,COOK:Wheeling Precinct 12,74,4,19,8,105
COOK:9600013,COOK:Wheeling Precinct 13,25,1,9,7,42
COOK:9600014,COOK:Wheeling Precinct 14,33,1,9,4,47
COOK:9600015,COOK:Wheeling Precinct 15,22,1,9,8,40
COOK:9600016,COOK:Wheeling Precinct 16,14,0,6,1,21
COOK:9600017,COOK:Wheeling Precinct 17,23,6,12,4,45
COOK:9600018,COOK:Wheeling Precinct 18,33,2,8,1,44
COOK:9600019,COOK:Wheeling Precinct 19,48,4,14,3,69
COOK:9600020,COOK:Wheeling Precinct 20,61,5,14,4,84
COOK:9600021,COOK:Wheeling Precinct 21,77,8,28,3,116
COOK:9600022,COOK:Wheeling Precinct 22,28,1,13,5,47
COOK:9600023,COOK:Wheeling Precinct 23,40,2,13,9,64
COOK:9600024,COOK:Wheeling Precinct 24,73,7,23,10,113
COOK:9600025,COOK:Wheeling Precinct 25,27,2,18,3,50
COOK:9600026,COOK:Wheeling Precinct 26,56,2,15,5,78
COOK:9600027,COOK:Wheeling Precinct 27,59,5,14,7,85
COOK:9600028,COOK:Wheeling Precinct 28,74,8,19,11,112
COOK:9600029,COOK:Wheeling Precinct 29,34,6,9,7,56
COOK:9600030,COOK:Wheeling Precinct 30,51,5,39,7,102
COOK:9600031,COOK:Wheeling Precinct 31,62,5,15,6,88
COOK:9600032,COOK:Wheeling Precinct 32,38,2,12,6,58
COOK:9600033,COOK:Wheeling Precinct 33,10,2,15,6,33
COOK:9600034,COOK:Wheeling Precinct 34,68,4,17,8,97
COOK:9600035,COOK:Wheeling Precinct 35,43,4,15,13,75
COOK:9600036,COOK:Wheeling Precinct 36,53,5,13,9,80
COOK:9600037,COOK:Wheeling Precinct 37,27,5,22,8,62
COOK:9600038,COOK:Wheeling Precinct 38,16,4,15,7,42
COOK:9600039,COOK:Wheeling Precinct 39,32,3,16,4,55
COOK:9600040,COOK:Wheeling Precinct 40,83,6,30,6,125
COOK:9600041,COOK:Wheeling Precinct 41,86,4,23,4,117
COOK:9600042,COOK:Wheeling Precinct 42,59,8,11,3,81
COOK:9600043,COOK:Wheeling Precinct 43,55,2,9,4,70
COOK:9600044,COOK:Wheeling Precinct 44,53,3,9,6,71
COOK:9600045,COOK:Wheeling Precinct 45,28,3,8,4,43
COOK:9600046,COOK:Wheeling Precinct 46,72,3,36,7,118
COOK:9600047,COOK:Wheeling Precinct 47,78,6,14,3,101
COOK:9600048,COOK:Wheeling Precinct 48,25,4,20,6,55
COOK:9600049,COOK:Wheeling Precinct 49,27,7,10,7,51
COOK:9600050,COOK:Wheeling Precinct 50,17,2,14,3,36
COOK:9600051,COOK:Wheeling Precinct 51,37,6,13,11,67
COOK:9600052,COOK:Wheeling Precinct 52,41,2,18,4,65
COOK:9600053,COOK:Wheeling Precinct 53,43,2,11,5,61
COOK:9600054,COOK:Wheeling Precinct 54,67,8,30,7,112
COOK:9600055,COOK:Wheeling Precinct 55,24,8,10,8,50
COOK:9600056,COOK:Wheeling Precinct 56,35,4,11,3,53
COOK:9600057,COOK:Wheeling Precinct 57,56,5,14,3,78
COOK:9600058,COOK:Wheeling Precinct 58,40,0,18,4,62
COOK:9600059,COOK:Wheeling Precinct 59,44,4,11,9,68
COOK:9600060,COOK:Wheeling Precinct 60,72,7,31,4,114
COOK:9600061,COOK:Wheeling Precinct 61,120,9,36,12,177
COOK:9600062,COOK:Wheeling Precinct 62,46,6,10,3,65
COOK:9600063,COOK:Wheeling Precinct 63,23,4,6,4,37
COOK:9600064,COOK:Wheeling Precinct 64,43,2,12,12,69
COOK:9600065,COOK:Wheeling Precinct 65,70,7,23,6,106
COOK:9600066,COOK:Wheeling Precinct 66,44,3,19,8,74
COOK:9600067,COOK:Wheeling Precinct 67,43,1,11,3,58
COOK:9600068,COOK:Wheeling Precinct 68,20,3,16,8,47
COOK:9600069,COOK:Wheeling Precinct 69,80,8,18,9,115
COOK:9600070,COOK:Wheeling Precinct 70,59,4,25,3,91
COOK:9600071,COOK:Wheeling Precinct 71,56,6,17,14,93
COOK:9600072,COOK:Wheeling Precinct 72,28,6,13,5,52
COOK:9600073,COOK:Wheeling Precinct 73,20,1,14,4,39
COOK:9600074,COOK:Wheeling Precinct 74,45,4,10,10,69
COOK:9600075,COOK:Wheeling Precinct 75,33,1,17,7,58
COOK:9600076,COOK:Wheeling Precinct 76,33,5,10,3,51
COOK:9600077,COOK:Wheeling Precinct 77,8,0,3,0,11
COOK:9600078,COOK:Wheeling Precinct 78,57,8,15,6,86
COOK:9600079,COOK:Wheeling Precinct 79,23,8,15,6,52
COOK:9600080,COOK:Wheeling Precinct 80,33,1,10,1,45
COOK:9600081,COOK:Wheeling Precinct 81,22,2,6,0,30
COOK:9700001,COOK:Worth Precinct 1,13,7,8,5,33
COOK:9700002,COOK:Worth Precinct 2,16,1,17,9,43
COOK:9700003,COOK:Worth Precinct 3,21,2,25,12,60
COOK:9700004,COOK:Worth Precinct 4,17,6,16,3,42
COOK:9700005,COOK:Worth Precinct 5,46,1,39,8,94
COOK:9700006,COOK:Worth Precinct 6,18,5,25,10,58
COOK:9700007,COOK:Worth Precinct 7,35,6,70,14,125
COOK:9700008,COOK:Worth Precinct 8,8,5,12,5,30
COOK:9700009,COOK:Worth Precinct 9,19,9,28,12,68
COOK:9700010,COOK:Worth Precinct 10,9,5,15,7,36
COOK:9700011,COOK:Worth Precinct 11,20,5,15,11,51
COOK:9700012,COOK:Worth Precinct 12,8,4,16,0,28
COOK:9700013,COOK:Worth Precinct 13,16,3,17,5,41
COOK:9700014,COOK:Worth Precinct 14,7,0,7,3,17
COOK:9700015,COOK:Worth Precinct 15,12,13,28,11,64
COOK:9700016,COOK:Worth Precinct 16,17,8,40,12,77
COOK:9700017,COOK:Worth Precinct 17,7,1,3,3,14
COOK:9700018,COOK:Worth Precinct 18,24,6,25,6,61
COOK:9700019,COOK:Worth Precinct 19,20,2,18,9,49
COOK:9700020,COOK:Worth Precinct 20,2,3,11,0,16
COOK:9700021,COOK:Worth Precinct 21,17,11,28,7,63
COOK:9700022,COOK:Worth Precinct 22,17,7,26,12,62
COOK:9700023,COOK:Worth Precinct 23,36,9,49,19,113
COOK:9700024,COOK:Worth Precinct 24,5,2,3,1,11
COOK:9700025,COOK:Worth Precinct 25,21,8,20,6,55
COOK:9700026,COOK:Worth Precinct 26,15,7,12,6,40
COOK:9700027,COOK:Worth Precinct 27,19,3,15,5,42
COOK:9700028,COOK:Worth Precinct 28,10,1,14,2,27
COOK:9700029,COOK:Worth Precinct 29,5,2,7,1,15
COOK:9700030,COOK:Worth Precinct 30,36,3,22,10,71
COOK:9700031,COOK:Worth Precinct 31,11,7,22,6,46
COOK:9700032,COOK:Worth Precinct 32,24,3,21,7,55
COOK:9700033,COOK:Worth Precinct 33,22,1,17,7,47
COOK:9700034,COOK:Worth Precinct 34,13,5,19,5,42
COOK:9700035,COOK:Worth Precinct 35,17,23,42,14,96
COOK:9700036,COOK:Worth Precinct 36,18,5,12,5,40
COOK:9700037,COOK:Worth Precinct 37,14,1,17,4,36
COOK:9700038,COOK:Worth Precinct 38,28,4,20,10,62
COOK:9700039,COOK:Worth Precinct 39,23,3,16,1,43
COOK:9700040,COOK:Worth Precinct 40,12,3,14,4,33
COOK:9700041,COOK:Worth Precinct 41,48,3,34,9,94
COOK:9700042,COOK:Worth Precinct 42,24,7,19,7,57
COOK:9700043,COOK:Worth Precinct 43,1,0,3,0,4
COOK:9700044,COOK:Worth Precinct 44,8,2,8,1,19
COOK:9700045,COOK:Worth Precinct 45,24,3,23,7,57
COOK:9700046,COOK:Worth Precinct 46,30,9,22,5,66
COOK:9700047,COOK:Worth Precinct 47,13,5,33,5,56
COOK:9700048,COOK:Worth Precinct 48,12,2,12,4,30
COOK:9700049,COOK:Worth Precinct 49,28,5,30,14,77
COOK:9700050,COOK:Worth Precinct 50,16,12,21,25,74
COOK:9700051,COOK:Worth Precinct 51,17,6,20,8,51
COOK:9700052,COOK:Worth Precinct 52,28,6,33,4,71
COOK:9700053,COOK:Worth Precinct 53,22,4,29,14,69
COOK:9700054,COOK:Worth Precinct 54,9,6,15,8,38
COOK:9700055,COOK:Worth Precinct 55,0,2,13,3,18
COOK:9700056,COOK:Worth Precinct 56,39,7,30,9,85
COOK:9700057,COOK:Worth Precinct 57,23,2,22,4,51
COOK:9700058,COOK:Worth Precinct 58,27,12,41,10,90
COOK:9700059,COOK:Worth Precinct 59,7,3,10,3,23
COOK:9700060,COOK:Worth Precinct 60,22,4,5,7,38
COOK:9700061,COOK:Worth Precinct 61,18,7,16,6,47
COOK:9700062,COOK:Worth Precinct 62,33,18,20,11,82
COOK:9700063,COOK:Worth Precinct 63,25,6,23,16,70
COOK:9700064,COOK:Worth Precinct 64,28,7,43,8,86
COOK:9700065,COOK:Worth Precinct 65,50,8,62,16,136
COOK:9700066,COOK:Worth Precinct 66,33,3,15,10,61
COOK:9700067,COOK:Worth Precinct 67,43,10,49,16,118
COOK:9700068,COOK:Worth Precinct 68,5,1,14,1,21
COOK:9700069,COOK:Worth Precinct 69,24,3,11,5,43
COOK:9700070,COOK:Worth Precinct 70,29,10,25,5,69
COOK:9700071,COOK:Worth Precinct 71,22,4,23,4,53
COOK:9700072,COOK:Worth Precinct 72,16,10,14,7,47
COOK:9700073,COOK:Worth Precinct 73,13,5,15,12,45
COOK:9700074,COOK:Worth Precinct 74,22,12,41,10,85
COOK:9700075,COOK:Worth Precinct 75,37,2,19,3,61
COOK:9700076,COOK:Worth Precinct 76,41,12,34,12,99
COOK:9700077,COOK:Worth Precinct 77,12,3,16,4,35
COOK:9700078,COOK:Worth Precinct 78,16,4,29,7,56
COOK:9700079,COOK:Worth Precinct 79,27,5,20,6,58
COOK:9700080,COOK:Worth Precinct 80,5,5,9,5,24
COOK:9700081,COOK:Worth Precinct 81,9,1,10,0,20
COOK:9700082,COOK:Worth Precinct 82,32,15,42,12,101
,COOK:Suburban Cook County,31866,5548,20026,7916,65356
