JoinField,JoinField_alt,Kevin Ryan,Robin Kelly,Juliana Stratton,Raja Krishnamoorthi,Steve Botsford Jr.,Bryan Maxwell,Jonathan Dean,Sean Brown,Awisi A. Bustos,Christopher Swann,Total Voters
COOK:7000001,COOK:Barrington Precinct 1,3,17,62,105,0,0,1,1,0,0,189
COOK:7000002,COOK:Barrington Precinct 2,5,21,66,100,0,4,2,1,1,1,201
COOK:7000003,COOK:Barrington Precinct 3,9,22,32,87,0,0,1,1,0,0,152
COOK:7000004,COOK:Barrington Precinct 4,14,92,41,193,0,1,3,0,4,0,348
COOK:7000005,COOK:Barrington Precinct 5,5,13,53,64,1,0,0,2,1,0,139
COOK:7000006,COOK:Barrington Precinct 6,13,22,68,118,4,2,1,1,1,2,232
COOK:7000007,COOK:Barrington Precinct 7,9,9,18,23,0,0,0,1,0,0,60
COOK:7000008,COOK:Barrington Precinct 8,6,113,55,155,3,2,2,0,6,1,343
COOK:7000009,COOK:Barrington Precinct 9,4,18,64,65,1,1,2,2,1,0,158
COOK:7000010,COOK:Barrington Precinct 10,11,23,99,131,2,0,2,1,3,2,274
COOK:7000011,COOK:Barrington Precinct 11,6,60,45,81,1,2,0,0,0,1,196
COOK:9901001,COOK:Berwyn Ward 1 Precinct 1,10,23,66,72,1,0,4,1,4,6,187
COOK:9901002,COOK:Berwyn Ward 1 Precinct 2,11,29,68,58,0,1,2,0,4,3,176
COOK:9901003,COOK:Berwyn Ward 1 Precinct 3,17,48,100,90,2,1,0,7,5,1,271
COOK:9901004,COOK:Berwyn Ward 1 Precinct 4,21,53,156,128,1,1,3,0,3,1,367
COOK:9902001,COOK:Berwyn Ward 2 Precinct 1,6,19,42,47,1,1,1,1,1,3,122
COOK:9902002,COOK:Berwyn Ward 2 Precinct 2,22,22,77,42,1,2,0,3,1,1,171
COOK:9902003,COOK:Berwyn Ward 2 Precinct 3,22,35,100,89,2,1,2,2,2,0,255
COOK:9902004,COOK:Berwyn Ward 2 Precinct 4,30,59,137,114,2,3,2,3,6,3,359
COOK:9903001,COOK:Berwyn Ward 3 Precinct 1,36,56,142,133,1,3,1,0,8,3,383
COOK:9903002,COOK:Berwyn Ward 3 Precinct 2,13,24,83,46,1,1,0,0,1,0,169
COOK:9903003,COOK:Berwyn Ward 3 Precinct 3,17,52,104,90,0,2,0,2,7,2,276
COOK:9903004,COOK:Berwyn Ward 3 Precinct 4,16,35,84,88,0,1,0,0,1,0,225
COOK:9904001,COOK:Berwyn Ward 4 Precinct 1,6,19,45,42,0,0,0,2,0,1,115
COOK:9904002,COOK:Berwyn Ward 4 Precinct 2,11,29,88,71,0,4,0,1,2,1,207
COOK:9904003,COOK:Berwyn Ward 4 Precinct 3,19,33,95,89,1,2,1,1,2,1,244
COOK:9904004,COOK:Berwyn Ward 4 Precinct 4,14,34,57,48,2,4,1,1,2,0,163
COOK:9905001,COOK:Berwyn Ward 5 Precinct 1,9,43,102,86,1,8,1,5,7,1,263
COOK:9905002,COOK:Berwyn Ward 5 Precinct 2,13,41,73,44,1,2,0,1,4,4,183
COOK:9905003,COOK:Berwyn Ward 5 Precinct 3,8,13,58,53,0,1,1,1,2,0,137
COOK:9906001,COOK:Berwyn Ward 6 Precinct 1,9,12,53,20,0,0,1,1,4,4,104
COOK:9906002,COOK:Berwyn Ward 6 Precinct 2,14,17,52,30,0,1,0,2,1,3,120
COOK:9906003,COOK:Berwyn Ward 6 Precinct 3,13,23,64,37,2,2,1,1,0,1,144
COOK:9906004,COOK:Berwyn Ward 6 Precinct 4,15,20,88,74,1,3,1,1,2,2,207
COOK:9907001,COOK:Berwyn Ward 7 Precinct 1,8,18,59,51,2,1,0,1,3,2,145
COOK:9907002,COOK:Berwyn Ward 7 Precinct 2,10,25,70,53,1,0,3,0,2,1,165
COOK:9907003,COOK:Berwyn Ward 7 Precinct 3,16,46,72,77,2,1,1,0,0,1,216
COOK:9907004,COOK:Berwyn Ward 7 Precinct 4,7,29,74,61,0,1,1,1,2,1,177
COOK:9908001,COOK:Berwyn Ward 8 Precinct 1,17,47,118,98,1,5,1,1,7,1,296
COOK:9908002,COOK:Berwyn Ward 8 Precinct 2,15,33,92,62,0,3,3,3,2,2,215
COOK:9908003,COOK:Berwyn Ward 8 Precinct 3,8,24,45,29,0,2,0,2,0,0,110
COOK:7100001,COOK:Bloom Precinct 1,12,181,93,62,0,0,0,2,3,1,354
COOK:7100002,COOK:Bloom Precinct 2,8,112,87,51,1,4,1,1,2,1,268
COOK:7100003,COOK:Bloom Precinct 3,6,54,23,20,0,0,0,1,0,1,105
COOK:7100004,COOK:Bloom Precinct 4,7,70,45,30,0,0,1,0,0,1,154
COOK:7100005,COOK:Bloom Precinct 5,11,121,88,65,1,0,0,0,1,2,289
COOK:7100006,COOK:Bloom Precinct 6,1,29,13,7,0,1,0,0,0,0,51
COOK:7100007,COOK:Bloom Precinct 7,4,107,63,32,1,1,1,0,0,0,209
COOK:7100008,COOK:Bloom Precinct 8,7,52,25,36,0,1,1,1,0,0,123
COOK:7100009,COOK:Bloom Precinct 9,2,61,40,23,0,1,0,1,1,2,131
COOK:7100010,COOK:Bloom Precinct 10,2,32,14,5,2,1,0,0,0,0,56
COOK:7100011,COOK:Bloom Precinct 11,6,39,24,17,0,0,0,0,0,1,87
COOK:7100012,COOK:Bloom Precinct 12,4,122,75,22,0,0,1,1,1,0,226
COOK:7100013,COOK:Bloom Precinct 13,5,205,94,75,0,0,0,2,2,2,385
COOK:7100014,COOK:Bloom Precinct 14,7,109,93,48,1,3,0,3,0,0,264
COOK:7100015,COOK:Bloom Precinct 15,3,47,40,29,0,0,1,0,1,2,123
COOK:7100016,COOK:Bloom Precinct 16,7,117,93,42,0,0,0,0,2,3,264
COOK:7100017,COOK:Bloom Precinct 17,0,104,46,30,0,1,0,1,1,0,183
COOK:7100018,COOK:Bloom Precinct 18,5,86,33,15,0,0,0,1,0,0,140
COOK:7100019,COOK:Bloom Precinct 19,3,131,78,50,0,2,0,0,2,1,267
COOK:7100020,COOK:Bloom Precinct 20,5,87,68,30,0,1,0,0,0,2,193
COOK:7100021,COOK:Bloom Precinct 21,0,14,13,3,0,0,0,0,0,0,30
COOK:7100022,COOK:Bloom Precinct 22,2,39,33,19,0,1,1,4,0,1,100
COOK:7100023,COOK:Bloom Precinct 23,7,74,55,28,2,0,2,2,0,1,171
COOK:7100024,COOK:Bloom Precinct 24,3,150,107,32,1,1,1,2,1,0,298
COOK:7100025,COOK:Bloom Precinct 25,5,69,28,19,0,1,1,0,1,0,124
COOK:7100026,COOK:Bloom Precinct 26,1,78,60,25,0,1,1,3,0,0,169
COOK:7100027,COOK:Bloom Precinct 27,4,87,45,32,0,0,2,2,0,3,175
COOK:7100028,COOK:Bloom Precinct 28,8,100,31,28,0,1,0,1,2,1,172
COOK:7100029,COOK:Bloom Precinct 29,3,45,14,7,0,1,0,0,0,1,71
COOK:7100030,COOK:Bloom Precinct 30,6,136,86,58,0,1,0,0,1,1,289
COOK:7100031,COOK:Bloom Precinct 31,4,131,85,48,0,0,3,5,0,1,277
COOK:7100032,COOK:Bloom Precinct 32,10,71,57,22,0,1,0,4,1,1,167
COOK:7100033,COOK:Bloom Precinct 33,7,106,68,33,0,1,0,0,3,0,218
COOK:7100034,COOK:Bloom Precinct 34,7,180,105,55,2,2,1,3,3,0,358
COOK:7100035,COOK:Bloom Precinct 35,4,37,22,8,0,0,0,1,0,0,72
COOK:7100036,COOK:Bloom Precinct 36,4,157,109,41,0,0,0,5,0,0,316
COOK:7100037,COOK:Bloom Precinct 37,0,72,54,23,0,0,0,1,1,0,151
COOK:7100038,COOK:Bloom Precinct 38,6,330,233,80,0,3,1,5,0,3,661
COOK:7100039,COOK:Bloom Precinct 39,6,71,28,19,0,0,1,0,0,2,127
COOK:7100040,COOK:Bloom Precinct 40,10,254,143,78,1,4,0,0,1,1,492
COOK:7100041,COOK:Bloom Precinct 41,3,178,97,35,0,0,0,4,2,0,319
COOK:7100042,COOK:Bloom Precinct 42,2,167,116,47,2,1,1,1,0,0,337
COOK:7100043,COOK:Bloom Precinct 43,6,130,92,31,0,0,0,2,2,0,263
COOK:7100044,COOK:Bloom Precinct 44,6,97,78,50,2,1,1,2,1,0,238
COOK:7100045,COOK:Bloom Precinct 45,8,177,115,35,0,0,0,5,0,0,340
COOK:7100046,COOK:Bloom Precinct 46,3,42,32,14,0,0,0,1,1,0,93
COOK:7100047,COOK:Bloom Precinct 47,8,138,67,42,0,0,2,1,1,2,261
COOK:7100048,COOK:Bloom Precinct 48,3,99,53,24,0,1,1,3,0,2,186
COOK:7100049,COOK:Bloom Precinct 49,4,222,153,59,0,1,1,3,0,2,445
COOK:7100050,COOK:Bloom Precinct 50,6,126,105,28,0,0,0,0,0,0,265
COOK:7100051,COOK:Bloom Precinct 51,4,41,32,4,1,0,0,0,0,0,82
COOK:7100052,COOK:Bloom Precinct 52,4,82,41,11,0,0,0,0,1,0,139
COOK:7100053,COOK:Bloom Precinct 53,1,45,19,9,0,1,0,1,0,1,77
COOK:7100054,COOK:Bloom Precinct 54,4,78,31,24,0,1,0,1,0,0,139
COOK:7200001,COOK:Bremen Precinct 1,6,89,94,25,0,1,0,2,0,1,218
COOK:7200002,COOK:Bremen Precinct 2,4,120,81,22,0,2,0,2,1,1,233
COOK:7200003,COOK:Bremen Precinct 3,19,35,57,92,1,3,0,1,0,3,211
COOK:7200004,COOK:Bremen Precinct 4,11,33,76,41,0,0,0,1,1,1,164
COOK:7200005,COOK:Bremen Precinct 5,9,29,31,38,0,0,0,0,1,1,109
COOK:7200006,COOK:Bremen Precinct 6,13,19,65,52,0,1,1,2,4,2,159
COOK:7200007,COOK:Bremen Precinct 7,3,65,46,16,0,0,0,1,0,1,132
COOK:7200008,COOK:Bremen Precinct 8,2,83,45,14,0,1,0,1,0,0,146
COOK:7200009,COOK:Bremen Precinct 9,10,50,61,71,0,1,0,2,2,3,200
COOK:7200010,COOK:Bremen Precinct 10,13,38,49,50,1,0,3,3,3,0,160
COOK:7200011,COOK:Bremen Precinct 11,17,42,59,66,0,2,0,2,0,1,189
COOK:7200012,COOK:Bremen Precinct 12,5,146,106,49,1,1,0,0,0,1,309
COOK:7200013,COOK:Bremen Precinct 13,10,36,58,44,2,3,3,1,0,0,157
COOK:7200014,COOK:Bremen Precinct 14,10,25,52,32,2,0,0,1,1,0,123
COOK:7200015,COOK:Bremen Precinct 15,16,36,40,91,1,0,0,0,2,3,189
COOK:7200016,COOK:Bremen Precinct 16,16,27,48,43,2,0,0,1,1,1,139
COOK:7200017,COOK:Bremen Precinct 17,3,75,77,33,1,0,1,2,1,0,193
COOK:7200018,COOK:Bremen Precinct 18,7,30,67,58,0,0,0,1,3,2,168
COOK:7200019,COOK:Bremen Precinct 19,14,62,73,58,3,0,1,2,0,0,213
COOK:7200020,COOK:Bremen Precinct 20,12,30,58,62,2,0,0,3,0,2,169
COOK:7200021,COOK:Bremen Precinct 21,11,58,58,36,1,0,2,0,0,1,167
COOK:7200022,COOK:Bremen Precinct 22,9,26,30,22,0,1,1,0,0,2,91
COOK:7200023,COOK:Bremen Precinct 23,3,21,23,3,0,0,0,0,0,0,50
COOK:7200024,COOK:Bremen Precinct 24,9,23,24,41,0,0,1,5,0,0,103
COOK:7200025,COOK:Bremen Precinct 25,12,25,67,44,0,0,2,3,1,0,154
COOK:7200026,COOK:Bremen Precinct 26,5,132,96,50,0,2,0,0,1,0,286
COOK:7200027,COOK:Bremen Precinct 27,10,46,49,64,0,1,0,1,1,1,173
COOK:7200028,COOK:Bremen Precinct 28,6,11,25,21,0,1,0,0,0,2,66
COOK:7200029,COOK:Bremen Precinct 29,4,148,111,39,0,3,2,5,2,2,316
COOK:7200030,COOK:Bremen Precinct 30,23,26,46,41,0,1,0,0,1,4,142
COOK:7200031,COOK:Bremen Precinct 31,3,102,54,21,1,0,1,1,0,1,184
COOK:7200032,COOK:Bremen Precinct 32,3,135,121,43,0,1,0,2,0,0,305
COOK:7200033,COOK:Bremen Precinct 33,16,20,61,46,0,1,1,1,2,2,150
COOK:7200034,COOK:Bremen Precinct 34,30,26,56,60,0,0,1,2,1,2,178
COOK:7200035,COOK:Bremen Precinct 35,3,115,79,37,1,0,0,2,0,3,240
COOK:7200036,COOK:Bremen Precinct 36,4,142,95,53,0,2,0,1,1,1,299
COOK:7200037,COOK:Bremen Precinct 37,9,76,59,16,1,3,1,7,0,1,173
COOK:7200038,COOK:Bremen Precinct 38,10,53,78,65,1,0,1,1,4,2,215
COOK:7200039,COOK:Bremen Precinct 39,3,61,37,8,0,1,0,0,0,0,110
COOK:7200040,COOK:Bremen Precinct 40,5,179,125,42,0,3,0,4,0,4,362
COOK:7200041,COOK:Bremen Precinct 41,11,32,49,41,0,1,0,1,2,0,137
COOK:7200042,COOK:Bremen Precinct 42,14,24,42,61,0,0,1,0,2,2,146
COOK:7200043,COOK:Bremen Precinct 43,5,33,64,29,1,0,3,0,0,3,138
COOK:7200044,COOK:Bremen Precinct 44,20,37,77,70,0,3,0,2,2,2,213
COOK:7200045,COOK:Bremen Precinct 45,3,32,25,11,0,0,0,0,0,1,72
COOK:7200046,COOK:Bremen Precinct 46,5,205,122,34,0,1,0,2,0,0,369
COOK:7200047,COOK:Bremen Precinct 47,2,89,60,13,0,0,1,3,0,2,170
COOK:7200048,COOK:Bremen Precinct 48,3,74,53,21,0,1,0,1,1,2,156
COOK:7200049,COOK:Bremen Precinct 49,3,116,64,29,0,0,0,1,1,0,214
COOK:7200050,COOK:Bremen Precinct 50,17,57,72,72,1,1,0,1,1,1,223
COOK:7200051,COOK:Bremen Precinct 51,2,63,51,15,1,0,0,3,0,0,135
COOK:7200052,COOK:Bremen Precinct 52,11,49,49,38,0,0,0,2,3,0,152
COOK:7200053,COOK:Bremen Precinct 53,7,19,10,42,1,0,0,0,1,1,81
COOK:7200054,COOK:Bremen Precinct 54,10,27,25,46,0,0,1,0,2,1,112
COOK:7200055,COOK:Bremen Precinct 55,8,34,40,29,1,0,1,2,0,0,115
COOK:7200056,COOK:Bremen Precinct 56,5,85,72,30,2,0,1,3,0,0,198
COOK:9400012,COOK:Bremen Precinct 57,13,33,60,43,0,0,2,0,0,4,155
COOK:7200058,COOK:Bremen Precinct 58,16,36,40,49,0,0,2,2,0,2,147
COOK:7200059,COOK:Bremen Precinct 59,8,23,43,43,0,0,1,1,1,0,120
COOK:7200060,COOK:Bremen Precinct 60,6,27,40,41,0,2,3,1,0,0,120
COOK:7200061,COOK:Bremen Precinct 61,4,22,33,38,0,0,1,1,1,0,100
COOK:7200062,COOK:Bremen Precinct 62,4,31,39,38,0,0,0,0,1,0,113
COOK:7200063,COOK:Bremen Precinct 63,7,118,82,27,1,2,0,1,0,1,239
COOK:7200064,COOK:Bremen Precinct 64,12,52,53,69,1,0,0,4,4,0,195
COOK:7200065,COOK:Bremen Precinct 65,9,36,56,46,0,1,1,1,1,0,151
COOK:7200066,COOK:Bremen Precinct 66,5,209,132,33,1,0,1,1,0,0,382
COOK:7300001,COOK:Calumet Precinct 1,12,62,51,36,0,0,1,1,3,0,166
COOK:7300002,COOK:Calumet Precinct 2,9,47,35,36,0,3,0,0,1,0,131
COOK:7300003,COOK:Calumet Precinct 3,4,80,66,34,3,1,2,1,1,1,193
COOK:7300004,COOK:Calumet Precinct 4,0,63,45,18,0,1,0,2,1,0,130
COOK:7300005,COOK:Calumet Precinct 5,10,98,113,41,2,0,1,5,2,2,274
COOK:7300006,COOK:Calumet Precinct 6,10,77,97,35,1,1,2,3,1,1,228
COOK:7300007,COOK:Calumet Precinct 7,7,77,70,36,0,1,1,0,0,0,192
COOK:7300008,COOK:Calumet Precinct 8,4,31,40,17,0,0,0,1,1,1,95
COOK:7300009,COOK:Calumet Precinct 9,8,87,102,33,1,1,2,1,0,0,235
COOK:7300010,COOK:Calumet Precinct 10,7,94,108,26,1,2,0,0,1,2,241
COOK:7300011,COOK:Calumet Precinct 11,18,132,158,32,1,1,0,4,2,0,348
COOK:9800001,COOK:Cicero Precinct 1,11,17,78,70,1,0,1,1,4,3,186
COOK:9800002,COOK:Cicero Precinct 2,20,11,23,15,1,4,1,0,3,1,79
COOK:9800003,COOK:Cicero Precinct 3,10,17,47,46,1,2,1,1,2,2,129
COOK:9800004,COOK:Cicero Precinct 4,14,9,61,55,0,0,1,0,6,1,147
COOK:9800005,COOK:Cicero Precinct 5,20,18,71,174,0,2,1,1,3,3,293
COOK:9800006,COOK:Cicero Precinct 6,10,22,46,104,0,1,1,0,4,3,191
COOK:9800007,COOK:Cicero Precinct 7,10,7,36,46,1,2,1,1,1,0,105
COOK:9800008,COOK:Cicero Precinct 8,10,9,42,61,0,0,0,0,5,0,127
COOK:9800009,COOK:Cicero Precinct 9,16,17,60,75,2,2,0,2,4,4,182
COOK:9800010,COOK:Cicero Precinct 10,15,18,58,114,0,2,1,1,5,2,216
COOK:9800011,COOK:Cicero Precinct 11,17,17,66,128,2,0,1,1,3,1,236
COOK:9800012,COOK:Cicero Precinct 12,20,22,64,80,0,1,6,5,4,3,205
COOK:9800013,COOK:Cicero Precinct 13,22,14,51,111,1,4,2,2,4,2,213
COOK:9800014,COOK:Cicero Precinct 14,9,20,62,87,1,0,3,1,3,0,186
COOK:9800015,COOK:Cicero Precinct 15,13,19,61,71,4,2,1,2,0,3,176
COOK:9800016,COOK:Cicero Precinct 16,6,8,44,60,3,1,1,2,3,0,128
COOK:9800017,COOK:Cicero Precinct 17,15,13,49,68,2,2,1,3,1,0,154
COOK:9800018,COOK:Cicero Precinct 18,6,10,40,53,0,0,2,0,2,2,115
COOK:9800019,COOK:Cicero Precinct 19,12,23,59,119,1,1,4,1,3,2,225
COOK:9800020,COOK:Cicero Precinct 20,10,13,21,88,0,0,0,0,1,1,134
COOK:9800021,COOK:Cicero Precinct 21,16,14,51,65,0,1,1,0,1,2,151
COOK:9800022,COOK:Cicero Precinct 22,17,19,34,106,1,0,0,1,1,0,179
COOK:9800023,COOK:Cicero Precinct 23,20,19,75,88,1,3,4,2,7,1,220
COOK:9800024,COOK:Cicero Precinct 24,20,19,61,107,1,0,2,0,2,0,212
COOK:9800025,COOK:Cicero Precinct 25,8,12,61,65,3,0,4,4,4,1,162
COOK:9800026,COOK:Cicero Precinct 26,8,10,47,90,0,0,1,1,3,2,162
COOK:9800027,COOK:Cicero Precinct 27,14,25,88,81,1,1,3,0,3,0,216
COOK:9800028,COOK:Cicero Precinct 28,11,14,72,66,0,1,1,1,0,1,167
COOK:9800029,COOK:Cicero Precinct 29,14,16,55,73,0,3,2,3,3,0,169
COOK:9800030,COOK:Cicero Precinct 30,33,19,85,73,1,4,1,2,4,1,223
COOK:9800031,COOK:Cicero Precinct 31,7,14,39,101,2,1,1,1,1,0,167
COOK:7400001,COOK:Elk Grove Precinct 1,9,22,82,90,1,0,1,1,0,2,208
COOK:7400002,COOK:Elk Grove Precinct 2,7,12,25,52,0,0,0,0,1,1,98
COOK:7400003,COOK:Elk Grove Precinct 3,18,20,82,178,1,0,3,1,0,3,306
COOK:7400004,COOK:Elk Grove Precinct 4,8,13,37,94,1,3,1,1,0,0,158
COOK:7400005,COOK:Elk Grove Precinct 5,16,24,117,122,0,2,1,1,1,2,286
COOK:7400006,COOK:Elk Grove Precinct 6,13,33,82,143,2,2,0,0,1,2,278
COOK:7400007,COOK:Elk Grove Precinct 7,15,23,98,123,1,2,1,1,0,2,266
COOK:7400008,COOK:Elk Grove Precinct 8,7,12,34,138,2,0,0,0,0,0,193
COOK:7400009,COOK:Elk Grove Precinct 9,12,13,36,98,0,0,1,0,0,2,162
COOK:7400010,COOK:Elk Grove Precinct 10,11,31,100,128,0,1,0,0,1,0,272
COOK:7400011,COOK:Elk Grove Precinct 11,12,20,58,115,1,1,1,0,1,2,211
COOK:7400012,COOK:Elk Grove Precinct 12,13,29,51,201,0,0,1,0,0,1,296
COOK:7400013,COOK:Elk Grove Precinct 13,6,6,26,43,0,0,0,1,1,1,84
COOK:7400014,COOK:Elk Grove Precinct 14,13,15,69,127,2,0,1,3,2,0,232
COOK:7400015,COOK:Elk Grove Precinct 15,9,15,62,120,1,1,0,0,2,1,211
COOK:7400016,COOK:Elk Grove Precinct 16,11,22,85,103,1,0,0,0,2,0,224
COOK:7400017,COOK:Elk Grove Precinct 17,6,14,33,76,0,2,0,0,1,2,134
COOK:7400018,COOK:Elk Grove Precinct 18,12,21,63,135,2,1,1,1,1,0,237
COOK:7400019,COOK:Elk Grove Precinct 19,8,24,49,137,2,0,0,0,1,1,222
COOK:7400020,COOK:Elk Grove Precinct 20,25,14,65,142,0,3,2,1,0,0,252
COOK:7400021,COOK:Elk Grove Precinct 21,9,13,32,85,0,0,0,2,1,3,145
COOK:7400022,COOK:Elk Grove Precinct 22,4,26,63,72,0,2,2,0,0,1,170
COOK:7400023,COOK:Elk Grove Precinct 23,13,37,109,121,1,1,1,2,1,0,286
COOK:7400024,COOK:Elk Grove Precinct 24,5,27,28,77,0,0,0,0,1,1,139
COOK:7400025,COOK:Elk Grove Precinct 25,9,12,55,62,1,1,1,1,1,1,144
COOK:7400026,COOK:Elk Grove Precinct 26,8,16,27,80,0,0,1,0,1,0,133
COOK:7400027,COOK:Elk Grove Precinct 27,13,23,65,95,0,1,0,0,0,1,198
COOK:7400028,COOK:Elk Grove Precinct 28,8,19,92,79,0,0,1,3,0,4,206
COOK:7400029,COOK:Elk Grove Precinct 29,7,11,52,171,0,0,0,1,0,0,242
COOK:7400030,COOK:Elk Grove Precinct 30,9,16,49,77,0,1,3,1,1,5,162
COOK:7400031,COOK:Elk Grove Precinct 31,12,13,41,91,2,3,0,1,1,0,164
COOK:7400032,COOK:Elk Grove Precinct 32,1,10,27,36,0,0,0,0,0,2,76
COOK:7400033,COOK:Elk Grove Precinct 33,6,11,43,167,1,1,0,0,0,0,229
COOK:7400034,COOK:Elk Grove Precinct 34,18,53,100,168,4,2,3,0,2,1,351
COOK:7400035,COOK:Elk Grove Precinct 35,9,20,31,56,0,1,0,0,0,2,119
COOK:7400036,COOK:Elk Grove Precinct 36,8,10,35,41,0,1,0,4,1,1,101
COOK:7400037,COOK:Elk Grove Precinct 37,10,15,55,93,0,3,1,2,0,1,180
COOK:7400038,COOK:Elk Grove Precinct 38,4,11,35,27,0,0,0,0,0,0,77
COOK:7400039,COOK:Elk Grove Precinct 39,7,27,54,112,0,1,0,0,1,1,203
COOK:7400040,COOK:Elk Grove Precinct 40,11,31,42,90,0,1,1,0,2,1,179
COOK:7400041,COOK:Elk Grove Precinct 41,13,18,73,86,0,0,0,0,0,0,190
COOK:7400042,COOK:Elk Grove Precinct 42,10,16,45,42,0,1,2,0,2,0,118
COOK:7400043,COOK:Elk Grove Precinct 43,10,20,52,128,0,0,0,0,0,1,211
COOK:7400044,COOK:Elk Grove Precinct 44,4,9,28,51,2,1,0,0,0,0,95
COOK:7400045,COOK:Elk Grove Precinct 45,1,18,36,104,0,0,2,0,0,0,161
COOK:7501001,COOK:Evanston Ward 1 Precinct 1,1,35,90,38,1,1,1,0,1,2,170
COOK:7501002,COOK:Evanston Ward 1 Precinct 2,10,61,175,143,1,1,0,0,0,1,392
COOK:7501003,COOK:Evanston Ward 1 Precinct 3,7,49,169,142,0,2,0,1,0,3,373
COOK:7501004,COOK:Evanston Ward 1 Precinct 4,23,112,274,281,4,1,1,2,3,3,704
COOK:7502001,COOK:Evanston Ward 2 Precinct 1,22,121,372,240,3,2,1,1,5,0,767
COOK:7502002,COOK:Evanston Ward 2 Precinct 2,13,66,173,55,2,2,3,2,1,1,318
COOK:7502003,COOK:Evanston Ward 2 Precinct 3,14,74,177,58,1,1,0,0,2,0,327
COOK:7502004,COOK:Evanston Ward 2 Precinct 4,21,152,257,90,0,3,3,7,5,1,539
COOK:7502005,COOK:Evanston Ward 2 Precinct 5,4,44,95,41,0,0,1,4,2,1,192
COOK:7503001,COOK:Evanston Ward 3 Precinct 1,15,60,199,190,3,4,0,0,0,0,471
COOK:7503002,COOK:Evanston Ward 3 Precinct 2,13,111,226,180,2,4,3,3,3,3,548
COOK:7503003,COOK:Evanston Ward 3 Precinct 3,18,117,314,163,0,5,2,3,0,3,625
COOK:7503004,COOK:Evanston Ward 3 Precinct 4,27,114,319,189,1,10,2,3,6,2,673
COOK:7503005,COOK:Evanston Ward 3 Precinct 5,16,80,205,139,3,2,3,0,0,2,450
COOK:7504001,COOK:Evanston Ward 4 Precinct 1,9,65,112,50,1,6,1,0,2,2,248
COOK:7504002,COOK:Evanston Ward 4 Precinct 2,5,58,189,79,1,0,1,0,1,0,334
COOK:7504003,COOK:Evanston Ward 4 Precinct 3,6,43,109,75,1,0,0,0,1,0,235
COOK:7504004,COOK:Evanston Ward 4 Precinct 4,17,152,318,244,0,5,4,2,5,0,747
COOK:7504005,COOK:Evanston Ward 4 Precinct 5,9,42,124,57,0,0,2,0,4,2,240
COOK:7504006,COOK:Evanston Ward 4 Precinct 6,20,102,236,167,2,3,3,3,1,0,537
COOK:7504007,COOK:Evanston Ward 4 Precinct 7,1,27,97,78,0,3,0,1,0,2,209
COOK:7505001,COOK:Evanston Ward 5 Precinct 1,19,110,135,72,1,2,2,0,5,5,351
COOK:7505002,COOK:Evanston Ward 5 Precinct 2,11,88,214,103,0,3,1,1,5,2,428
COOK:7505003,COOK:Evanston Ward 5 Precinct 3,21,72,200,54,3,3,0,1,2,3,359
COOK:7506001,COOK:Evanston Ward 6 Precinct 1,22,81,290,278,3,1,2,2,3,1,683
COOK:7506002,COOK:Evanston Ward 6 Precinct 2,9,56,193,143,1,2,1,0,0,0,405
COOK:7506003,COOK:Evanston Ward 6 Precinct 3,8,49,206,116,1,1,0,0,0,3,384
COOK:7506004,COOK:Evanston Ward 6 Precinct 4,28,101,310,293,0,3,0,1,1,0,737
COOK:7506005,COOK:Evanston Ward 6 Precinct 5,13,80,266,248,0,0,1,0,3,0,611
COOK:7506006,COOK:Evanston Ward 6 Precinct 6,23,89,279,236,1,3,1,1,2,1,636
COOK:7507001,COOK:Evanston Ward 7 Precinct 1,26,116,317,220,1,3,1,2,1,0,687
COOK:7507002,COOK:Evanston Ward 7 Precinct 2,28,108,342,229,2,4,1,1,3,5,723
COOK:7507003,COOK:Evanston Ward 7 Precinct 3,1,3,13,2,0,0,1,0,0,0,20
COOK:7507004,COOK:Evanston Ward 7 Precinct 4,13,69,214,134,1,1,2,0,1,0,435
COOK:7507005,COOK:Evanston Ward 7 Precinct 5,12,74,257,267,3,3,0,1,1,1,619
COOK:7508001,COOK:Evanston Ward 8 Precinct 1,5,90,207,80,0,5,1,2,2,3,395
COOK:7508002,COOK:Evanston Ward 8 Precinct 2,14,71,130,59,0,3,1,3,0,1,282
COOK:7508003,COOK:Evanston Ward 8 Precinct 3,7,53,93,39,1,2,1,4,0,4,204
COOK:7508004,COOK:Evanston Ward 8 Precinct 4,21,90,208,89,1,4,6,2,3,1,425
COOK:7508005,COOK:Evanston Ward 8 Precinct 5,15,82,206,105,1,6,1,7,1,4,428
COOK:7509001,COOK:Evanston Ward 9 Precinct 1,9,82,155,51,2,7,0,1,2,1,310
COOK:7509002,COOK:Evanston Ward 9 Precinct 2,24,213,408,180,1,4,2,3,4,7,846
COOK:7509003,COOK:Evanston Ward 9 Precinct 3,24,133,319,124,0,10,4,3,1,3,621
COOK:7509004,COOK:Evanston Ward 9 Precinct 4,20,187,318,129,3,3,1,0,7,2,670
COOK:7509005,COOK:Evanston Ward 9 Precinct 5,11,76,166,70,1,2,4,1,1,4,336
COOK:7600001,COOK:Hanover Precinct 1,12,50,68,154,2,0,3,1,5,0,295
COOK:7600002,COOK:Hanover Precinct 2,10,20,62,80,0,3,0,2,1,2,180
COOK:7600003,COOK:Hanover Precinct 3,5,5,29,29,0,0,0,1,2,2,73
COOK:7600004,COOK:Hanover Precinct 4,9,22,56,74,0,0,1,0,2,2,166
COOK:7600005,COOK:Hanover Precinct 5,8,22,41,109,1,2,1,2,3,0,189
COOK:7600006,COOK:Hanover Precinct 6,6,18,42,53,0,1,1,0,0,0,121
COOK:7600007,COOK:Hanover Precinct 7,6,14,44,76,1,1,0,1,4,0,147
COOK:7600008,COOK:Hanover Precinct 8,3,20,36,104,1,1,0,2,0,1,168
COOK:7600009,COOK:Hanover Precinct 9,2,17,45,94,0,1,2,0,0,1,162
COOK:7600010,COOK:Hanover Precinct 10,3,7,36,55,0,0,0,0,1,0,102
COOK:7600011,COOK:Hanover Precinct 11,9,9,57,57,2,1,1,1,0,0,137
COOK:7600012,COOK:Hanover Precinct 12,5,16,37,28,3,0,0,0,0,0,89
COOK:7600013,COOK:Hanover Precinct 13,5,10,46,60,0,0,0,0,1,2,124
COOK:7600014,COOK:Hanover Precinct 14,6,24,76,123,2,5,2,1,1,0,240
COOK:7600015,COOK:Hanover Precinct 15,7,15,65,52,0,1,2,1,1,0,144
COOK:7600016,COOK:Hanover Precinct 16,11,34,50,101,2,1,0,2,0,0,201
COOK:7600017,COOK:Hanover Precinct 17,8,5,26,63,0,0,0,2,0,0,104
COOK:7600018,COOK:Hanover Precinct 18,5,7,47,61,1,1,0,1,0,0,123
COOK:7600019,COOK:Hanover Precinct 19,7,34,44,86,4,0,0,0,2,0,177
COOK:7600020,COOK:Hanover Precinct 20,16,37,64,96,2,1,1,1,3,0,221
COOK:7600021,COOK:Hanover Precinct 21,10,28,45,106,0,3,1,2,2,0,197
COOK:7600022,COOK:Hanover Precinct 22,10,12,34,85,1,1,2,1,0,0,146
COOK:7600023,COOK:Hanover Precinct 23,9,24,48,77,0,0,0,5,1,2,166
COOK:7600024,COOK:Hanover Precinct 24,13,13,48,48,3,1,1,0,3,1,131
COOK:7600025,COOK:Hanover Precinct 25,7,31,72,155,1,2,1,1,2,0,272
COOK:7600026,COOK:Hanover Precinct 26,10,21,57,72,2,0,0,1,1,0,164
COOK:7600027,COOK:Hanover Precinct 27,25,102,152,400,2,6,2,1,5,5,700
COOK:7600028,COOK:Hanover Precinct 28,7,19,71,152,1,2,0,1,3,5,261
COOK:7600029,COOK:Hanover Precinct 29,5,13,37,42,1,0,0,2,1,1,102
COOK:7600030,COOK:Hanover Precinct 30,9,18,46,67,0,1,1,0,2,1,145
COOK:7600031,COOK:Hanover Precinct 31,9,13,32,56,0,2,0,1,0,0,113
COOK:7600032,COOK:Hanover Precinct 32,4,8,47,58,2,0,2,0,4,0,125
COOK:7600033,COOK:Hanover Precinct 33,5,15,65,81,1,1,0,1,1,0,170
COOK:7600034,COOK:Hanover Precinct 34,15,13,65,84,1,2,0,1,2,3,186
COOK:7600035,COOK:Hanover Precinct 35,14,14,57,76,0,1,1,4,1,0,168
COOK:7600036,COOK:Hanover Precinct 36,5,28,36,60,0,1,1,1,0,0,132
COOK:7600037,COOK:Hanover Precinct 37,8,24,65,143,1,2,3,2,0,1,249
COOK:7600038,COOK:Hanover Precinct 38,6,31,56,89,0,1,0,1,0,1,185
COOK:7600039,COOK:Hanover Precinct 39,5,21,67,93,0,1,0,0,1,1,189
COOK:7600040,COOK:Hanover Precinct 40,10,34,47,110,0,4,3,2,0,1,211
COOK:7600041,COOK:Hanover Precinct 41,10,27,86,163,1,1,1,0,2,0,291
COOK:7600042,COOK:Hanover Precinct 42,13,23,55,95,0,1,1,2,2,1,193
COOK:7600043,COOK:Hanover Precinct 43,12,13,50,75,0,3,1,1,1,1,157
COOK:7700001,COOK:Lemont Precinct 1,7,18,37,66,3,0,0,0,0,2,133
COOK:7700002,COOK:Lemont Precinct 2,3,12,31,73,0,0,0,1,0,0,120
COOK:7700003,COOK:Lemont Precinct 3,8,24,35,90,1,1,0,1,1,1,162
COOK:7700004,COOK:Lemont Precinct 4,8,12,29,65,0,0,0,0,0,2,116
COOK:7700005,COOK:Lemont Precinct 5,12,17,51,54,1,1,1,1,0,0,138
COOK:7700006,COOK:Lemont Precinct 6,14,18,52,78,1,0,1,0,0,1,165
COOK:7700007,COOK:Lemont Precinct 7,8,12,47,55,0,1,0,1,0,0,124
COOK:7700008,COOK:Lemont Precinct 8,18,20,64,82,0,0,3,0,0,1,188
COOK:7700009,COOK:Lemont Precinct 9,4,9,16,40,0,0,0,1,2,0,72
COOK:7700010,COOK:Lemont Precinct 10,8,19,43,55,0,0,0,0,0,0,125
COOK:7700011,COOK:Lemont Precinct 11,23,24,69,80,0,1,1,0,0,1,199
COOK:7700012,COOK:Lemont Precinct 12,14,18,71,70,0,0,1,0,1,1,176
COOK:7700013,COOK:Lemont Precinct 13,10,25,59,67,4,1,1,0,0,1,168
COOK:7700014,COOK:Lemont Precinct 14,7,17,44,52,0,3,0,1,0,1,125
COOK:7800001,COOK:Leyden Precinct 1,8,14,27,24,0,0,3,1,1,0,78
COOK:7800002,COOK:Leyden Precinct 2,8,9,30,26,1,2,0,0,0,0,76
COOK:7800003,COOK:Leyden Precinct 3,17,28,65,65,1,2,2,2,3,4,189
COOK:7800004,COOK:Leyden Precinct 4,11,13,61,38,0,4,1,0,1,1,130
COOK:7800005,COOK:Leyden Precinct 5,10,20,53,45,0,0,0,2,1,0,131
COOK:7800006,COOK:Leyden Precinct 6,16,24,54,71,0,2,1,2,0,4,174
COOK:7800007,COOK:Leyden Precinct 7,3,10,22,28,0,0,1,0,1,0,65
COOK:7800008,COOK:Leyden Precinct 8,12,18,56,67,0,1,0,2,2,1,159
COOK:7800009,COOK:Leyden Precinct 9,16,31,70,83,1,0,1,3,0,0,205
COOK:7800010,COOK:Leyden Precinct 10,13,23,75,50,2,0,3,0,0,2,168
COOK:7800011,COOK:Leyden Precinct 11,5,16,48,56,0,0,1,0,0,1,127
COOK:7800012,COOK:Leyden Precinct 12,4,5,15,27,0,0,1,0,0,0,52
COOK:7800013,COOK:Leyden Precinct 13,4,29,51,39,0,0,1,2,0,1,127
COOK:7800014,COOK:Leyden Precinct 14,9,22,30,40,0,0,0,0,0,1,102
COOK:7800015,COOK:Leyden Precinct 15,12,28,70,64,1,2,2,1,0,0,180
COOK:7800016,COOK:Leyden Precinct 16,14,17,62,52,4,1,3,0,0,4,157
COOK:7800017,COOK:Leyden Precinct 17,4,18,29,33,0,1,2,1,1,0,89
COOK:7800018,COOK:Leyden Precinct 18,5,15,25,36,0,0,1,1,3,0,86
COOK:7800019,COOK:Leyden Precinct 19,7,31,63,47,0,1,0,0,2,2,153
COOK:7800020,COOK:Leyden Precinct 20,0,12,24,20,0,1,0,1,2,0,60
COOK:7800021,COOK:Leyden Precinct 21,5,14,41,15,0,1,0,0,1,0,77
COOK:7800022,COOK:Leyden Precinct 22,4,20,45,58,0,0,1,0,1,1,130
COOK:7800023,COOK:Leyden Precinct 23,21,36,85,104,2,3,1,1,1,1,255
COOK:7800024,COOK:Leyden Precinct 24,11,10,53,40,1,2,1,0,3,3,124
COOK:7800025,COOK:Leyden Precinct 25,9,11,33,25,1,0,0,0,0,1,80
COOK:7800026,COOK:Leyden Precinct 26,21,30,93,110,1,2,2,2,1,4,266
COOK:7800027,COOK:Leyden Precinct 27,1,3,12,10,1,1,0,0,1,0,29
COOK:7800028,COOK:Leyden Precinct 28,1,11,20,31,2,0,1,1,1,0,68
COOK:7800029,COOK:Leyden Precinct 29,6,12,37,20,1,0,0,0,0,0,76
COOK:7800030,COOK:Leyden Precinct 30,9,18,57,46,0,1,0,0,1,1,133
COOK:7800031,COOK:Leyden Precinct 31,13,19,59,52,1,2,2,0,2,4,154
COOK:7800032,COOK:Leyden Precinct 32,16,18,53,52,0,2,0,2,1,2,146
COOK:7800033,COOK:Leyden Precinct 33,10,14,64,49,0,2,0,0,1,0,140
COOK:7800034,COOK:Leyden Precinct 34,5,17,38,36,0,0,1,0,0,0,97
COOK:7800035,COOK:Leyden Precinct 35,3,5,21,29,0,0,1,0,0,0,59
COOK:7800036,COOK:Leyden Precinct 36,4,23,61,40,0,1,1,2,1,2,135
COOK:7800037,COOK:Leyden Precinct 37,3,16,32,25,0,0,3,1,0,1,81
COOK:7800038,COOK:Leyden Precinct 38,5,5,15,18,1,0,1,1,1,0,47
COOK:7800039,COOK:Leyden Precinct 39,7,7,49,30,0,1,0,0,0,0,94
COOK:7800040,COOK:Leyden Precinct 40,6,16,54,47,0,3,2,0,3,0,131
COOK:7800041,COOK:Leyden Precinct 41,5,7,33,20,0,2,2,0,0,0,69
COOK:7800042,COOK:Leyden Precinct 42,16,7,33,68,0,0,0,0,2,4,130
COOK:7800043,COOK:Leyden Precinct 43,8,16,54,46,0,0,0,0,2,3,129
COOK:7800044,COOK:Leyden Precinct 44,1,11,36,36,0,2,0,0,3,0,89
COOK:7800045,COOK:Leyden Precinct 45,10,9,26,30,0,2,0,0,0,0,77
COOK:7800046,COOK:Leyden Precinct 46,12,6,54,54,0,0,3,0,2,1,132
COOK:7800047,COOK:Leyden Precinct 47,8,10,47,46,1,1,0,0,2,0,115
COOK:7800048,COOK:Leyden Precinct 48,9,14,47,54,1,1,0,1,2,1,130
COOK:7800049,COOK:Leyden Precinct 49,13,26,61,81,0,0,4,1,1,0,187
COOK:7800050,COOK:Leyden Precinct 50,12,31,90,83,0,2,3,2,3,2,228
COOK:7900001,COOK:Lyons Precinct 1,6,3,6,16,0,0,0,0,0,0,31
COOK:7900002,COOK:Lyons Precinct 2,19,38,133,82,0,3,0,2,1,3,281
COOK:7900003,COOK:Lyons Precinct 3,9,11,39,54,0,1,0,0,0,0,114
COOK:7900004,COOK:Lyons Precinct 4,5,13,28,44,1,0,1,1,0,2,95
COOK:7900005,COOK:Lyons Precinct 5,13,38,92,81,0,1,0,1,0,2,228
COOK:7900006,COOK:Lyons Precinct 6,11,31,112,79,0,1,5,2,3,3,247
COOK:7900007,COOK:Lyons Precinct 7,27,53,150,102,1,3,1,3,0,8,348
COOK:7900008,COOK:Lyons Precinct 8,17,47,53,61,0,2,1,1,4,5,191
COOK:7900009,COOK:Lyons Precinct 9,17,41,123,110,1,4,1,1,0,0,298
COOK:7900010,COOK:Lyons Precinct 10,6,30,94,69,0,0,1,1,0,1,202
COOK:7900011,COOK:Lyons Precinct 11,6,24,102,64,2,2,0,2,0,0,202
COOK:7900012,COOK:Lyons Precinct 12,5,22,49,88,0,0,2,0,0,1,167
COOK:7900013,COOK:Lyons Precinct 13,5,25,57,20,0,4,0,1,0,1,113
COOK:7900014,COOK:Lyons Precinct 14,12,32,137,102,0,0,2,0,0,0,285
COOK:7900015,COOK:Lyons Precinct 15,13,22,111,102,1,1,0,1,0,0,251
COOK:7900016,COOK:Lyons Precinct 16,25,72,172,138,0,2,0,1,1,1,412
COOK:7900017,COOK:Lyons Precinct 17,11,39,36,72,2,0,0,2,1,0,163
COOK:7900018,COOK:Lyons Precinct 18,5,25,90,69,1,2,0,1,0,0,193
COOK:7900019,COOK:Lyons Precinct 19,10,16,37,70,1,4,1,0,5,1,145
COOK:7900020,COOK:Lyons Precinct 20,18,46,114,118,4,0,1,1,1,0,303
COOK:7900021,COOK:Lyons Precinct 21,11,36,92,150,4,1,2,4,0,0,300
COOK:7900022,COOK:Lyons Precinct 22,9,12,40,55,0,3,2,0,0,1,122
COOK:7900023,COOK:Lyons Precinct 23,17,25,67,68,0,0,1,1,1,1,181
COOK:7900024,COOK:Lyons Precinct 24,18,38,98,166,5,1,1,2,0,1,330
COOK:7900025,COOK:Lyons Precinct 25,11,24,56,65,2,3,2,1,0,0,164
COOK:7900026,COOK:Lyons Precinct 26,18,29,101,92,2,2,5,2,0,1,252
COOK:7900027,COOK:Lyons Precinct 27,21,17,40,55,0,0,0,1,1,0,135
COOK:7900028,COOK:Lyons Precinct 28,13,16,111,105,1,2,1,2,0,0,251
COOK:7900029,COOK:Lyons Precinct 29,9,21,35,42,0,1,1,0,2,2,113
COOK:7900030,COOK:Lyons Precinct 30,5,3,7,9,0,0,0,0,0,1,25
COOK:7900031,COOK:Lyons Precinct 31,15,24,51,96,0,0,0,0,1,0,187
COOK:7900032,COOK:Lyons Precinct 32,5,7,27,27,0,0,0,0,0,0,66
COOK:7900033,COOK:Lyons Precinct 33,3,9,14,17,1,0,0,1,1,0,46
COOK:7900034,COOK:Lyons Precinct 34,4,13,23,28,1,0,0,0,2,1,72
COOK:7900035,COOK:Lyons Precinct 35,13,17,29,27,2,1,0,2,0,1,92
COOK:7900036,COOK:Lyons Precinct 36,10,55,56,73,1,0,1,2,0,2,200
COOK:7900037,COOK:Lyons Precinct 37,10,11,39,54,1,2,2,0,1,2,122
COOK:7900038,COOK:Lyons Precinct 38,7,35,13,8,2,0,1,0,0,1,67
COOK:7900039,COOK:Lyons Precinct 39,11,32,58,113,1,2,0,0,2,0,219
COOK:7900040,COOK:Lyons Precinct 40,12,24,104,129,2,4,1,0,0,0,276
COOK:7900041,COOK:Lyons Precinct 41,7,7,36,43,0,1,0,0,0,1,95
COOK:7900042,COOK:Lyons Precinct 42,11,11,38,90,0,1,0,3,0,1,155
COOK:7900043,COOK:Lyons Precinct 43,7,17,69,90,0,2,0,0,0,1,186
COOK:7900044,COOK:Lyons Precinct 44,24,19,90,139,1,1,0,1,0,3,278
COOK:7900045,COOK:Lyons Precinct 45,23,60,159,93,3,1,1,1,4,5,350
COOK:7900046,COOK:Lyons Precinct 46,8,13,36,46,2,0,0,0,1,0,106
COOK:7900047,COOK:Lyons Precinct 47,7,36,79,104,3,4,0,1,0,0,234
COOK:7900048,COOK:Lyons Precinct 48,14,17,40,72,0,2,1,1,3,0,150
COOK:7900049,COOK:Lyons Precinct 49,8,8,35,39,0,0,0,1,0,2,93
COOK:7900050,COOK:Lyons Precinct 50,12,25,102,77,0,1,1,1,1,1,221
COOK:7900051,COOK:Lyons Precinct 51,7,24,40,37,1,0,0,2,2,0,113
COOK:7900052,COOK:Lyons Precinct 52,18,29,66,98,2,0,2,3,3,0,221
COOK:7900053,COOK:Lyons Precinct 53,7,19,42,89,2,0,1,0,0,2,162
COOK:7900054,COOK:Lyons Precinct 54,6,23,41,58,0,1,0,1,0,1,131
COOK:7900055,COOK:Lyons Precinct 55,9,19,59,72,0,0,1,2,0,0,162
COOK:7900056,COOK:Lyons Precinct 56,10,31,84,56,1,2,3,1,2,0,190
COOK:7900057,COOK:Lyons Precinct 57,13,33,48,57,0,2,0,2,1,2,158
COOK:7900058,COOK:Lyons Precinct 58,11,28,22,34,0,1,1,2,1,0,100
COOK:7900059,COOK:Lyons Precinct 59,12,18,40,42,0,0,3,2,2,0,119
COOK:7900060,COOK:Lyons Precinct 60,8,31,94,52,0,1,1,3,2,4,196
COOK:7900061,COOK:Lyons Precinct 61,7,29,54,126,1,0,0,0,1,0,218
COOK:7900062,COOK:Lyons Precinct 62,11,26,31,75,2,0,0,1,0,2,148
COOK:7900063,COOK:Lyons Precinct 63,9,40,60,88,1,0,1,0,0,2,201
COOK:7900064,COOK:Lyons Precinct 64,11,12,47,75,1,1,0,0,0,2,149
COOK:7900065,COOK:Lyons Precinct 65,17,36,39,80,1,2,1,3,2,3,184
COOK:7900066,COOK:Lyons Precinct 66,5,10,22,12,1,0,0,0,2,3,55
COOK:7900067,COOK:Lyons Precinct 67,14,26,57,52,0,2,1,0,1,0,153
COOK:7900068,COOK:Lyons Precinct 68,12,11,37,40,1,0,1,3,3,1,109
COOK:7900069,COOK:Lyons Precinct 69,26,18,74,140,0,1,0,2,0,4,265
COOK:8000001,COOK:Maine Precinct 1,3,9,34,36,0,0,1,0,0,0,83
COOK:8000002,COOK:Maine Precinct 2,12,10,34,53,0,0,0,0,1,3,113
COOK:8000003,COOK:Maine Precinct 3,3,11,10,23,0,2,0,0,1,0,50
COOK:8000004,COOK:Maine Precinct 4,22,44,90,133,0,2,0,0,1,2,294
COOK:8000005,COOK:Maine Precinct 5,25,23,58,58,1,3,3,1,1,1,174
COOK:8000006,COOK:Maine Precinct 6,25,38,116,139,1,2,1,1,1,2,326
COOK:8000007,COOK:Maine Precinct 7,10,20,45,73,0,1,2,0,1,0,152
COOK:8000008,COOK:Maine Precinct 8,16,34,108,110,2,4,3,1,4,0,282
COOK:8000009,COOK:Maine Precinct 9,29,31,72,166,1,3,0,1,2,2,307
COOK:8000010,COOK:Maine Precinct 10,8,37,138,137,0,6,4,0,0,2,332
COOK:8000011,COOK:Maine Precinct 11,4,13,33,31,1,0,2,1,1,0,86
COOK:8000012,COOK:Maine Precinct 12,6,14,42,68,0,0,1,1,0,1,133
COOK:8000013,COOK:Maine Precinct 13,17,16,52,73,0,0,2,2,0,1,163
COOK:8000014,COOK:Maine Precinct 14,11,35,104,110,0,0,0,1,1,4,266
COOK:8000015,COOK:Maine Precinct 15,7,35,51,85,2,0,0,1,0,1,182
COOK:8000016,COOK:Maine Precinct 16,9,20,49,57,0,2,3,0,1,2,143
COOK:8000017,COOK:Maine Precinct 17,18,29,54,77,0,2,0,1,0,2,183
COOK:8000018,COOK:Maine Precinct 18,9,23,70,63,1,0,0,1,1,2,170
COOK:8000019,COOK:Maine Precinct 19,5,15,30,29,0,1,2,1,0,0,83
COOK:8000020,COOK:Maine Precinct 20,3,20,45,58,1,3,1,0,0,1,132
COOK:8000021,COOK:Maine Precinct 21,13,28,87,96,0,0,1,3,1,2,231
COOK:8000022,COOK:Maine Precinct 22,16,35,102,92,1,0,0,0,0,1,247
COOK:8000023,COOK:Maine Precinct 23,2,21,31,42,0,0,0,1,0,0,97
COOK:8000024,COOK:Maine Precinct 24,19,40,81,129,1,0,0,1,0,3,274
COOK:8000025,COOK:Maine Precinct 25,22,54,163,136,3,1,2,1,0,0,382
COOK:8000026,COOK:Maine Precinct 26,18,28,81,103,1,0,1,1,0,1,234
COOK:8000027,COOK:Maine Precinct 27,6,24,32,23,0,1,1,1,0,1,89
COOK:8000028,COOK:Maine Precinct 28,4,9,15,27,1,0,1,1,2,0,60
COOK:8000029,COOK:Maine Precinct 29,19,38,91,104,0,0,3,1,0,4,260
COOK:8000030,COOK:Maine Precinct 30,20,59,156,244,6,1,0,2,1,2,491
COOK:8000031,COOK:Maine Precinct 31,7,20,40,64,0,1,3,2,4,2,143
COOK:8000032,COOK:Maine Precinct 32,9,41,58,78,0,0,1,0,4,2,193
COOK:8000033,COOK:Maine Precinct 33,7,22,27,44,0,0,0,1,1,0,102
COOK:8000034,COOK:Maine Precinct 34,12,25,58,120,0,1,1,1,1,0,219
COOK:8000035,COOK:Maine Precinct 35,11,33,82,82,0,3,2,1,2,3,219
COOK:8000036,COOK:Maine Precinct 36,6,18,61,82,0,1,1,2,0,1,172
COOK:8000037,COOK:Maine Precinct 37,2,30,65,63,0,0,0,0,0,1,161
COOK:8000038,COOK:Maine Precinct 38,4,12,37,45,0,0,0,1,0,0,99
COOK:8000039,COOK:Maine Precinct 39,17,22,70,73,3,4,3,2,0,2,196
COOK:8000040,COOK:Maine Precinct 40,7,19,39,72,0,3,5,1,1,2,149
COOK:8000041,COOK:Maine Precinct 41,8,17,41,52,2,0,4,1,1,2,128
COOK:8000042,COOK:Maine Precinct 42,12,39,112,117,0,1,0,1,1,3,286
COOK:8000043,COOK:Maine Precinct 43,6,15,53,71,1,3,0,0,0,0,149
COOK:8000044,COOK:Maine Precinct 44,11,19,75,57,0,0,1,2,1,0,166
COOK:8000045,COOK:Maine Precinct 45,13,28,39,53,4,3,3,2,4,3,152
COOK:8000046,COOK:Maine Precinct 46,17,24,52,75,0,1,1,1,1,0,172
COOK:8000047,COOK:Maine Precinct 47,11,22,47,73,1,1,1,1,2,2,161
COOK:8000048,COOK:Maine Precinct 48,8,34,90,97,0,1,0,1,2,6,239
COOK:8000049,COOK:Maine Precinct 49,9,12,46,69,1,1,3,2,3,0,146
COOK:8000050,COOK:Maine Precinct 50,1,20,68,78,0,1,0,2,2,0,172
COOK:8000051,COOK:Maine Precinct 51,12,17,46,52,1,1,1,1,1,3,135
COOK:8000052,COOK:Maine Precinct 52,11,33,83,81,2,1,2,1,3,2,219
COOK:8000053,COOK:Maine Precinct 53,14,24,58,52,0,1,3,1,0,2,155
COOK:8000054,COOK:Maine Precinct 54,10,31,73,91,0,1,1,1,0,0,208
COOK:8000055,COOK:Maine Precinct 55,9,25,68,54,0,2,0,0,0,1,159
COOK:8000056,COOK:Maine Precinct 56,5,19,63,59,0,1,0,0,0,1,148
COOK:8000057,COOK:Maine Precinct 57,1,14,21,35,0,0,0,0,0,0,71
COOK:8000058,COOK:Maine Precinct 58,6,21,43,80,3,2,1,7,1,0,164
COOK:8000059,COOK:Maine Precinct 59,15,27,57,61,1,1,0,0,0,0,162
COOK:8000060,COOK:Maine Precinct 60,17,37,124,118,1,2,5,3,4,2,313
COOK:8000061,COOK:Maine Precinct 61,6,13,33,55,0,1,1,0,1,1,111
COOK:8000062,COOK:Maine Precinct 62,2,12,18,57,1,1,1,1,0,0,93
COOK:8000063,COOK:Maine Precinct 63,5,21,46,65,0,1,0,0,0,0,138
COOK:8000064,COOK:Maine Precinct 64,5,8,29,49,0,1,1,1,0,3,97
COOK:8000065,COOK:Maine Precinct 65,6,14,55,36,0,4,0,0,0,0,115
COOK:8000066,COOK:Maine Precinct 66,3,3,7,16,1,1,1,0,1,0,33
COOK:8000067,COOK:Maine Precinct 67,13,37,93,115,1,1,1,0,0,0,261
COOK:8000068,COOK:Maine Precinct 68,13,32,73,114,1,3,0,0,1,0,237
COOK:8000069,COOK:Maine Precinct 69,5,22,56,54,2,1,0,1,4,2,147
COOK:8000070,COOK:Maine Precinct 70,10,23,30,51,1,0,1,1,4,0,121
COOK:8000071,COOK:Maine Precinct 71,5,5,36,51,1,0,1,0,2,1,102
COOK:8000072,COOK:Maine Precinct 72,14,33,82,88,1,2,0,0,1,1,222
COOK:8000073,COOK:Maine Precinct 73,7,20,29,51,0,1,0,0,1,1,110
COOK:8000074,COOK:Maine Precinct 74,6,19,72,62,0,1,0,1,0,0,161
COOK:8000075,COOK:Maine Precinct 75,5,28,47,67,1,0,2,0,1,2,153
COOK:8000076,COOK:Maine Precinct 76,9,14,27,47,0,1,0,1,0,0,99
COOK:8000077,COOK:Maine Precinct 77,11,45,81,123,1,3,1,2,0,1,268
COOK:8000078,COOK:Maine Precinct 78,6,15,26,42,0,0,1,0,2,1,93
COOK:8000079,COOK:Maine Precinct 79,9,27,71,70,1,6,0,1,2,3,190
COOK:8000080,COOK:Maine Precinct 80,9,14,37,50,1,1,1,1,0,1,115
COOK:8000081,COOK:Maine Precinct 81,5,11,18,32,1,1,0,0,2,0,70
COOK:8000082,COOK:Maine Precinct 82,15,15,56,61,2,3,0,2,2,2,158
COOK:8000083,COOK:Maine Precinct 83,9,17,47,53,6,0,1,1,1,1,136
COOK:8100001,COOK:New Trier Precinct 1,10,22,127,164,1,3,0,0,0,0,327
COOK:8100002,COOK:New Trier Precinct 2,12,43,143,201,0,1,1,0,1,0,402
COOK:8100003,COOK:New Trier Precinct 3,8,41,125,156,0,1,1,0,0,2,334
COOK:8100004,COOK:New Trier Precinct 4,9,28,104,169,3,2,0,0,1,1,317
COOK:8100005,COOK:New Trier Precinct 5,5,31,94,88,1,0,0,0,1,0,220
COOK:8100006,COOK:New Trier Precinct 6,5,9,70,75,1,0,0,0,1,1,162
COOK:8100007,COOK:New Trier Precinct 7,5,18,99,99,3,0,0,1,1,0,226
COOK:8100008,COOK:New Trier Precinct 8,6,17,57,70,0,2,0,0,0,3,155
COOK:8100009,COOK:New Trier Precinct 9,8,13,82,126,1,0,1,0,0,0,231
COOK:8100010,COOK:New Trier Precinct 10,1,18,92,104,0,0,0,0,0,0,215
COOK:8100011,COOK:New Trier Precinct 11,8,20,102,111,2,0,1,0,0,0,244
COOK:8100012,COOK:New Trier Precinct 12,11,24,96,88,0,2,1,0,2,1,225
COOK:8100013,COOK:New Trier Precinct 13,13,54,162,145,3,3,1,1,0,0,382
COOK:8100014,COOK:New Trier Precinct 14,9,18,102,111,0,2,1,0,0,1,244
COOK:8100015,COOK:New Trier Precinct 15,10,27,133,146,0,1,3,0,1,1,322
COOK:8100016,COOK:New Trier Precinct 16,10,20,99,103,0,2,0,2,0,1,237
COOK:8100017,COOK:New Trier Precinct 17,11,38,133,148,1,1,2,1,3,0,338
COOK:8100018,COOK:New Trier Precinct 18,6,26,80,91,2,2,2,1,0,0,210
COOK:8100019,COOK:New Trier Precinct 19,18,18,78,117,1,0,0,2,1,1,236
COOK:8100020,COOK:New Trier Precinct 20,15,37,114,155,0,0,4,3,1,1,330
COOK:8100021,COOK:New Trier Precinct 21,15,38,141,166,0,3,3,0,1,1,368
COOK:8100022,COOK:New Trier Precinct 22,12,19,60,66,1,1,0,0,1,1,161
COOK:8100023,COOK:New Trier Precinct 23,7,15,48,95,0,0,0,1,1,0,167
COOK:8100024,COOK:New Trier Precinct 24,10,34,122,130,2,3,4,1,1,1,308
COOK:8100025,COOK:New Trier Precinct 25,5,15,88,98,2,1,0,0,0,1,210
COOK:8100026,COOK:New Trier Precinct 26,10,49,206,238,3,2,1,3,1,1,514
COOK:8100027,COOK:New Trier Precinct 27,17,33,160,140,3,1,0,1,0,3,358
COOK:8100028,COOK:New Trier Precinct 28,4,14,56,61,0,1,1,0,0,0,137
COOK:8100029,COOK:New Trier Precinct 29,8,17,100,75,2,2,2,1,1,2,210
COOK:8100030,COOK:New Trier Precinct 30,9,26,98,158,1,1,0,0,1,1,295
COOK:8100031,COOK:New Trier Precinct 31,8,31,128,131,1,3,0,0,0,1,303
COOK:8100032,COOK:New Trier Precinct 32,15,37,141,133,2,3,1,1,1,3,337
COOK:8100033,COOK:New Trier Precinct 33,20,36,197,174,3,3,0,1,2,3,439
COOK:8100034,COOK:New Trier Precinct 34,11,23,91,102,0,1,1,1,2,1,233
COOK:8100035,COOK:New Trier Precinct 35,1,25,53,119,1,0,0,1,0,1,201
COOK:8100036,COOK:New Trier Precinct 36,25,60,202,200,2,3,4,1,0,3,500
COOK:8100037,COOK:New Trier Precinct 37,13,42,131,202,1,2,4,1,1,0,397
COOK:8100038,COOK:New Trier Precinct 38,18,49,154,181,2,1,1,1,0,3,410
COOK:8100039,COOK:New Trier Precinct 39,7,28,82,84,1,2,2,0,0,2,208
COOK:8200001,COOK:Niles Precinct 1,25,33,86,120,0,3,8,0,2,1,278
COOK:8200002,COOK:Niles Precinct 2,13,40,63,88,3,3,0,3,2,2,217
COOK:8200003,COOK:Niles Precinct 3,26,57,116,137,2,2,1,0,0,3,344
COOK:8200004,COOK:Niles Precinct 4,14,40,61,56,0,1,3,1,2,0,178
COOK:8200005,COOK:Niles Precinct 5,6,17,53,104,0,1,1,0,0,1,183
COOK:8200006,COOK:Niles Precinct 6,15,68,117,110,1,5,4,2,1,1,324
COOK:8200007,COOK:Niles Precinct 7,15,62,135,117,0,3,1,2,1,5,341
COOK:8200008,COOK:Niles Precinct 8,6,21,98,76,1,1,1,0,0,2,206
COOK:8200009,COOK:Niles Precinct 9,9,20,40,91,0,1,0,0,1,1,163
COOK:8200010,COOK:Niles Precinct 10,18,87,68,75,0,1,4,1,3,1,258
COOK:8200011,COOK:Niles Precinct 11,3,15,44,60,1,3,0,2,0,1,129
COOK:8200012,COOK:Niles Precinct 12,10,35,58,62,0,1,2,4,2,0,174
COOK:8200013,COOK:Niles Precinct 13,21,36,56,78,0,2,4,2,1,2,202
COOK:8200014,COOK:Niles Precinct 14,14,52,149,159,2,3,1,4,1,1,386
COOK:8200015,COOK:Niles Precinct 15,14,33,153,87,0,4,2,1,5,4,303
COOK:8200016,COOK:Niles Precinct 16,18,53,144,138,2,0,3,3,4,1,366
COOK:8200017,COOK:Niles Precinct 17,15,70,180,96,1,4,0,3,3,6,378
COOK:8200018,COOK:Niles Precinct 18,16,85,228,251,6,1,1,4,4,4,600
COOK:8200019,COOK:Niles Precinct 19,7,29,116,338,0,2,2,4,1,2,501
COOK:8200020,COOK:Niles Precinct 20,14,40,82,73,1,0,1,0,0,1,212
COOK:8200021,COOK:Niles Precinct 21,12,76,251,281,4,5,0,2,3,2,636
COOK:8200022,COOK:Niles Precinct 22,6,37,98,44,0,0,1,1,2,0,189
COOK:8200023,COOK:Niles Precinct 23,10,38,123,197,1,1,1,1,7,0,379
COOK:8200024,COOK:Niles Precinct 24,13,56,125,79,2,3,0,3,0,4,285
COOK:8200025,COOK:Niles Precinct 25,3,15,58,56,0,1,2,0,2,0,137
COOK:8200026,COOK:Niles Precinct 26,16,45,88,82,2,2,2,0,0,3,240
COOK:8200027,COOK:Niles Precinct 27,5,32,65,44,0,1,1,0,0,0,148
COOK:8200028,COOK:Niles Precinct 28,12,50,166,211,1,0,5,1,1,2,449
COOK:8200029,COOK:Niles Precinct 29,10,40,90,140,0,1,0,1,0,2,284
COOK:8200030,COOK:Niles Precinct 30,4,47,54,61,0,1,0,1,2,0,170
COOK:8200031,COOK:Niles Precinct 31,13,46,160,158,1,2,3,1,0,0,384
COOK:8200032,COOK:Niles Precinct 32,5,17,37,64,0,3,2,1,1,4,134
COOK:8200033,COOK:Niles Precinct 33,17,60,150,128,1,3,2,0,6,3,370
COOK:8200034,COOK:Niles Precinct 34,10,36,76,96,0,1,1,3,3,1,227
COOK:8200035,COOK:Niles Precinct 35,18,132,95,83,1,2,1,0,6,0,338
COOK:8200036,COOK:Niles Precinct 36,5,40,84,44,0,2,2,0,4,1,182
COOK:8200037,COOK:Niles Precinct 37,12,39,127,65,0,0,4,2,2,1,252
COOK:8200038,COOK:Niles Precinct 38,21,75,149,180,4,3,1,3,1,2,439
COOK:8200039,COOK:Niles Precinct 39,13,53,109,120,1,5,3,1,3,1,309
COOK:8200040,COOK:Niles Precinct 40,24,94,195,133,0,3,1,0,3,3,456
COOK:8200041,COOK:Niles Precinct 41,6,69,116,108,0,0,3,1,4,1,308
COOK:8200042,COOK:Niles Precinct 42,8,41,89,99,0,0,0,0,1,1,239
COOK:8200043,COOK:Niles Precinct 43,19,47,75,95,1,5,3,1,2,1,249
COOK:8200044,COOK:Niles Precinct 44,7,58,124,109,1,3,2,0,4,0,308
COOK:8200045,COOK:Niles Precinct 45,6,50,122,84,1,0,0,3,1,3,270
COOK:8200046,COOK:Niles Precinct 46,9,62,92,149,0,0,0,3,1,0,316
COOK:8200047,COOK:Niles Precinct 47,7,23,86,101,1,0,3,0,2,0,223
COOK:8200048,COOK:Niles Precinct 48,21,39,73,46,1,1,1,1,2,0,185
COOK:8200049,COOK:Niles Precinct 49,13,78,233,192,2,1,1,1,1,2,524
COOK:8200050,COOK:Niles Precinct 50,18,58,80,105,2,2,1,1,2,2,271
COOK:8200051,COOK:Niles Precinct 51,12,41,48,38,0,0,1,0,1,3,144
COOK:8200052,COOK:Niles Precinct 52,5,42,63,57,0,1,0,0,3,0,171
COOK:8200053,COOK:Niles Precinct 53,13,67,141,166,1,4,1,4,3,0,400
COOK:8200054,COOK:Niles Precinct 54,12,15,56,69,0,0,1,1,1,3,158
COOK:8200055,COOK:Niles Precinct 55,6,29,75,82,0,1,1,0,0,0,194
COOK:8200056,COOK:Niles Precinct 56,10,70,114,138,2,0,4,2,0,0,340
COOK:8200057,COOK:Niles Precinct 57,22,56,107,89,1,1,0,1,1,4,282
COOK:8200058,COOK:Niles Precinct 58,17,61,114,108,0,1,4,0,6,3,314
COOK:8200059,COOK:Niles Precinct 59,17,78,133,147,1,1,0,5,3,1,386
COOK:8200060,COOK:Niles Precinct 60,17,68,139,138,2,2,0,2,2,3,373
COOK:8200061,COOK:Niles Precinct 61,7,72,111,117,0,2,0,1,5,2,317
COOK:8200062,COOK:Niles Precinct 62,11,23,50,61,1,0,1,0,1,0,148
COOK:8300001,COOK:Northfield Precinct 1,6,25,73,55,0,1,1,0,1,2,164
COOK:8300002,COOK:Northfield Precinct 2,5,18,135,74,0,0,0,0,0,0,232
COOK:8300003,COOK:Northfield Precinct 3,10,22,144,148,0,1,0,1,1,0,327
COOK:8300004,COOK:Northfield Precinct 4,12,43,80,81,0,0,0,2,0,1,219
COOK:8300005,COOK:Northfield Precinct 5,6,13,67,56,0,2,1,2,0,0,147
COOK:8300006,COOK:Northfield Precinct 6,7,32,118,90,0,1,0,1,1,1,251
COOK:8300007,COOK:Northfield Precinct 7,14,39,135,171,1,1,1,1,4,1,368
COOK:8300008,COOK:Northfield Precinct 8,15,24,131,128,0,1,1,1,2,3,306
COOK:8300009,COOK:Northfield Precinct 9,14,17,86,83,1,1,1,0,0,3,206
COOK:8300010,COOK:Northfield Precinct 10,8,21,89,81,1,0,2,0,1,0,203
COOK:8300011,COOK:Northfield Precinct 11,7,19,95,158,1,2,2,0,0,0,284
COOK:8300012,COOK:Northfield Precinct 12,26,50,159,195,2,2,0,0,0,2,436
COOK:8300013,COOK:Northfield Precinct 13,4,22,72,93,2,3,2,0,0,0,198
COOK:8300014,COOK:Northfield Precinct 14,13,19,77,107,0,0,0,0,0,0,216
COOK:8300015,COOK:Northfield Precinct 15,10,38,195,182,1,4,4,3,1,0,438
COOK:8300016,COOK:Northfield Precinct 16,8,22,87,127,0,2,1,0,1,0,248
COOK:8300017,COOK:Northfield Precinct 17,8,21,101,138,0,2,3,0,2,1,276
COOK:8300018,COOK:Northfield Precinct 18,5,19,147,140,0,2,0,0,0,1,314
COOK:8300019,COOK:Northfield Precinct 19,8,28,112,139,4,1,1,1,0,3,297
COOK:8300020,COOK:Northfield Precinct 20,6,17,90,141,0,0,0,1,1,1,257
COOK:8300021,COOK:Northfield Precinct 21,17,42,153,158,2,3,3,1,1,0,380
COOK:8300022,COOK:Northfield Precinct 22,6,17,99,124,2,1,0,1,1,2,253
COOK:8300023,COOK:Northfield Precinct 23,7,15,66,82,2,0,0,0,0,2,174
COOK:8300024,COOK:Northfield Precinct 24,13,29,115,85,4,1,0,1,0,3,251
COOK:8300025,COOK:Northfield Precinct 25,13,30,92,71,0,0,2,1,1,0,210
COOK:8300026,COOK:Northfield Precinct 26,12,18,101,96,1,1,0,1,0,0,230
COOK:8300027,COOK:Northfield Precinct 27,11,34,82,75,1,4,3,0,0,1,211
COOK:8300028,COOK:Northfield Precinct 28,18,34,175,158,4,4,0,1,0,2,396
COOK:8300029,COOK:Northfield Precinct 29,8,16,102,75,0,0,1,0,0,4,206
COOK:8300030,COOK:Northfield Precinct 30,14,32,110,144,2,1,2,2,1,2,310
COOK:8300031,COOK:Northfield Precinct 31,20,27,108,104,0,2,1,0,0,1,263
COOK:8300032,COOK:Northfield Precinct 32,9,24,133,114,1,0,6,0,0,2,289
COOK:8300033,COOK:Northfield Precinct 33,7,10,36,34,2,1,1,1,0,1,93
COOK:8300034,COOK:Northfield Precinct 34,2,16,57,127,0,0,1,0,0,0,203
COOK:8300035,COOK:Northfield Precinct 35,11,23,103,78,2,0,2,2,1,1,223
COOK:8300036,COOK:Northfield Precinct 36,4,14,85,90,1,0,2,0,1,0,197
COOK:8300037,COOK:Northfield Precinct 37,19,40,152,144,3,0,2,1,3,2,366
COOK:8300038,COOK:Northfield Precinct 38,13,30,88,65,2,0,0,1,1,0,200
COOK:8300039,COOK:Northfield Precinct 39,12,16,42,51,0,1,0,1,0,0,123
COOK:8300040,COOK:Northfield Precinct 40,3,12,54,57,0,3,2,1,1,0,133
COOK:8300041,COOK:Northfield Precinct 41,6,18,100,129,0,2,1,1,1,1,259
COOK:8300042,COOK:Northfield Precinct 42,7,13,68,122,0,1,0,0,0,1,212
COOK:8300043,COOK:Northfield Precinct 43,7,26,102,101,0,0,1,0,1,1,239
COOK:8300044,COOK:Northfield Precinct 44,5,18,78,100,1,0,0,0,1,0,203
COOK:8300045,COOK:Northfield Precinct 45,6,9,56,104,1,1,0,0,0,0,177
COOK:8300046,COOK:Northfield Precinct 46,13,17,130,99,0,2,0,0,0,1,262
COOK:8300047,COOK:Northfield Precinct 47,16,28,131,209,0,0,1,0,0,0,385
COOK:8300048,COOK:Northfield Precinct 48,16,12,74,102,1,0,1,0,1,0,207
COOK:8300049,COOK:Northfield Precinct 49,6,23,47,72,0,1,0,0,0,1,150
COOK:8300050,COOK:Northfield Precinct 50,2,25,91,103,1,0,0,2,0,0,224
COOK:8300051,COOK:Northfield Precinct 51,22,54,244,301,1,2,2,2,1,5,634
COOK:8300052,COOK:Northfield Precinct 52,11,26,113,123,2,1,0,2,1,0,279
COOK:8300053,COOK:Northfield Precinct 53,7,28,87,149,1,0,0,0,0,0,272
COOK:8300054,COOK:Northfield Precinct 54,9,21,138,214,2,2,1,0,0,3,390
COOK:8300055,COOK:Northfield Precinct 55,10,19,105,147,0,0,1,0,1,1,284
COOK:8300056,COOK:Northfield Precinct 56,9,40,123,134,1,0,1,5,1,2,316
COOK:8300057,COOK:Northfield Precinct 57,5,19,79,69,0,1,0,0,0,0,173
COOK:8300058,COOK:Northfield Precinct 58,1,5,32,63,0,0,0,0,0,0,101
COOK:8400001,COOK:Norwood Park Precinct 1,16,19,60,64,1,2,3,1,1,2,169
COOK:8400002,COOK:Norwood Park Precinct 2,13,29,39,66,0,1,4,1,0,2,155
COOK:8400003,COOK:Norwood Park Precinct 3,14,23,74,101,2,2,2,1,2,0,221
COOK:8400004,COOK:Norwood Park Precinct 4,8,9,36,57,0,2,2,0,1,1,116
COOK:8400005,COOK:Norwood Park Precinct 5,17,28,78,93,1,2,0,3,1,4,227
COOK:8400006,COOK:Norwood Park Precinct 6,13,17,44,93,1,2,0,0,3,3,176
COOK:8400007,COOK:Norwood Park Precinct 7,5,8,26,71,2,1,1,1,0,1,116
COOK:8400008,COOK:Norwood Park Precinct 8,8,9,6,41,0,0,0,1,0,0,65
COOK:8400009,COOK:Norwood Park Precinct 9,14,23,53,88,1,2,0,0,2,1,184
COOK:8400010,COOK:Norwood Park Precinct 10,9,12,21,50,0,0,2,1,0,3,98
COOK:8400011,COOK:Norwood Park Precinct 11,13,23,90,116,0,2,0,2,1,2,249
COOK:8400012,COOK:Norwood Park Precinct 12,10,16,45,77,0,1,0,0,0,0,149
COOK:8400013,COOK:Norwood Park Precinct 13,10,13,45,50,0,1,1,1,1,1,123
COOK:8400014,COOK:Norwood Park Precinct 14,5,18,41,65,1,0,1,0,1,0,132
COOK:8500001,COOK:Oak Park Precinct 1,21,136,367,167,5,6,1,4,3,1,711
COOK:8500002,COOK:Oak Park Precinct 2,13,113,272,185,2,1,2,3,2,3,596
COOK:8500003,COOK:Oak Park Precinct 3,21,132,322,144,0,2,2,5,2,6,636
COOK:8500004,COOK:Oak Park Precinct 4,14,114,197,182,3,2,1,1,3,3,520
COOK:8500005,COOK:Oak Park Precinct 5,17,83,234,153,4,1,0,0,6,4,502
COOK:8500006,COOK:Oak Park Precinct 6,22,112,214,86,2,5,2,2,2,3,450
COOK:8500007,COOK:Oak Park Precinct 7,23,114,302,152,1,3,0,0,4,1,600
COOK:8500008,COOK:Oak Park Precinct 8,13,109,245,76,0,2,2,3,3,2,455
COOK:8500009,COOK:Oak Park Precinct 9,22,135,304,129,1,4,2,3,2,3,605
COOK:8500010,COOK:Oak Park Precinct 10,19,108,234,109,1,1,2,2,3,0,479
COOK:8500011,COOK:Oak Park Precinct 11,13,77,207,83,0,0,1,0,1,2,384
COOK:8500012,COOK:Oak Park Precinct 12,8,48,111,40,0,1,0,1,0,1,210
COOK:8500013,COOK:Oak Park Precinct 13,17,123,207,61,0,0,4,1,3,1,417
COOK:8500014,COOK:Oak Park Precinct 14,14,102,201,161,5,1,4,4,2,6,500
COOK:8500015,COOK:Oak Park Precinct 15,16,135,263,105,2,3,2,4,3,2,535
COOK:8500016,COOK:Oak Park Precinct 16,28,140,352,158,2,1,2,1,4,3,691
COOK:8500017,COOK:Oak Park Precinct 17,17,142,331,153,0,2,5,2,1,1,654
COOK:8500018,COOK:Oak Park Precinct 18,15,90,186,95,2,1,2,1,2,0,394
COOK:8500019,COOK:Oak Park Precinct 19,15,87,204,130,0,2,4,1,2,5,450
COOK:8500020,COOK:Oak Park Precinct 20,24,97,239,205,2,2,1,1,1,3,575
COOK:8500021,COOK:Oak Park Precinct 21,10,81,196,74,0,1,1,3,1,6,373
COOK:8500022,COOK:Oak Park Precinct 22,21,112,240,104,2,2,5,3,3,6,498
COOK:8500023,COOK:Oak Park Precinct 23,13,88,177,136,0,4,2,1,2,0,423
COOK:8500024,COOK:Oak Park Precinct 24,8,83,136,102,0,2,1,2,1,1,336
COOK:8500025,COOK:Oak Park Precinct 25,19,110,237,98,1,1,0,2,7,1,476
COOK:8500026,COOK:Oak Park Precinct 26,24,111,300,121,1,5,0,5,3,0,570
COOK:8500027,COOK:Oak Park Precinct 27,22,155,344,192,2,2,3,1,4,4,729
COOK:8500028,COOK:Oak Park Precinct 28,28,118,263,117,1,4,2,3,3,3,542
COOK:8500029,COOK:Oak Park Precinct 29,14,121,222,83,1,0,1,1,2,3,448
COOK:8500030,COOK:Oak Park Precinct 30,16,96,175,69,1,1,0,2,1,1,362
COOK:8500031,COOK:Oak Park Precinct 31,27,185,332,153,2,2,3,2,3,2,711
COOK:8500032,COOK:Oak Park Precinct 32,18,112,272,112,1,2,1,0,3,2,523
COOK:8600001,COOK:Orland Precinct 1,36,65,76,64,2,3,1,0,0,3,250
COOK:8600002,COOK:Orland Precinct 2,21,20,58,67,0,2,0,0,0,2,170
COOK:8600003,COOK:Orland Precinct 3,20,39,58,56,1,3,1,4,4,0,186
COOK:8600004,COOK:Orland Precinct 4,84,28,61,73,0,1,2,0,0,2,251
COOK:8600005,COOK:Orland Precinct 5,11,33,42,69,0,1,0,3,2,0,161
COOK:8600006,COOK:Orland Precinct 6,20,22,57,62,0,0,1,0,0,0,162
COOK:8600007,COOK:Orland Precinct 7,10,31,45,66,0,0,2,0,0,0,154
COOK:8600008,COOK:Orland Precinct 8,14,46,48,78,0,0,0,3,1,1,191
COOK:8600009,COOK:Orland Precinct 9,10,60,71,96,1,1,0,3,3,4,249
COOK:8600010,COOK:Orland Precinct 10,9,29,42,77,1,1,2,1,1,1,164
COOK:8600011,COOK:Orland Precinct 11,11,52,41,48,1,1,1,1,1,2,159
COOK:8600012,COOK:Orland Precinct 12,4,4,21,14,0,0,0,0,0,1,44
COOK:8600013,COOK:Orland Precinct 13,21,46,61,81,3,2,0,1,0,1,216
COOK:8600014,COOK:Orland Precinct 14,9,19,43,56,0,1,2,3,1,2,136
COOK:8600015,COOK:Orland Precinct 15,12,56,55,65,1,1,0,1,2,0,193
COOK:8600016,COOK:Orland Precinct 16,16,61,39,58,0,1,0,0,2,0,177
COOK:8600017,COOK:Orland Precinct 17,5,20,25,51,0,0,1,1,0,0,103
COOK:8600018,COOK:Orland Precinct 18,22,45,34,92,0,2,0,2,0,1,198
COOK:8600019,COOK:Orland Precinct 19,8,26,30,35,0,1,1,1,1,1,104
COOK:8600020,COOK:Orland Precinct 20,15,48,68,69,1,0,3,2,1,1,208
COOK:8600021,COOK:Orland Precinct 21,19,40,60,67,0,1,0,0,2,0,189
COOK:8600022,COOK:Orland Precinct 22,15,41,51,82,2,0,0,0,0,1,192
COOK:8600023,COOK:Orland Precinct 23,19,39,68,117,0,0,1,1,0,3,248
COOK:8600024,COOK:Orland Precinct 24,16,47,79,86,1,0,0,1,1,0,231
COOK:8600025,COOK:Orland Precinct 25,13,44,68,87,3,0,1,0,0,1,217
COOK:8600026,COOK:Orland Precinct 26,22,53,73,74,1,2,1,1,2,1,230
COOK:8600027,COOK:Orland Precinct 27,20,35,48,58,0,0,1,1,3,1,167
COOK:8600028,COOK:Orland Precinct 28,8,15,29,68,0,0,0,0,0,1,121
COOK:8600029,COOK:Orland Precinct 29,16,117,82,72,0,0,2,1,0,1,291
COOK:8600030,COOK:Orland Precinct 30,7,23,30,35,0,1,0,3,0,2,101
COOK:8600031,COOK:Orland Precinct 31,12,19,22,42,0,0,2,0,0,0,97
COOK:8600032,COOK:Orland Precinct 32,23,42,57,96,0,4,1,2,0,2,227
COOK:8600033,COOK:Orland Precinct 33,26,42,70,86,0,3,1,0,1,3,232
COOK:8600034,COOK:Orland Precinct 34,11,20,47,59,0,0,0,1,2,1,141
COOK:8600035,COOK:Orland Precinct 35,28,46,90,86,0,3,2,1,3,3,262
COOK:8600036,COOK:Orland Precinct 36,11,17,30,33,0,1,0,0,1,0,93
COOK:8600037,COOK:Orland Precinct 37,24,20,45,68,0,0,1,0,0,0,158
COOK:8600038,COOK:Orland Precinct 38,6,14,15,21,0,3,0,0,0,0,59
COOK:8600039,COOK:Orland Precinct 39,9,20,25,56,0,1,0,0,0,0,111
COOK:8600040,COOK:Orland Precinct 40,12,33,36,70,0,0,0,1,0,2,154
COOK:8600041,COOK:Orland Precinct 41,7,21,44,34,1,0,0,0,0,3,110
COOK:8600042,COOK:Orland Precinct 42,14,34,69,115,1,2,1,1,2,2,241
COOK:8600043,COOK:Orland Precinct 43,12,16,31,30,0,1,1,1,0,2,94
COOK:8600044,COOK:Orland Precinct 44,8,32,37,53,1,2,1,4,0,0,138
COOK:8600045,COOK:Orland Precinct 45,26,29,68,101,1,2,1,0,0,1,229
COOK:8600046,COOK:Orland Precinct 46,5,13,27,45,0,2,0,1,0,0,93
COOK:8600047,COOK:Orland Precinct 47,14,33,53,85,1,1,1,1,0,1,190
COOK:8600048,COOK:Orland Precinct 48,11,27,36,61,0,2,0,1,0,0,138
COOK:8600049,COOK:Orland Precinct 49,13,33,76,78,1,0,0,0,1,6,208
COOK:8600050,COOK:Orland Precinct 50,8,13,39,37,1,2,0,1,2,0,103
COOK:8600051,COOK:Orland Precinct 51,21,32,44,82,0,2,1,5,1,0,188
COOK:8600052,COOK:Orland Precinct 52,14,20,39,51,3,0,0,1,0,0,128
COOK:8600053,COOK:Orland Precinct 53,18,39,45,50,0,0,1,1,0,2,156
COOK:8600054,COOK:Orland Precinct 54,16,25,46,60,0,1,0,1,1,1,151
COOK:8600055,COOK:Orland Precinct 55,15,21,43,35,0,1,0,0,1,1,117
COOK:8600056,COOK:Orland Precinct 56,17,22,36,43,0,1,0,0,0,0,119
COOK:8600057,COOK:Orland Precinct 57,9,25,38,70,0,0,1,1,0,0,144
COOK:8600058,COOK:Orland Precinct 58,6,29,28,64,0,0,0,0,1,0,128
COOK:8600059,COOK:Orland Precinct 59,10,25,44,78,0,0,2,0,1,0,160
COOK:8600060,COOK:Orland Precinct 60,7,11,32,61,0,0,2,1,0,2,116
COOK:8600061,COOK:Orland Precinct 61,13,25,32,62,0,2,1,0,0,0,135
COOK:8600062,COOK:Orland Precinct 62,20,38,41,55,0,0,2,1,0,0,157
COOK:8700001,COOK:Palatine Precinct 1,10,21,43,77,2,1,0,0,0,0,154
COOK:8700002,COOK:Palatine Precinct 2,16,34,57,179,1,0,1,0,0,0,288
COOK:8700003,COOK:Palatine Precinct 3,6,13,27,64,0,0,0,2,0,0,112
COOK:8700004,COOK:Palatine Precinct 4,6,11,32,38,0,1,0,0,1,1,90
COOK:8700005,COOK:Palatine Precinct 5,8,22,79,153,1,3,4,1,3,1,275
COOK:8700006,COOK:Palatine Precinct 6,4,15,86,137,1,0,1,0,0,2,246
COOK:8700007,COOK:Palatine Precinct 7,6,15,45,58,0,0,0,0,1,1,126
COOK:8700008,COOK:Palatine Precinct 8,3,30,84,127,0,1,4,0,0,1,250
COOK:8700009,COOK:Palatine Precinct 9,3,14,54,91,0,0,0,0,0,0,162
COOK:8700010,COOK:Palatine Precinct 10,6,12,45,96,0,0,0,0,0,2,161
COOK:8700011,COOK:Palatine Precinct 11,9,11,28,73,0,2,0,1,2,1,127
COOK:8700012,COOK:Palatine Precinct 12,8,17,35,114,1,0,0,0,0,1,176
COOK:8700013,COOK:Palatine Precinct 13,7,12,43,88,1,0,0,0,1,0,152
COOK:8700014,COOK:Palatine Precinct 14,10,21,63,90,0,0,0,0,0,1,185
COOK:8700015,COOK:Palatine Precinct 15,7,22,72,107,0,1,1,2,0,0,212
COOK:8700016,COOK:Palatine Precinct 16,3,9,47,30,0,1,0,0,3,0,93
COOK:8700017,COOK:Palatine Precinct 17,8,20,93,91,3,1,0,0,0,2,218
COOK:8700018,COOK:Palatine Precinct 18,9,25,101,140,1,2,5,1,0,2,286
COOK:8700019,COOK:Palatine Precinct 19,4,10,63,125,0,2,1,1,0,1,207
COOK:8700020,COOK:Palatine Precinct 20,3,13,36,26,2,1,0,1,0,0,82
COOK:8700021,COOK:Palatine Precinct 21,11,16,77,144,2,1,2,1,2,0,256
COOK:8700022,COOK:Palatine Precinct 22,2,16,62,92,0,2,2,0,0,0,176
COOK:8700023,COOK:Palatine Precinct 23,1,16,15,63,0,0,1,0,0,0,96
COOK:8700024,COOK:Palatine Precinct 24,6,36,59,127,0,4,0,1,3,0,236
COOK:8700025,COOK:Palatine Precinct 25,5,16,76,108,1,1,0,0,3,1,211
COOK:8700026,COOK:Palatine Precinct 26,9,28,72,118,3,2,2,1,0,2,237
COOK:8700027,COOK:Palatine Precinct 27,12,20,85,118,2,2,0,1,0,0,240
COOK:8700028,COOK:Palatine Precinct 28,10,15,29,71,1,1,0,0,0,1,128
COOK:8700029,COOK:Palatine Precinct 29,11,11,57,150,0,3,3,3,1,5,244
COOK:8700030,COOK:Palatine Precinct 30,10,10,54,54,0,2,0,1,1,2,134
COOK:8700031,COOK:Palatine Precinct 31,4,8,50,78,0,0,1,0,0,0,141
COOK:8700032,COOK:Palatine Precinct 32,5,14,37,96,1,3,0,1,0,1,158
COOK:8700033,COOK:Palatine Precinct 33,6,13,25,33,1,0,1,0,0,0,79
COOK:8700034,COOK:Palatine Precinct 34,10,19,67,108,1,1,0,0,1,1,208
COOK:8700035,COOK:Palatine Precinct 35,7,23,74,133,0,0,0,1,1,0,239
COOK:8700036,COOK:Palatine Precinct 36,5,23,50,96,2,0,1,0,1,0,178
COOK:8700037,COOK:Palatine Precinct 37,12,23,57,121,1,0,1,1,0,0,216
COOK:8700038,COOK:Palatine Precinct 38,9,19,86,138,2,0,2,0,2,1,259
COOK:8700039,COOK:Palatine Precinct 39,10,26,58,136,2,0,3,0,2,2,239
COOK:8700040,COOK:Palatine Precinct 40,3,25,80,131,0,0,0,0,2,2,243
COOK:8700041,COOK:Palatine Precinct 41,5,24,58,147,1,1,1,0,0,0,237
COOK:8700042,COOK:Palatine Precinct 42,14,26,77,134,1,1,1,0,1,0,255
COOK:8700043,COOK:Palatine Precinct 43,6,18,50,91,0,0,0,1,0,3,169
COOK:8700044,COOK:Palatine Precinct 44,7,15,33,94,1,0,0,0,0,2,152
COOK:8700045,COOK:Palatine Precinct 45,8,8,48,103,0,1,0,1,1,0,170
COOK:8700046,COOK:Palatine Precinct 46,8,16,56,139,0,0,0,0,1,1,221
COOK:8700047,COOK:Palatine Precinct 47,2,22,58,127,0,2,0,1,0,1,213
COOK:8700048,COOK:Palatine Precinct 48,6,15,71,79,0,3,0,0,0,0,174
COOK:8700049,COOK:Palatine Precinct 49,4,9,30,56,0,0,0,1,0,1,101
COOK:8700050,COOK:Palatine Precinct 50,6,20,77,133,2,0,0,4,0,1,243
COOK:8700051,COOK:Palatine Precinct 51,1,13,22,55,0,0,0,0,2,0,93
COOK:8700052,COOK:Palatine Precinct 52,6,14,55,99,2,0,1,0,2,1,180
COOK:8700053,COOK:Palatine Precinct 53,6,8,50,93,1,2,0,0,1,0,161
COOK:8700054,COOK:Palatine Precinct 54,17,20,101,132,0,1,1,0,1,2,275
COOK:8700055,COOK:Palatine Precinct 55,5,24,60,141,4,1,1,0,0,0,236
COOK:8700056,COOK:Palatine Precinct 56,7,20,53,101,0,0,1,1,0,0,183
COOK:8700057,COOK:Palatine Precinct 57,13,28,72,160,0,4,0,2,0,0,279
COOK:8700058,COOK:Palatine Precinct 58,6,24,41,77,0,2,1,1,0,0,152
COOK:8700059,COOK:Palatine Precinct 59,14,23,90,158,2,5,2,1,1,3,299
COOK:8700060,COOK:Palatine Precinct 60,7,22,47,84,1,0,0,1,4,0,166
COOK:8700061,COOK:Palatine Precinct 61,1,10,26,58,1,0,0,1,0,0,97
COOK:8700062,COOK:Palatine Precinct 62,9,24,77,70,1,1,2,1,3,0,188
COOK:8700063,COOK:Palatine Precinct 63,8,30,54,96,2,0,0,0,1,1,192
COOK:8700064,COOK:Palatine Precinct 64,8,22,43,67,0,2,0,2,0,0,144
COOK:8700065,COOK:Palatine Precinct 65,14,20,67,75,1,1,0,1,2,2,183
COOK:8800001,COOK:Palos Precinct 1,11,18,26,34,0,0,1,0,2,2,94
COOK:8800002,COOK:Palos Precinct 2,7,17,25,54,0,0,0,0,0,0,103
COOK:8800003,COOK:Palos Precinct 3,18,13,45,54,0,1,0,2,0,1,134
COOK:8800004,COOK:Palos Precinct 4,4,22,42,36,0,0,1,1,0,0,106
COOK:8800005,COOK:Palos Precinct 5,13,40,18,35,1,3,0,1,4,0,115
COOK:8800006,COOK:Palos Precinct 6,1,6,13,18,0,1,0,0,0,0,39
COOK:8800007,COOK:Palos Precinct 7,13,53,34,71,4,1,0,2,0,1,179
COOK:8800008,COOK:Palos Precinct 8,12,37,64,56,0,1,1,1,1,1,174
COOK:8800009,COOK:Palos Precinct 9,36,29,65,88,2,2,1,4,0,3,230
COOK:8800010,COOK:Palos Precinct 10,13,20,69,86,2,0,1,1,2,3,197
COOK:8800011,COOK:Palos Precinct 11,11,27,32,62,0,1,2,0,1,0,136
COOK:8800012,COOK:Palos Precinct 12,12,28,28,56,1,0,1,1,0,2,129
COOK:8800013,COOK:Palos Precinct 13,18,53,59,71,0,1,1,1,2,0,206
COOK:8800014,COOK:Palos Precinct 14,17,34,20,38,2,2,0,0,2,0,115
COOK:8800015,COOK:Palos Precinct 15,20,54,79,153,1,1,1,1,5,1,316
COOK:8800016,COOK:Palos Precinct 16,30,58,43,95,0,0,0,0,1,4,231
COOK:8800017,COOK:Palos Precinct 17,18,38,45,63,0,1,0,1,1,0,167
COOK:8800018,COOK:Palos Precinct 18,16,52,54,52,1,0,0,1,2,0,178
COOK:8800019,COOK:Palos Precinct 19,13,31,64,65,0,0,2,2,0,0,177
COOK:8800020,COOK:Palos Precinct 20,13,33,58,56,3,1,2,1,2,1,170
COOK:8800021,COOK:Palos Precinct 21,10,20,28,39,0,1,1,1,0,1,101
COOK:8800022,COOK:Palos Precinct 22,3,10,25,14,0,2,0,0,1,0,55
COOK:8800023,COOK:Palos Precinct 23,15,35,32,37,0,0,1,0,2,0,122
COOK:8800024,COOK:Palos Precinct 24,37,34,70,142,2,3,1,1,1,0,291
COOK:8800025,COOK:Palos Precinct 25,15,200,6,15,2,0,1,1,6,0,246
COOK:8800026,COOK:Palos Precinct 26,11,23,22,32,0,0,1,2,1,1,93
COOK:8800027,COOK:Palos Precinct 27,10,40,67,49,4,0,0,0,0,2,172
COOK:8800028,COOK:Palos Precinct 28,6,19,39,10,0,1,1,5,0,0,81
COOK:8800029,COOK:Palos Precinct 29,12,29,46,59,1,1,4,3,1,0,156
COOK:8800030,COOK:Palos Precinct 30,27,33,44,92,1,0,1,2,0,0,200
COOK:8800031,COOK:Palos Precinct 31,12,29,39,59,0,0,0,3,3,0,145
COOK:8800032,COOK:Palos Precinct 32,5,19,15,28,1,0,0,0,0,1,69
COOK:8800033,COOK:Palos Precinct 33,13,35,42,66,1,2,1,2,2,0,164
COOK:8800034,COOK:Palos Precinct 34,7,15,21,38,0,1,0,0,0,0,82
COOK:8800035,COOK:Palos Precinct 35,24,40,75,64,0,1,0,1,0,1,206
COOK:8900001,COOK:Proviso Precinct 1,7,40,83,41,1,0,1,0,1,4,178
COOK:8900002,COOK:Proviso Precinct 2,8,23,74,32,2,1,0,0,2,1,143
COOK:8900003,COOK:Proviso Precinct 3,10,62,128,49,0,2,0,4,2,1,258
COOK:8900004,COOK:Proviso Precinct 4,9,56,97,29,1,3,0,3,0,1,199
COOK:8900005,COOK:Proviso Precinct 5,10,39,101,83,1,0,1,1,3,1,240
COOK:8900006,COOK:Proviso Precinct 6,15,49,123,87,1,0,3,1,2,2,283
COOK:8900007,COOK:Proviso Precinct 7,2,12,33,33,0,3,1,1,1,0,86
COOK:8900008,COOK:Proviso Precinct 8,6,53,131,55,2,1,1,1,2,1,253
COOK:8900009,COOK:Proviso Precinct 9,2,35,107,32,0,2,0,2,0,0,180
COOK:8900010,COOK:Proviso Precinct 10,12,13,44,22,1,1,4,1,2,1,101
COOK:8900011,COOK:Proviso Precinct 11,17,11,64,29,1,1,2,2,3,1,131
COOK:8900012,COOK:Proviso Precinct 12,21,19,95,58,2,1,1,0,1,1,199
COOK:8900013,COOK:Proviso Precinct 13,15,34,77,51,1,2,0,3,1,1,185
COOK:8900014,COOK:Proviso Precinct 14,7,7,52,21,1,3,0,0,1,0,92
COOK:8900015,COOK:Proviso Precinct 15,9,5,58,35,0,6,0,0,3,1,117
COOK:8900016,COOK:Proviso Precinct 16,7,37,94,34,0,3,1,3,0,1,180
COOK:8900017,COOK:Proviso Precinct 17,46,25,193,84,4,2,3,4,4,8,373
COOK:8900018,COOK:Proviso Precinct 18,9,58,154,49,0,2,0,4,0,3,279
COOK:8900019,COOK:Proviso Precinct 19,10,50,152,37,2,0,1,1,0,2,255
COOK:8900020,COOK:Proviso Precinct 20,15,60,168,38,0,1,3,3,2,1,291
COOK:8900021,COOK:Proviso Precinct 21,27,43,103,100,1,2,1,3,2,2,284
COOK:8900022,COOK:Proviso Precinct 22,4,38,99,18,2,3,0,1,0,0,165
COOK:8900023,COOK:Proviso Precinct 23,15,38,124,139,0,0,1,0,1,1,319
COOK:8900024,COOK:Proviso Precinct 24,18,54,140,123,2,0,0,0,0,0,337
COOK:8900025,COOK:Proviso Precinct 25,8,43,96,121,4,4,0,0,0,1,277
COOK:8900026,COOK:Proviso Precinct 26,21,38,138,101,3,3,1,0,0,3,308
COOK:8900027,COOK:Proviso Precinct 27,12,40,112,90,0,2,0,1,1,2,260
COOK:8900028,COOK:Proviso Precinct 28,9,44,114,80,4,0,2,1,2,0,256
COOK:8900029,COOK:Proviso Precinct 29,9,45,170,97,3,0,3,3,1,4,335
COOK:8900030,COOK:Proviso Precinct 30,2,46,102,42,2,1,0,3,1,3,202
COOK:8900031,COOK:Proviso Precinct 31,3,23,53,13,0,1,1,3,0,0,97
COOK:8900032,COOK:Proviso Precinct 32,20,63,200,120,1,4,2,0,2,0,412
COOK:8900033,COOK:Proviso Precinct 33,14,67,168,50,0,1,3,3,1,2,309
COOK:8900034,COOK:Proviso Precinct 34,9,91,242,65,2,4,0,6,1,4,424
COOK:8900035,COOK:Proviso Precinct 35,15,41,129,108,3,3,1,2,0,0,302
COOK:8900036,COOK:Proviso Precinct 36,14,43,137,39,2,1,2,5,0,1,244
COOK:8900037,COOK:Proviso Precinct 37,3,44,89,22,0,2,1,2,1,0,164
COOK:8900038,COOK:Proviso Precinct 38,2,52,125,50,1,1,0,3,0,1,235
COOK:8900039,COOK:Proviso Precinct 39,15,51,156,63,1,3,2,5,0,2,298
COOK:8900040,COOK:Proviso Precinct 40,18,82,215,54,2,1,2,6,1,1,382
COOK:8900041,COOK:Proviso Precinct 41,5,34,92,23,0,0,0,2,2,1,159
COOK:8900042,COOK:Proviso Precinct 42,18,29,116,115,3,1,1,0,2,1,286
COOK:8900043,COOK:Proviso Precinct 43,5,37,80,20,0,1,0,3,0,1,147
COOK:8900044,COOK:Proviso Precinct 44,4,43,150,20,0,2,2,1,1,1,224
COOK:8900045,COOK:Proviso Precinct 45,6,51,166,42,2,4,1,1,1,0,274
COOK:8900046,COOK:Proviso Precinct 46,4,8,24,18,0,0,0,0,0,3,57
COOK:8900047,COOK:Proviso Precinct 47,3,30,125,22,0,0,2,2,0,3,187
COOK:8900048,COOK:Proviso Precinct 48,6,55,159,35,0,1,0,4,0,4,264
COOK:8900049,COOK:Proviso Precinct 49,9,43,76,37,2,0,2,1,1,2,173
COOK:8900050,COOK:Proviso Precinct 50,11,94,174,67,0,3,3,3,6,3,364
COOK:8900051,COOK:Proviso Precinct 51,13,29,114,80,1,2,0,2,1,1,243
COOK:8900052,COOK:Proviso Precinct 52,1,23,82,21,1,0,1,5,0,0,134
COOK:8900053,COOK:Proviso Precinct 53,10,38,117,18,1,3,0,4,3,1,195
COOK:8900054,COOK:Proviso Precinct 54,10,27,87,120,1,0,0,2,0,1,248
COOK:8900055,COOK:Proviso Precinct 55,14,40,133,82,1,1,3,4,5,1,284
COOK:8900056,COOK:Proviso Precinct 56,7,46,138,36,1,1,2,5,0,3,239
COOK:8900057,COOK:Proviso Precinct 57,6,40,84,52,0,2,0,1,1,4,190
COOK:8900058,COOK:Proviso Precinct 58,6,34,107,30,0,0,1,1,2,1,182
COOK:8900059,COOK:Proviso Precinct 59,6,29,91,41,0,0,2,1,0,0,170
COOK:8900060,COOK:Proviso Precinct 60,9,26,102,25,0,1,0,1,1,1,166
COOK:8900061,COOK:Proviso Precinct 61,7,67,161,59,1,3,3,2,1,2,306
COOK:8900062,COOK:Proviso Precinct 62,10,64,170,100,4,4,1,3,5,0,361
COOK:8900063,COOK:Proviso Precinct 63,13,48,121,120,4,2,1,3,1,1,314
COOK:8900064,COOK:Proviso Precinct 64,1,44,120,38,1,1,0,4,2,4,215
COOK:8900065,COOK:Proviso Precinct 65,12,39,96,43,1,2,1,3,3,1,201
COOK:8900066,COOK:Proviso Precinct 66,16,79,190,106,0,5,1,1,0,4,402
COOK:8900067,COOK:Proviso Precinct 67,15,91,204,90,2,8,1,4,1,3,419
COOK:8900068,COOK:Proviso Precinct 68,6,47,83,41,0,0,0,0,1,0,178
COOK:8900069,COOK:Proviso Precinct 69,3,26,89,37,1,1,0,1,0,1,159
COOK:8900070,COOK:Proviso Precinct 70,9,41,88,88,1,0,0,1,1,1,230
COOK:8900071,COOK:Proviso Precinct 71,12,54,182,89,3,3,2,4,1,5,355
COOK:8900072,COOK:Proviso Precinct 72,11,59,122,50,0,1,2,3,2,2,252
COOK:8900073,COOK:Proviso Precinct 73,24,87,191,86,3,3,2,6,2,3,407
COOK:8900074,COOK:Proviso Precinct 74,15,58,113,88,2,0,1,4,0,1,282
COOK:8900075,COOK:Proviso Precinct 75,13,46,112,66,1,5,2,1,2,1,249
COOK:8900076,COOK:Proviso Precinct 76,19,50,146,82,1,3,0,0,1,1,303
COOK:8900077,COOK:Proviso Precinct 77,6,44,74,37,0,1,0,3,1,0,166
COOK:8900078,COOK:Proviso Precinct 78,18,23,84,52,2,1,1,2,5,2,190
COOK:8900079,COOK:Proviso Precinct 79,9,33,136,46,0,0,0,3,1,3,231
COOK:8900080,COOK:Proviso Precinct 80,9,8,48,38,1,1,1,2,1,3,112
COOK:8900081,COOK:Proviso Precinct 81,12,24,92,45,0,4,1,1,1,1,181
COOK:8900082,COOK:Proviso Precinct 82,12,69,195,53,0,3,2,2,5,3,344
COOK:8900083,COOK:Proviso Precinct 83,18,70,261,67,2,2,1,3,0,1,425
COOK:8900084,COOK:Proviso Precinct 84,9,35,66,55,4,0,1,0,0,2,172
COOK:8900085,COOK:Proviso Precinct 85,15,53,113,95,0,0,1,4,0,2,283
COOK:8900086,COOK:Proviso Precinct 86,7,62,190,56,0,3,0,7,2,2,329
COOK:8900087,COOK:Proviso Precinct 87,23,14,119,32,2,2,3,2,2,4,203
COOK:8900088,COOK:Proviso Precinct 88,20,50,161,117,1,1,1,0,2,1,354
COOK:8900089,COOK:Proviso Precinct 89,7,32,76,39,1,0,0,0,0,2,157
COOK:9000001,COOK:Rich Precinct 1,7,571,304,140,0,2,0,1,0,1,1026
COOK:9000002,COOK:Rich Precinct 2,7,334,198,96,0,1,3,3,0,1,643
COOK:9000003,COOK:Rich Precinct 3,0,247,154,72,0,2,1,0,1,3,480
COOK:9000004,COOK:Rich Precinct 4,4,148,105,40,0,1,0,1,0,1,300
COOK:9000005,COOK:Rich Precinct 5,4,197,128,56,0,0,0,3,0,1,389
COOK:9000006,COOK:Rich Precinct 6,5,230,149,58,0,0,1,3,1,2,449
COOK:9000007,COOK:Rich Precinct 7,10,112,98,55,1,2,2,4,0,0,284
COOK:9000008,COOK:Rich Precinct 8,6,178,91,56,3,0,0,3,1,0,338
COOK:9000009,COOK:Rich Precinct 9,9,204,102,39,0,1,0,1,1,3,360
COOK:9000010,COOK:Rich Precinct 10,2,125,66,36,1,2,0,1,0,0,233
COOK:9000011,COOK:Rich Precinct 11,4,130,75,44,0,0,1,2,0,0,256
COOK:9000012,COOK:Rich Precinct 12,4,163,72,53,0,3,0,3,0,1,299
COOK:9000013,COOK:Rich Precinct 13,8,158,56,63,0,2,1,0,1,0,289
COOK:9000014,COOK:Rich Precinct 14,2,20,15,15,0,0,0,1,0,1,54
COOK:9000015,COOK:Rich Precinct 15,2,285,190,76,0,3,0,3,0,0,559
COOK:9000016,COOK:Rich Precinct 16,6,73,43,30,0,2,0,1,0,2,157
COOK:9000017,COOK:Rich Precinct 17,2,85,39,44,0,1,1,0,1,0,173
COOK:9000018,COOK:Rich Precinct 18,2,174,86,41,0,0,0,2,1,0,306
COOK:9000019,COOK:Rich Precinct 19,5,60,40,47,0,1,1,0,1,0,155
COOK:9000020,COOK:Rich Precinct 20,21,93,97,123,0,1,2,0,1,0,338
COOK:9000021,COOK:Rich Precinct 21,7,139,81,55,0,1,1,0,1,0,285
COOK:9000022,COOK:Rich Precinct 22,2,109,36,41,0,0,0,0,0,0,188
COOK:9000023,COOK:Rich Precinct 23,3,222,128,58,1,2,2,4,1,0,421
COOK:9000024,COOK:Rich Precinct 24,8,135,70,50,2,2,1,1,0,1,270
COOK:9000025,COOK:Rich Precinct 25,3,232,101,77,0,2,2,2,0,1,420
COOK:9000026,COOK:Rich Precinct 26,3,154,75,67,1,0,1,0,0,1,302
COOK:9000027,COOK:Rich Precinct 27,3,163,83,40,2,0,1,4,1,0,297
COOK:9000028,COOK:Rich Precinct 28,0,259,131,60,0,3,1,2,2,1,459
COOK:9000029,COOK:Rich Precinct 29,8,130,82,69,0,1,0,0,1,0,291
COOK:9000030,COOK:Rich Precinct 30,7,225,98,47,0,1,1,2,0,1,382
COOK:9000031,COOK:Rich Precinct 31,7,131,68,55,0,0,0,3,2,4,270
COOK:9000032,COOK:Rich Precinct 32,1,165,93,57,1,2,0,3,0,0,322
COOK:9000033,COOK:Rich Precinct 33,2,156,72,48,1,0,2,0,0,0,281
COOK:9000034,COOK:Rich Precinct 34,4,147,104,53,1,1,0,3,0,0,313
COOK:9000035,COOK:Rich Precinct 35,9,124,96,56,0,2,0,1,2,1,291
COOK:9000036,COOK:Rich Precinct 36,11,416,247,120,0,0,3,11,1,2,811
COOK:9000037,COOK:Rich Precinct 37,5,154,85,55,0,0,0,1,0,1,301
COOK:9000038,COOK:Rich Precinct 38,8,140,69,35,1,0,0,1,0,0,254
COOK:9000039,COOK:Rich Precinct 39,6,186,119,63,2,1,0,0,1,2,380
COOK:9000040,COOK:Rich Precinct 40,7,140,72,35,0,0,3,3,3,1,264
COOK:9000041,COOK:Rich Precinct 41,1,122,72,33,1,2,0,0,0,1,232
COOK:9000042,COOK:Rich Precinct 42,4,127,68,42,0,1,2,1,0,0,245
COOK:9000043,COOK:Rich Precinct 43,3,160,84,44,0,0,0,3,0,0,294
COOK:9000044,COOK:Rich Precinct 44,1,129,61,30,0,0,0,1,1,0,223
COOK:9000045,COOK:Rich Precinct 45,12,223,159,64,0,2,0,2,1,3,466
COOK:9000046,COOK:Rich Precinct 46,6,211,111,37,0,1,3,3,1,0,373
COOK:9000047,COOK:Rich Precinct 47,3,257,151,76,1,1,0,3,0,0,492
COOK:9100001,COOK:River Forest Precinct 1,14,40,107,142,0,3,0,0,2,1,309
COOK:9100002,COOK:River Forest Precinct 2,14,81,182,224,0,3,2,3,1,4,514
COOK:9100003,COOK:River Forest Precinct 3,12,46,122,114,0,1,1,0,0,4,300
COOK:9100004,COOK:River Forest Precinct 4,13,51,144,123,3,1,6,3,1,1,346
COOK:9100005,COOK:River Forest Precinct 5,15,67,186,142,5,2,0,2,0,0,419
COOK:9100006,COOK:River Forest Precinct 6,10,26,75,68,1,1,1,1,0,1,184
COOK:9100007,COOK:River Forest Precinct 7,12,71,130,122,2,2,2,3,0,1,345
COOK:9200001,COOK:Riverside Precinct 1,4,32,106,91,1,2,0,0,2,0,238
COOK:9200002,COOK:Riverside Precinct 2,1,1,5,7,0,0,0,0,0,0,14
COOK:9200003,COOK:Riverside Precinct 3,15,28,85,59,0,1,1,0,0,0,189
COOK:9200004,COOK:Riverside Precinct 4,11,50,137,120,0,0,0,2,3,2,325
COOK:9200005,COOK:Riverside Precinct 5,11,15,74,45,1,1,2,0,0,5,154
COOK:9200006,COOK:Riverside Precinct 6,19,45,133,107,0,2,0,1,2,1,310
COOK:9200007,COOK:Riverside Precinct 7,8,16,52,57,0,4,0,2,0,0,139
COOK:9200008,COOK:Riverside Precinct 8,8,39,145,107,1,1,0,1,1,0,303
COOK:9200009,COOK:Riverside Precinct 9,9,39,91,82,1,0,3,0,1,2,228
COOK:9200010,COOK:Riverside Precinct 10,17,28,141,119,0,1,2,1,3,2,314
COOK:9200011,COOK:Riverside Precinct 11,15,44,111,88,3,4,1,1,0,0,267
COOK:9200012,COOK:Riverside Precinct 12,13,36,111,66,3,2,0,2,5,0,238
COOK:9300001,COOK:Schaumburg Precinct 1,23,36,78,208,0,4,2,0,6,0,357
COOK:9300002,COOK:Schaumburg Precinct 2,14,21,72,113,0,1,1,1,2,4,229
COOK:9300003,COOK:Schaumburg Precinct 3,10,20,70,176,0,0,0,0,2,0,278
COOK:9300004,COOK:Schaumburg Precinct 4,2,15,28,71,2,0,1,0,2,1,122
COOK:9300005,COOK:Schaumburg Precinct 5,6,12,22,142,0,0,0,1,0,1,184
COOK:9300006,COOK:Schaumburg Precinct 6,10,33,67,142,0,2,1,1,3,0,259
COOK:9300007,COOK:Schaumburg Precinct 7,4,15,26,89,1,1,0,2,0,0,138
COOK:9300008,COOK:Schaumburg Precinct 8,3,14,31,96,0,1,0,0,0,1,146
COOK:9300009,COOK:Schaumburg Precinct 9,11,12,46,88,3,2,1,2,0,2,167
COOK:9300010,COOK:Schaumburg Precinct 10,5,7,21,62,0,0,0,0,1,0,96
COOK:9300011,COOK:Schaumburg Precinct 11,7,15,34,93,0,2,1,0,3,0,155
COOK:9300012,COOK:Schaumburg Precinct 12,5,38,32,131,0,0,1,0,0,0,207
COOK:9300013,COOK:Schaumburg Precinct 13,13,16,29,103,1,0,0,0,3,3,168
COOK:9300014,COOK:Schaumburg Precinct 14,15,23,63,193,0,4,0,0,0,0,298
COOK:9300015,COOK:Schaumburg Precinct 15,6,24,42,116,0,0,1,0,1,0,190
COOK:9300016,COOK:Schaumburg Precinct 16,7,21,48,88,0,3,1,0,4,0,172
COOK:9300017,COOK:Schaumburg Precinct 17,11,28,31,194,0,0,1,0,0,0,265
COOK:9300018,COOK:Schaumburg Precinct 18,17,32,65,131,0,3,0,1,3,0,252
COOK:9300019,COOK:Schaumburg Precinct 19,6,18,39,102,0,0,0,0,2,1,168
COOK:9300020,COOK:Schaumburg Precinct 20,9,17,89,171,1,1,2,3,1,1,295
COOK:9300021,COOK:Schaumburg Precinct 21,15,14,65,176,0,2,2,1,1,4,280
COOK:9300022,COOK:Schaumburg Precinct 22,10,25,58,125,0,0,1,1,3,1,224
COOK:9300023,COOK:Schaumburg Precinct 23,11,17,63,111,1,0,0,0,3,0,206
COOK:9300024,COOK:Schaumburg Precinct 24,5,14,55,133,2,0,0,2,2,1,214
COOK:9300025,COOK:Schaumburg Precinct 25,6,14,46,105,0,0,0,2,1,1,175
COOK:9300026,COOK:Schaumburg Precinct 26,9,27,34,127,0,2,0,1,0,0,200
COOK:9300027,COOK:Schaumburg Precinct 27,9,38,54,111,0,0,0,1,0,0,213
COOK:9300028,COOK:Schaumburg Precinct 28,2,23,70,127,0,0,0,1,1,1,225
COOK:9300029,COOK:Schaumburg Precinct 29,4,24,52,151,2,0,0,0,0,2,235
COOK:9300030,COOK:Schaumburg Precinct 30,3,14,42,145,0,2,0,0,0,0,206
COOK:9300031,COOK:Schaumburg Precinct 31,8,30,78,165,2,0,3,0,4,1,291
COOK:9300032,COOK:Schaumburg Precinct 32,14,26,49,135,1,3,1,1,1,1,232
COOK:9300033,COOK:Schaumburg Precinct 33,10,28,77,194,1,0,1,0,2,2,315
COOK:9300034,COOK:Schaumburg Precinct 34,7,25,51,109,0,3,0,0,2,0,197
COOK:9300035,COOK:Schaumburg Precinct 35,2,11,50,103,0,0,1,1,3,0,171
COOK:9300036,COOK:Schaumburg Precinct 36,13,21,101,179,1,0,4,1,0,5,325
COOK:9300037,COOK:Schaumburg Precinct 37,5,10,36,99,0,0,1,0,0,1,152
COOK:9300038,COOK:Schaumburg Precinct 38,15,22,50,174,3,3,2,1,0,1,271
COOK:9300039,COOK:Schaumburg Precinct 39,6,20,65,214,2,1,0,1,0,3,312
COOK:9300040,COOK:Schaumburg Precinct 40,7,9,38,133,0,0,0,0,0,0,187
COOK:9300041,COOK:Schaumburg Precinct 41,7,21,62,153,1,2,0,0,6,2,254
COOK:9300042,COOK:Schaumburg Precinct 42,11,25,72,92,0,1,1,1,3,1,207
COOK:9300043,COOK:Schaumburg Precinct 43,9,23,79,90,0,0,0,0,0,0,201
COOK:9300044,COOK:Schaumburg Precinct 44,4,27,76,107,2,1,2,2,4,6,231
COOK:9300045,COOK:Schaumburg Precinct 45,9,16,36,97,0,0,0,1,0,1,160
COOK:9300046,COOK:Schaumburg Precinct 46,5,8,32,90,0,0,0,0,1,1,137
COOK:9300047,COOK:Schaumburg Precinct 47,9,12,28,125,0,0,1,0,0,2,177
COOK:9300048,COOK:Schaumburg Precinct 48,9,16,37,75,0,0,1,0,1,1,140
COOK:9300049,COOK:Schaumburg Precinct 49,2,15,29,64,0,3,0,1,2,0,116
COOK:9300050,COOK:Schaumburg Precinct 50,9,14,36,77,0,0,0,2,1,1,140
COOK:9300051,COOK:Schaumburg Precinct 51,9,18,52,79,1,1,1,3,2,3,169
COOK:9300052,COOK:Schaumburg Precinct 52,7,20,46,160,1,2,2,1,1,0,240
COOK:9300053,COOK:Schaumburg Precinct 53,12,15,39,118,0,2,1,0,4,2,193
COOK:9300054,COOK:Schaumburg Precinct 54,9,19,22,108,1,0,2,0,2,0,163
COOK:9300055,COOK:Schaumburg Precinct 55,9,37,72,196,2,1,1,0,0,0,318
COOK:9300056,COOK:Schaumburg Precinct 56,4,20,39,146,1,0,0,1,0,1,212
COOK:9300057,COOK:Schaumburg Precinct 57,10,9,40,127,0,1,0,0,1,0,188
COOK:9300058,COOK:Schaumburg Precinct 58,6,11,33,56,0,1,0,1,1,0,109
COOK:9300059,COOK:Schaumburg Precinct 59,6,20,52,150,0,0,1,0,1,0,230
COOK:9300060,COOK:Schaumburg Precinct 60,10,20,50,115,1,2,1,2,5,3,209
COOK:9300061,COOK:Schaumburg Precinct 61,9,22,62,173,1,0,3,1,2,3,276
COOK:9300062,COOK:Schaumburg Precinct 62,7,29,65,120,1,0,0,1,1,1,225
COOK:9300063,COOK:Schaumburg Precinct 63,8,28,58,161,3,3,0,1,1,2,265
COOK:9300064,COOK:Schaumburg Precinct 64,6,5,36,112,0,1,0,0,0,0,160
COOK:9300065,COOK:Schaumburg Precinct 65,2,13,29,133,0,0,0,2,0,2,181
COOK:9300066,COOK:Schaumburg Precinct 66,6,26,56,169,1,1,0,5,0,0,264
COOK:9300067,COOK:Schaumburg Precinct 67,17,17,67,167,1,0,2,1,0,1,273
COOK:9300068,COOK:Schaumburg Precinct 68,3,13,43,127,0,1,1,0,0,0,188
COOK:9300069,COOK:Schaumburg Precinct 69,4,10,29,91,0,0,1,0,0,0,135
COOK:9400001,COOK:Stickney Precinct 1,5,9,25,26,0,0,0,0,0,1,66
COOK:9400002,COOK:Stickney Precinct 2,10,17,48,40,1,1,1,1,0,0,119
COOK:9400003,COOK:Stickney Precinct 3,18,36,63,75,1,1,2,3,2,0,201
COOK:9400004,COOK:Stickney Precinct 4,16,21,39,46,2,0,2,2,3,1,132
COOK:9400005,COOK:Stickney Precinct 5,16,36,51,60,0,0,0,1,3,1,168
COOK:9400006,COOK:Stickney Precinct 6,19,34,51,68,2,1,2,0,2,2,181
COOK:9400007,COOK:Stickney Precinct 7,5,12,44,20,0,1,0,0,1,0,83
COOK:9400008,COOK:Stickney Precinct 8,9,22,44,27,4,1,0,2,1,0,110
COOK:9400009,COOK:Stickney Precinct 9,14,31,25,39,4,1,0,0,4,0,118
COOK:9400010,COOK:Stickney Precinct 10,17,26,43,54,0,0,0,1,2,3,146
COOK:9400011,COOK:Stickney Precinct 11,4,19,45,55,1,2,0,0,0,1,127
COOK:7200057,COOK:Stickney Precinct 12,8,32,37,46,0,4,3,0,3,2,135
COOK:9400013,COOK:Stickney Precinct 13,7,17,32,44,1,0,0,1,1,2,105
COOK:9400014,COOK:Stickney Precinct 14,17,38,39,74,0,2,2,2,1,0,175
COOK:9400015,COOK:Stickney Precinct 15,14,27,58,70,1,1,0,0,1,1,173
COOK:9400016,COOK:Stickney Precinct 16,14,31,46,65,1,4,3,0,5,0,169
COOK:9400017,COOK:Stickney Precinct 17,10,21,29,40,0,1,0,3,1,2,107
COOK:9400018,COOK:Stickney Precinct 18,5,9,24,17,0,0,0,1,0,0,56
COOK:9400019,COOK:Stickney Precinct 19,10,12,47,35,0,0,0,0,2,2,108
COOK:9400020,COOK:Stickney Precinct 20,5,17,35,37,0,0,0,1,1,0,96
COOK:9500001,COOK:Thornton Precinct 1,3,84,74,26,2,1,1,2,0,2,195
COOK:9500002,COOK:Thornton Precinct 2,1,31,29,20,0,0,2,0,2,2,87
COOK:9500003,COOK:Thornton Precinct 3,14,94,111,54,1,2,1,4,4,0,285
COOK:9500004,COOK:Thornton Precinct 4,5,124,84,30,0,3,2,3,0,2,253
COOK:9500005,COOK:Thornton Precinct 5,4,41,25,14,0,0,1,0,1,0,86
COOK:9500006,COOK:Thornton Precinct 6,8,123,117,56,0,2,0,2,0,0,308
COOK:9500007,COOK:Thornton Precinct 7,5,120,75,46,0,1,1,3,0,1,252
COOK:9500008,COOK:Thornton Precinct 8,5,92,58,30,2,0,0,2,0,2,191
COOK:9500009,COOK:Thornton Precinct 9,7,49,44,40,1,2,2,1,0,0,146
COOK:9500010,COOK:Thornton Precinct 10,6,141,94,37,2,0,1,2,0,1,284
COOK:9500011,COOK:Thornton Precinct 11,9,100,71,34,0,1,0,2,0,1,218
COOK:9500012,COOK:Thornton Precinct 12,10,83,73,39,0,0,0,1,3,0,209
COOK:9500013,COOK:Thornton Precinct 13,7,107,98,49,0,1,1,2,1,1,267
COOK:9500014,COOK:Thornton Precinct 14,7,92,42,22,1,0,0,1,0,3,168
COOK:9500015,COOK:Thornton Precinct 15,4,78,63,21,0,1,2,3,0,1,173
COOK:9500016,COOK:Thornton Precinct 16,4,56,69,38,0,1,2,1,1,2,174
COOK:9500017,COOK:Thornton Precinct 17,5,65,58,47,0,0,0,2,2,2,181
COOK:9500018,COOK:Thornton Precinct 18,5,86,79,48,1,2,1,1,1,0,224
COOK:9500019,COOK:Thornton Precinct 19,5,76,71,34,0,0,2,0,1,1,190
COOK:9500020,COOK:Thornton Precinct 20,1,45,36,25,0,1,2,0,2,1,113
COOK:9500021,COOK:Thornton Precinct 21,4,138,119,47,1,0,0,1,1,3,314
COOK:9500022,COOK:Thornton Precinct 22,1,111,57,24,1,1,0,6,0,0,201
COOK:9500023,COOK:Thornton Precinct 23,9,91,74,37,0,0,0,0,0,1,212
COOK:9500024,COOK:Thornton Precinct 24,5,123,86,49,0,1,1,1,2,2,270
COOK:9500025,COOK:Thornton Precinct 25,7,99,70,50,0,0,2,1,1,2,232
COOK:9500026,COOK:Thornton Precinct 26,3,67,51,26,2,0,0,0,0,1,150
COOK:9500027,COOK:Thornton Precinct 27,6,159,138,50,0,0,1,1,1,1,357
COOK:9500028,COOK:Thornton Precinct 28,6,38,34,18,1,1,0,1,1,0,100
COOK:9500029,COOK:Thornton Precinct 29,5,122,57,25,1,1,0,2,0,0,213
COOK:9500030,COOK:Thornton Precinct 30,6,43,30,13,0,1,0,1,0,0,94
COOK:9500031,COOK:Thornton Precinct 31,4,37,29,24,0,0,1,0,0,0,95
COOK:9500032,COOK:Thornton Precinct 32,2,49,47,16,0,0,0,2,1,1,118
COOK:9500033,COOK:Thornton Precinct 33,0,89,74,21,0,1,0,1,0,1,187
COOK:9500034,COOK:Thornton Precinct 34,4,143,98,44,0,0,0,4,1,0,294
COOK:9500035,COOK:Thornton Precinct 35,12,151,113,60,1,3,1,2,0,1,344
COOK:9500036,COOK:Thornton Precinct 36,3,66,33,19,0,0,0,2,0,1,124
COOK:9500037,COOK:Thornton Precinct 37,4,87,87,35,0,2,1,3,0,1,220
COOK:9500038,COOK:Thornton Precinct 38,4,119,87,37,1,2,0,5,2,0,257
COOK:9500039,COOK:Thornton Precinct 39,1,174,69,34,1,2,0,3,1,0,285
COOK:9500040,COOK:Thornton Precinct 40,1,71,45,14,0,0,1,1,0,0,133
COOK:9500041,COOK:Thornton Precinct 41,3,60,49,15,0,0,0,4,0,0,131
COOK:9500042,COOK:Thornton Precinct 42,11,137,150,85,0,2,1,4,2,0,392
COOK:9500043,COOK:Thornton Precinct 43,7,114,72,52,0,0,1,0,0,2,248
COOK:9500044,COOK:Thornton Precinct 44,3,41,46,12,0,0,1,1,0,0,104
COOK:9500045,COOK:Thornton Precinct 45,8,134,97,46,0,2,3,3,1,3,297
COOK:9500046,COOK:Thornton Precinct 46,5,129,124,48,1,6,0,2,0,1,316
COOK:9500047,COOK:Thornton Precinct 47,7,83,54,26,0,1,0,1,0,0,172
COOK:9500048,COOK:Thornton Precinct 48,4,134,81,39,1,1,1,2,0,1,264
COOK:9500049,COOK:Thornton Precinct 49,3,119,53,24,1,2,0,1,0,1,204
COOK:9500050,COOK:Thornton Precinct 50,10,129,107,37,0,2,0,2,1,1,289
COOK:9500051,COOK:Thornton Precinct 51,6,52,33,40,1,0,1,0,0,0,133
COOK:9500052,COOK:Thornton Precinct 52,1,86,74,19,0,0,1,2,0,0,183
COOK:9500053,COOK:Thornton Precinct 53,9,125,98,57,0,4,1,3,1,2,300
COOK:9500054,COOK:Thornton Precinct 54,9,189,111,54,0,0,0,5,0,3,371
COOK:9500055,COOK:Thornton Precinct 55,6,62,58,28,0,3,1,2,0,2,162
COOK:9500056,COOK:Thornton Precinct 56,8,85,68,36,0,1,0,1,0,0,199
COOK:9500057,COOK:Thornton Precinct 57,5,146,112,48,1,2,0,1,0,2,317
COOK:9500058,COOK:Thornton Precinct 58,5,122,72,61,0,4,3,2,1,2,272
COOK:9500059,COOK:Thornton Precinct 59,2,56,27,21,0,0,0,1,0,1,108
COOK:9500060,COOK:Thornton Precinct 60,4,51,29,9,0,1,0,1,0,0,95
COOK:9500061,COOK:Thornton Precinct 61,5,81,45,20,0,1,0,0,1,0,153
COOK:9500062,COOK:Thornton Precinct 62,4,14,16,13,0,0,0,1,0,0,48
COOK:9500063,COOK:Thornton Precinct 63,3,38,32,15,0,1,0,2,1,0,92
COOK:9500064,COOK:Thornton Precinct 64,0,96,82,36,0,0,1,3,0,1,219
COOK:9500065,COOK:Thornton Precinct 65,5,59,71,46,0,2,1,3,3,1,191
COOK:9500066,COOK:Thornton Precinct 66,8,177,146,43,0,2,3,1,1,1,382
COOK:9500067,COOK:Thornton Precinct 67,15,126,93,57,1,1,0,0,0,0,293
COOK:9500068,COOK:Thornton Precinct 68,4,70,61,31,0,0,1,1,0,0,168
COOK:9500069,COOK:Thornton Precinct 69,3,106,92,23,0,0,2,4,1,1,232
COOK:9500070,COOK:Thornton Precinct 70,1,38,42,10,0,1,0,2,0,0,94
COOK:9500071,COOK:Thornton Precinct 71,9,112,74,20,0,1,1,0,0,0,217
COOK:9500072,COOK:Thornton Precinct 72,3,96,72,22,1,1,1,2,0,1,199
COOK:9500073,COOK:Thornton Precinct 73,4,133,115,32,1,0,0,3,0,0,288
COOK:9500074,COOK:Thornton Precinct 74,4,73,74,26,0,1,0,1,0,1,180
COOK:9500075,COOK:Thornton Precinct 75,1,164,99,48,0,2,1,4,1,2,322
COOK:9500076,COOK:Thornton Precinct 76,7,123,90,30,1,3,1,2,1,0,258
COOK:9500077,COOK:Thornton Precinct 77,7,135,103,56,0,4,0,3,0,0,308
COOK:9500078,COOK:Thornton Precinct 78,1,94,83,24,0,2,2,1,0,1,208
COOK:9500079,COOK:Thornton Precinct 79,7,98,93,54,2,0,1,3,1,0,259
COOK:9500080,COOK:Thornton Precinct 80,3,128,74,40,0,0,0,3,1,1,250
COOK:9500081,COOK:Thornton Precinct 81,6,197,136,46,1,0,1,7,0,0,394
COOK:9500082,COOK:Thornton Precinct 82,8,52,39,30,0,0,0,0,0,2,131
COOK:9500083,COOK:Thornton Precinct 83,5,129,87,57,0,1,0,0,0,1,280
COOK:9500084,COOK:Thornton Precinct 84,4,146,95,36,0,0,0,1,2,0,284
COOK:9500085,COOK:Thornton Precinct 85,8,111,78,35,1,1,0,5,0,2,241
COOK:9500086,COOK:Thornton Precinct 86,2,83,69,29,0,0,0,1,1,0,185
COOK:9500087,COOK:Thornton Precinct 87,6,144,116,46,1,3,1,3,2,2,324
COOK:9500088,COOK:Thornton Precinct 88,2,38,33,17,0,1,0,0,0,0,91
COOK:9500089,COOK:Thornton Precinct 89,3,129,111,45,0,5,0,2,0,0,295
COOK:9500090,COOK:Thornton Precinct 90,2,92,87,39,0,2,0,3,0,0,225
COOK:9500091,COOK:Thornton Precinct 91,1,123,82,27,1,0,0,1,0,0,235
COOK:9500092,COOK:Thornton Precinct 92,4,224,128,42,0,3,4,2,0,2,409
COOK:9500093,COOK:Thornton Precinct 93,3,29,27,20,1,0,0,0,0,1,81
COOK:9500094,COOK:Thornton Precinct 94,8,111,94,48,0,2,1,3,0,0,267
COOK:9500095,COOK:Thornton Precinct 95,0,44,49,6,1,1,1,3,0,1,106
COOK:9500096,COOK:Thornton Precinct 96,1,50,36,14,0,1,0,0,0,1,103
COOK:9500097,COOK:Thornton Precinct 97,1,35,40,13,0,0,0,1,0,0,90
COOK:9500098,COOK:Thornton Precinct 98,1,32,19,11,0,1,0,0,0,0,64
COOK:9500099,COOK:Thornton Precinct 99,2,46,34,11,0,0,0,2,0,0,95
COOK:9500100,COOK:Thornton Precinct 100,1,42,32,10,0,1,0,0,1,0,87
COOK:9500101,COOK:Thornton Precinct 101,4,115,93,33,2,1,0,4,0,0,252
COOK:9500102,COOK:Thornton Precinct 102,4,50,42,12,1,1,1,0,0,2,113
COOK:9500103,COOK:Thornton Precinct 103,2,64,55,27,1,0,0,0,0,2,151
COOK:9500104,COOK:Thornton Precinct 104,6,190,169,46,2,1,1,1,0,0,416
COOK:9600001,COOK:Wheeling Precinct 1,10,24,116,171,2,0,1,0,2,2,328
COOK:9600002,COOK:Wheeling Precinct 2,10,31,102,157,0,2,1,0,1,3,307
COOK:9600003,COOK:Wheeling Precinct 3,5,21,71,85,0,0,0,1,0,0,183
COOK:9600004,COOK:Wheeling Precinct 4,11,21,95,143,1,1,3,3,2,0,280
COOK:9600005,COOK:Wheeling Precinct 5,8,19,89,71,1,3,0,0,0,0,191
COOK:9600006,COOK:Wheeling Precinct 6,3,12,35,76,0,0,0,0,0,1,127
COOK:9600007,COOK:Wheeling Precinct 7,7,30,112,127,3,0,2,0,1,2,284
COOK:9600008,COOK:Wheeling Precinct 8,9,26,86,157,0,0,1,0,2,1,282
COOK:9600009,COOK:Wheeling Precinct 9,4,14,46,44,0,0,2,0,0,1,111
COOK:9600010,COOK:Wheeling Precinct 10,8,23,96,117,1,1,0,2,0,0,248
COOK:9600011,COOK:Wheeling Precinct 11,13,21,70,96,0,1,1,0,1,0,203
COOK:9600012,COOK:Wheeling Precinct 12,5,18,68,113,0,2,3,3,0,1,213
COOK:9600013,COOK:Wheeling Precinct 13,2,28,76,138,0,1,0,0,0,0,245
COOK:9600014,COOK:Wheeling Precinct 14,3,10,74,73,0,0,0,2,1,1,164
COOK:9600015,COOK:Wheeling Precinct 15,9,21,67,84,2,3,0,0,1,1,188
COOK:9600016,COOK:Wheeling Precinct 16,4,6,36,13,0,2,1,0,1,0,63
COOK:9600017,COOK:Wheeling Precinct 17,3,11,38,77,1,2,0,1,1,2,136
COOK:9600018,COOK:Wheeling Precinct 18,7,14,77,86,0,0,0,0,0,1,185
COOK:9600019,COOK:Wheeling Precinct 19,7,34,116,124,0,0,1,0,0,3,285
COOK:9600020,COOK:Wheeling Precinct 20,15,29,93,97,0,2,1,0,0,1,238
COOK:9600021,COOK:Wheeling Precinct 21,18,30,82,133,2,1,2,1,0,2,271
COOK:9600022,COOK:Wheeling Precinct 22,13,25,75,112,1,3,2,1,1,0,233
COOK:9600023,COOK:Wheeling Precinct 23,7,10,58,83,1,1,0,0,0,0,160
COOK:9600024,COOK:Wheeling Precinct 24,11,20,86,207,3,0,2,0,1,2,332
COOK:9600025,COOK:Wheeling Precinct 25,17,33,109,88,1,2,0,0,2,0,252
COOK:9600026,COOK:Wheeling Precinct 26,10,28,112,111,3,3,0,0,1,1,269
COOK:9600027,COOK:Wheeling Precinct 27,7,24,101,170,1,2,2,1,2,4,314
COOK:9600028,COOK:Wheeling Precinct 28,15,24,90,139,1,3,1,1,0,0,274
COOK:9600029,COOK:Wheeling Precinct 29,4,17,45,46,0,0,0,0,0,1,113
COOK:9600030,COOK:Wheeling Precinct 30,8,21,94,133,0,1,1,2,0,0,260
COOK:9600031,COOK:Wheeling Precinct 31,18,39,141,116,1,5,1,1,2,3,327
COOK:9600032,COOK:Wheeling Precinct 32,9,19,74,91,1,2,2,1,2,4,205
COOK:9600033,COOK:Wheeling Precinct 33,8,13,55,73,2,0,0,1,0,1,153
COOK:9600034,COOK:Wheeling Precinct 34,6,24,116,159,4,0,1,2,0,3,315
COOK:9600035,COOK:Wheeling Precinct 35,3,21,52,100,0,1,0,1,0,0,178
COOK:9600036,COOK:Wheeling Precinct 36,13,32,107,128,1,2,0,0,0,1,284
COOK:9600037,COOK:Wheeling Precinct 37,9,17,81,58,0,2,1,1,1,2,172
COOK:9600038,COOK:Wheeling Precinct 38,5,27,82,112,1,1,4,2,1,0,235
COOK:9600039,COOK:Wheeling Precinct 39,13,22,91,76,0,0,2,0,0,1,205
COOK:9600040,COOK:Wheeling Precinct 40,9,28,118,144,3,4,0,0,2,4,312
COOK:9600041,COOK:Wheeling Precinct 41,18,33,111,139,0,1,0,0,0,1,303
COOK:9600042,COOK:Wheeling Precinct 42,16,21,70,97,0,1,0,1,1,1,208
COOK:9600043,COOK:Wheeling Precinct 43,7,15,60,59,2,1,0,0,1,0,145
COOK:9600044,COOK:Wheeling Precinct 44,8,15,79,104,1,1,0,1,0,1,210
COOK:9600045,COOK:Wheeling Precinct 45,6,24,72,65,0,4,3,1,1,2,178
COOK:9600046,COOK:Wheeling Precinct 46,15,33,89,130,4,2,0,0,3,1,277
COOK:9600047,COOK:Wheeling Precinct 47,12,15,65,80,0,3,1,1,0,1,178
COOK:9600048,COOK:Wheeling Precinct 48,9,13,45,85,0,0,1,0,1,0,154
COOK:9600049,COOK:Wheeling Precinct 49,12,26,107,73,1,1,4,0,1,2,227
COOK:9600050,COOK:Wheeling Precinct 50,4,16,70,45,0,0,1,0,1,0,137
COOK:9600051,COOK:Wheeling Precinct 51,4,8,66,125,1,0,2,1,3,3,213
COOK:9600052,COOK:Wheeling Precinct 52,18,26,100,212,0,1,2,1,2,1,363
COOK:9600053,COOK:Wheeling Precinct 53,9,15,99,81,1,0,1,1,0,1,208
COOK:9600054,COOK:Wheeling Precinct 54,7,27,55,108,0,1,1,0,1,2,202
COOK:9600055,COOK:Wheeling Precinct 55,6,16,63,120,2,2,0,0,0,5,214
COOK:9600056,COOK:Wheeling Precinct 56,6,17,58,69,1,0,0,0,0,1,152
COOK:9600057,COOK:Wheeling Precinct 57,11,22,126,124,1,0,1,0,0,2,287
COOK:9600058,COOK:Wheeling Precinct 58,13,17,60,82,0,0,0,1,0,0,173
COOK:9600059,COOK:Wheeling Precinct 59,15,23,61,107,0,0,0,2,0,4,212
COOK:9600060,COOK:Wheeling Precinct 60,9,19,63,152,0,1,0,0,2,2,248
COOK:9600061,COOK:Wheeling Precinct 61,10,32,76,129,3,1,0,0,1,1,253
COOK:9600062,COOK:Wheeling Precinct 62,7,26,75,104,0,0,6,1,0,0,219
COOK:9600063,COOK:Wheeling Precinct 63,6,5,31,67,0,3,0,1,2,1,116
COOK:9600064,COOK:Wheeling Precinct 64,7,22,69,131,0,0,3,0,1,0,233
COOK:9600065,COOK:Wheeling Precinct 65,17,31,90,113,0,3,0,2,1,1,258
COOK:9600066,COOK:Wheeling Precinct 66,9,19,79,146,3,0,1,3,0,1,261
COOK:9600067,COOK:Wheeling Precinct 67,13,18,45,61,0,2,1,1,3,1,145
COOK:9600068,COOK:Wheeling Precinct 68,18,16,68,78,4,2,2,1,3,0,192
COOK:9600069,COOK:Wheeling Precinct 69,11,36,100,187,0,0,4,0,0,2,340
COOK:9600070,COOK:Wheeling Precinct 70,11,37,99,149,2,3,1,2,1,0,305
COOK:9600071,COOK:Wheeling Precinct 71,16,22,125,124,0,1,1,0,1,0,290
COOK:9600072,COOK:Wheeling Precinct 72,1,11,56,78,0,1,0,2,0,0,149
COOK:9600073,COOK:Wheeling Precinct 73,7,13,78,94,0,1,0,0,1,3,197
COOK:9600074,COOK:Wheeling Precinct 74,15,20,104,84,3,1,1,1,1,0,230
COOK:9600075,COOK:Wheeling Precinct 75,15,18,73,81,0,0,1,0,0,1,189
COOK:9600076,COOK:Wheeling Precinct 76,7,18,83,97,0,2,1,0,1,0,209
COOK:9600077,COOK:Wheeling Precinct 77,5,7,38,23,0,4,2,0,0,1,80
COOK:9600078,COOK:Wheeling Precinct 78,22,32,111,126,1,0,3,1,0,1,297
COOK:9600079,COOK:Wheeling Precinct 79,7,16,57,67,0,2,1,0,3,2,155
COOK:9600080,COOK:Wheeling Precinct 80,6,19,43,43,1,2,0,2,0,1,117
COOK:9600081,COOK:Wheeling Precinct 81,2,14,49,113,0,0,0,0,0,0,178
COOK:9700001,COOK:Worth Precinct 1,5,10,24,20,0,0,0,3,1,0,63
COOK:9700002,COOK:Worth Precinct 2,22,27,47,70,1,2,2,0,1,1,173
COOK:9700003,COOK:Worth Precinct 3,12,23,75,64,0,0,1,0,0,1,176
COOK:9700004,COOK:Worth Precinct 4,18,45,72,61,1,0,1,2,4,2,206
COOK:9700005,COOK:Worth Precinct 5,46,46,109,83,4,1,1,6,1,1,298
COOK:9700006,COOK:Worth Precinct 6,17,41,35,38,3,2,0,1,0,3,140
COOK:9700007,COOK:Worth Precinct 7,42,47,62,126,1,1,2,2,1,1,285
COOK:9700008,COOK:Worth Precinct 8,11,38,63,41,1,0,2,3,2,1,162
COOK:9700009,COOK:Worth Precinct 9,19,29,66,57,0,3,0,0,0,2,176
COOK:9700010,COOK:Worth Precinct 10,30,70,116,58,3,2,3,3,0,3,288
COOK:9700011,COOK:Worth Precinct 11,20,43,58,57,1,1,1,0,1,1,183
COOK:9700012,COOK:Worth Precinct 12,8,22,41,34,0,1,0,0,0,1,107
COOK:9700013,COOK:Worth Precinct 13,37,49,83,72,3,0,1,1,0,2,248
COOK:9700014,COOK:Worth Precinct 14,8,52,67,51,0,1,0,3,3,0,185
COOK:9700015,COOK:Worth Precinct 15,9,35,74,82,1,0,2,1,0,2,206
COOK:9700016,COOK:Worth Precinct 16,28,23,61,54,3,2,2,1,0,2,176
COOK:9700017,COOK:Worth Precinct 17,13,58,62,48,0,1,0,1,2,1,186
COOK:9700018,COOK:Worth Precinct 18,15,23,53,56,0,2,0,0,1,1,151
COOK:9700019,COOK:Worth Precinct 19,23,65,66,46,0,0,1,1,3,2,207
COOK:9700020,COOK:Worth Precinct 20,7,31,40,22,2,1,0,0,0,0,103
COOK:9700021,COOK:Worth Precinct 21,15,65,66,63,2,0,0,2,5,1,219
COOK:9700022,COOK:Worth Precinct 22,12,22,39,47,0,1,0,3,2,2,128
COOK:9700023,COOK:Worth Precinct 23,24,36,69,65,1,1,2,1,1,2,202
COOK:9700024,COOK:Worth Precinct 24,8,16,41,18,0,0,3,0,1,0,87
COOK:9700025,COOK:Worth Precinct 25,21,36,46,81,0,2,1,3,0,1,191
COOK:9700026,COOK:Worth Precinct 26,17,36,30,46,1,1,1,2,3,1,138
COOK:9700027,COOK:Worth Precinct 27,13,30,54,50,0,1,0,1,1,0,150
COOK:9700028,COOK:Worth Precinct 28,9,38,46,32,0,1,0,0,1,1,128
COOK:9700029,COOK:Worth Precinct 29,5,45,109,29,0,0,0,2,1,0,191
COOK:9700030,COOK:Worth Precinct 30,17,42,72,94,3,3,1,3,1,2,238
COOK:9700031,COOK:Worth Precinct 31,17,51,106,72,0,3,0,5,0,1,255
COOK:9700032,COOK:Worth Precinct 32,61,55,91,113,2,1,0,3,0,0,326
COOK:9700033,COOK:Worth Precinct 33,25,28,48,53,0,2,1,2,5,1,165
COOK:9700034,COOK:Worth Precinct 34,11,31,57,35,1,0,1,2,1,4,143
COOK:9700035,COOK:Worth Precinct 35,31,39,80,94,1,2,1,3,3,2,256
COOK:9700036,COOK:Worth Precinct 36,14,47,75,64,0,0,0,1,2,0,203
COOK:9700037,COOK:Worth Precinct 37,30,100,170,79,0,3,2,7,2,0,393
COOK:9700038,COOK:Worth Precinct 38,20,49,58,97,2,1,5,3,0,3,238
COOK:9700039,COOK:Worth Precinct 39,34,15,72,65,1,1,0,2,1,2,193
COOK:9700040,COOK:Worth Precinct 40,17,46,88,52,0,0,0,3,1,1,208
COOK:9700041,COOK:Worth Precinct 41,51,44,91,109,3,1,2,5,1,0,307
COOK:9700042,COOK:Worth Precinct 42,13,29,63,46,0,1,0,2,1,0,155
COOK:9700043,COOK:Worth Precinct 43,6,35,47,10,0,2,0,2,0,1,103
COOK:9700044,COOK:Worth Precinct 44,3,57,92,26,0,0,1,0,0,0,179
COOK:9700045,COOK:Worth Precinct 45,24,71,155,79,1,0,2,5,1,5,343
COOK:9700046,COOK:Worth Precinct 46,15,32,82,66,0,0,2,1,1,2,201
COOK:9700047,COOK:Worth Precinct 47,14,27,56,50,0,0,2,1,3,1,154
COOK:9700048,COOK:Worth Precinct 48,10,20,51,40,0,2,0,0,1,0,124
COOK:9700049,COOK:Worth Precinct 49,24,50,39,73,1,0,2,2,1,2,194
COOK:9700050,COOK:Worth Precinct 50,15,55,59,62,1,0,0,1,0,2,195
COOK:9700051,COOK:Worth Precinct 51,10,12,20,27,0,0,1,3,1,3,77
COOK:9700052,COOK:Worth Precinct 52,46,61,110,102,1,1,2,7,0,5,335
COOK:9700053,COOK:Worth Precinct 53,14,50,69,93,0,4,2,5,4,1,242
COOK:9700054,COOK:Worth Precinct 54,30,29,80,70,1,1,0,0,0,2,213
COOK:9700055,COOK:Worth Precinct 55,7,12,27,26,0,0,1,0,0,0,73
COOK:9700056,COOK:Worth Precinct 56,35,44,73,109,2,1,1,2,0,0,267
COOK:9700057,COOK:Worth Precinct 57,40,56,67,82,0,2,0,1,0,0,248
COOK:9700058,COOK:Worth Precinct 58,20,32,91,102,1,3,0,3,3,2,257
COOK:9700059,COOK:Worth Precinct 59,9,107,137,63,0,0,1,3,0,0,320
COOK:9700060,COOK:Worth Precinct 60,11,17,19,47,1,1,3,1,0,0,100
COOK:9700061,COOK:Worth Precinct 61,11,22,35,57,0,0,3,0,0,0,128
COOK:9700062,COOK:Worth Precinct 62,70,51,83,99,0,1,1,0,2,1,308
COOK:9700063,COOK:Worth Precinct 63,39,38,101,94,0,1,3,3,2,4,285
COOK:9700064,COOK:Worth Precinct 64,25,31,50,82,1,1,1,0,1,0,192
COOK:9700065,COOK:Worth Precinct 65,31,40,59,90,0,1,0,3,0,1,225
COOK:9700066,COOK:Worth Precinct 66,21,48,49,70,1,2,4,2,1,2,200
COOK:9700067,COOK:Worth Precinct 67,19,31,51,64,0,0,0,0,0,1,166
COOK:9700068,COOK:Worth Precinct 68,11,52,70,33,2,0,0,1,3,0,172
COOK:9700069,COOK:Worth Precinct 69,11,73,121,56,0,3,1,0,1,1,267
COOK:9700070,COOK:Worth Precinct 70,15,27,58,83,0,0,1,0,0,2,186
COOK:9700071,COOK:Worth Precinct 71,9,27,22,32,0,0,2,1,0,1,94
COOK:9700072,COOK:Worth Precinct 72,21,55,42,51,3,3,0,3,2,1,181
COOK:9700073,COOK:Worth Precinct 73,26,36,69,73,1,1,0,1,1,3,211
COOK:9700074,COOK:Worth Precinct 74,34,51,66,77,1,3,2,7,3,1,245
COOK:9700075,COOK:Worth Precinct 75,31,32,73,58,0,1,1,0,1,2,199
COOK:9700076,COOK:Worth Precinct 76,18,29,57,108,1,2,0,2,0,1,218
COOK:9700077,COOK:Worth Precinct 77,6,20,49,41,0,1,0,0,1,3,121
COOK:9700078,COOK:Worth Precinct 78,15,44,82,39,1,6,1,1,0,4,193
COOK:9700079,COOK:Worth Precinct 79,22,30,59,62,0,0,1,0,3,2,179
COOK:9700080,COOK:Worth Precinct 80,10,56,92,53,1,2,0,3,0,2,219
COOK:9700081,COOK:Worth Precinct 81,3,17,25,17,0,1,0,3,0,1,67
COOK:9700082,COOK:Worth Precinct 82,17,28,53,80,1,1,0,5,2,2,189
,COOK:Suburban Cook County,15099,66504,114970,111970,1095,1745,1341,1745,1591,1648,317708
