JoinField,JoinField_alt,Casey Chlebek,Don Tracy,R. Cary Capparelli,Pamela Denise Long,"Jimmy Lee Tillman, II",Jeannie Evans,Total Voters
COOK:7000001,COOK:Barrington Precinct 1,15,55,17,8,4,27,126
COOK:7000002,COOK:Barrington Precinct 2,11,28,9,4,3,20,75
COOK:7000003,COOK:Barrington Precinct 3,17,35,15,7,3,19,96
COOK:7000004,COOK:Barrington Precinct 4,31,78,23,19,3,32,186
COOK:7000005,COOK:Barrington Precinct 5,15,68,12,18,5,19,137
COOK:7000006,COOK:Barrington Precinct 6,10,47,12,4,6,32,111
COOK:7000007,COOK:Barrington Precinct 7,5,14,1,0,2,4,26
COOK:7000008,COOK:Barrington Precinct 8,16,69,19,15,5,37,161
COOK:7000009,COOK:Barrington Precinct 9,6,21,9,2,3,15,56
COOK:7000010,COOK:Barrington Precinct 10,7,31,12,6,8,15,79
COOK:7000011,COOK:Barrington Precinct 11,9,45,13,9,5,17,98
COOK:9901001,COOK:Berwyn Ward 1 Precinct 1,5,5,6,1,0,0,17
COOK:9901002,COOK:Berwyn Ward 1 Precinct 2,6,2,6,1,0,4,19
COOK:9901003,COOK:Berwyn Ward 1 Precinct 3,3,6,2,2,1,10,24
COOK:9901004,COOK:Berwyn Ward 1 Precinct 4,7,12,6,3,2,9,39
COOK:9902001,COOK:Berwyn Ward 2 Precinct 1,4,6,4,1,1,3,19
COOK:9902002,COOK:Berwyn Ward 2 Precinct 2,3,5,4,1,2,1,16
COOK:9902003,COOK:Berwyn Ward 2 Precinct 3,10,7,3,3,0,6,29
COOK:9902004,COOK:Berwyn Ward 2 Precinct 4,8,11,1,1,1,5,27
COOK:9903001,COOK:Berwyn Ward 3 Precinct 1,7,13,2,3,0,7,32
COOK:9903002,COOK:Berwyn Ward 3 Precinct 2,3,6,3,0,3,6,21
COOK:9903003,COOK:Berwyn Ward 3 Precinct 3,3,11,4,3,0,5,26
COOK:9903004,COOK:Berwyn Ward 3 Precinct 4,4,9,0,0,1,1,15
COOK:9904001,COOK:Berwyn Ward 4 Precinct 1,3,4,6,3,1,2,19
COOK:9904002,COOK:Berwyn Ward 4 Precinct 2,4,10,3,2,1,0,20
COOK:9904003,COOK:Berwyn Ward 4 Precinct 3,3,4,2,1,0,3,13
COOK:9904004,COOK:Berwyn Ward 4 Precinct 4,2,5,0,0,2,2,11
COOK:9905001,COOK:Berwyn Ward 5 Precinct 1,7,4,1,3,1,2,18
COOK:9905002,COOK:Berwyn Ward 5 Precinct 2,0,2,4,0,0,2,8
COOK:9905003,COOK:Berwyn Ward 5 Precinct 3,1,3,1,1,1,4,11
COOK:9906001,COOK:Berwyn Ward 6 Precinct 1,0,1,2,0,0,2,5
COOK:9906002,COOK:Berwyn Ward 6 Precinct 2,3,4,2,0,1,5,15
COOK:9906003,COOK:Berwyn Ward 6 Precinct 3,3,3,0,2,1,2,11
COOK:9906004,COOK:Berwyn Ward 6 Precinct 4,5,4,1,1,2,4,17
COOK:9907001,COOK:Berwyn Ward 7 Precinct 1,5,4,1,1,0,5,16
COOK:9907002,COOK:Berwyn Ward 7 Precinct 2,4,5,1,2,3,0,15
COOK:9907003,COOK:Berwyn Ward 7 Precinct 3,9,6,4,0,1,3,23
COOK:9907004,COOK:Berwyn Ward 7 Precinct 4,4,5,2,5,1,4,21
COOK:9908001,COOK:Berwyn Ward 8 Precinct 1,5,6,2,4,1,4,22
COOK:9908002,COOK:Berwyn Ward 8 Precinct 2,8,7,3,2,2,3,25
COOK:9908003,COOK:Berwyn Ward 8 Precinct 3,2,5,0,1,0,1,9
COOK:7100001,COOK:Bloom Precinct 1,3,9,6,1,0,4,23
COOK:7100002,COOK:Bloom Precinct 2,1,11,6,4,0,8,30
COOK:7100003,COOK:Bloom Precinct 3,2,2,3,1,0,2,10
COOK:7100004,COOK:Bloom Precinct 4,3,9,7,2,0,3,24
COOK:7100005,COOK:Bloom Precinct 5,9,11,12,5,0,9,46
COOK:7100006,COOK:Bloom Precinct 6,0,0,1,0,0,0,1
COOK:7100007,COOK:Bloom Precinct 7,7,12,14,6,1,6,46
COOK:7100008,COOK:Bloom Precinct 8,10,16,10,6,2,5,49
COOK:7100009,COOK:Bloom Precinct 9,1,17,9,0,4,5,36
COOK:7100010,COOK:Bloom Precinct 10,0,1,0,0,0,0,1
COOK:7100011,COOK:Bloom Precinct 11,2,15,9,2,0,7,35
COOK:7100012,COOK:Bloom Precinct 12,5,4,1,6,1,2,19
COOK:7100013,COOK:Bloom Precinct 13,2,5,3,3,0,6,19
COOK:7100014,COOK:Bloom Precinct 14,4,13,7,3,2,9,38
COOK:7100015,COOK:Bloom Precinct 15,9,13,6,3,2,7,40
COOK:7100016,COOK:Bloom Precinct 16,1,7,5,2,3,4,22
COOK:7100017,COOK:Bloom Precinct 17,4,1,1,2,0,3,11
COOK:7100018,COOK:Bloom Precinct 18,1,5,3,2,0,1,12
COOK:7100019,COOK:Bloom Precinct 19,1,4,2,5,0,1,13
COOK:7100020,COOK:Bloom Precinct 20,4,14,9,0,1,7,35
COOK:7100021,COOK:Bloom Precinct 21,0,0,0,0,0,0,0
COOK:7100022,COOK:Bloom Precinct 22,3,5,3,2,1,0,14
COOK:7100023,COOK:Bloom Precinct 23,1,3,1,0,1,1,7
COOK:7100024,COOK:Bloom Precinct 24,5,8,5,2,3,1,24
COOK:7100025,COOK:Bloom Precinct 25,1,2,4,1,0,1,9
COOK:7100026,COOK:Bloom Precinct 26,0,2,0,2,0,3,7
COOK:7100027,COOK:Bloom Precinct 27,5,2,3,5,2,1,18
COOK:7100028,COOK:Bloom Precinct 28,4,6,3,7,0,8,28
COOK:7100029,COOK:Bloom Precinct 29,0,0,0,1,1,0,2
COOK:7100030,COOK:Bloom Precinct 30,4,17,3,4,1,4,33
COOK:7100031,COOK:Bloom Precinct 31,9,16,5,0,0,3,33
COOK:7100032,COOK:Bloom Precinct 32,3,10,7,0,1,5,26
COOK:7100033,COOK:Bloom Precinct 33,2,2,0,2,0,3,9
COOK:7100034,COOK:Bloom Precinct 34,3,8,4,0,3,4,22
COOK:7100035,COOK:Bloom Precinct 35,1,2,0,0,1,1,5
COOK:7100036,COOK:Bloom Precinct 36,1,9,2,1,0,3,16
COOK:7100037,COOK:Bloom Precinct 37,1,4,0,0,0,0,5
COOK:7100038,COOK:Bloom Precinct 38,3,5,2,2,0,4,16
COOK:7100039,COOK:Bloom Precinct 39,1,2,4,0,0,2,9
COOK:7100040,COOK:Bloom Precinct 40,3,14,11,2,1,9,40
COOK:7100041,COOK:Bloom Precinct 41,3,1,1,3,0,3,11
COOK:7100042,COOK:Bloom Precinct 42,1,7,6,1,1,6,22
COOK:7100043,COOK:Bloom Precinct 43,0,0,0,1,0,0,1
COOK:7100044,COOK:Bloom Precinct 44,6,13,5,3,1,6,34
COOK:7100045,COOK:Bloom Precinct 45,2,5,5,2,1,1,16
COOK:7100046,COOK:Bloom Precinct 46,0,4,6,1,0,1,12
COOK:7100047,COOK:Bloom Precinct 47,4,12,14,4,2,11,47
COOK:7100048,COOK:Bloom Precinct 48,1,9,2,3,3,0,18
COOK:7100049,COOK:Bloom Precinct 49,1,8,0,1,1,0,11
COOK:7100050,COOK:Bloom Precinct 50,2,13,2,5,1,8,31
COOK:7100051,COOK:Bloom Precinct 51,0,3,0,0,0,0,3
COOK:7100052,COOK:Bloom Precinct 52,2,0,0,0,1,1,4
COOK:7100053,COOK:Bloom Precinct 53,3,8,0,0,0,3,14
COOK:7100054,COOK:Bloom Precinct 54,1,8,5,1,4,5,24
COOK:7200001,COOK:Bremen Precinct 1,1,1,0,1,0,2,5
COOK:7200002,COOK:Bremen Precinct 2,1,1,0,1,0,2,5
COOK:7200003,COOK:Bremen Precinct 3,17,28,9,7,2,18,81
COOK:7200004,COOK:Bremen Precinct 4,6,8,8,4,0,16,42
COOK:7200005,COOK:Bremen Precinct 5,3,13,3,0,0,10,29
COOK:7200006,COOK:Bremen Precinct 6,8,14,7,6,1,12,48
COOK:7200007,COOK:Bremen Precinct 7,0,3,0,0,0,0,3
COOK:7200008,COOK:Bremen Precinct 8,0,0,0,2,3,0,5
COOK:7200009,COOK:Bremen Precinct 9,14,15,6,5,1,9,50
COOK:7200010,COOK:Bremen Precinct 10,16,20,9,2,2,13,62
COOK:7200011,COOK:Bremen Precinct 11,14,14,13,5,3,19,68
COOK:7200012,COOK:Bremen Precinct 12,0,4,0,3,2,1,10
COOK:7200013,COOK:Bremen Precinct 13,5,15,7,1,2,12,42
COOK:7200014,COOK:Bremen Precinct 14,7,5,7,2,2,7,30
COOK:7200015,COOK:Bremen Precinct 15,17,28,20,6,1,19,91
COOK:7200016,COOK:Bremen Precinct 16,13,23,12,6,0,14,68
COOK:7200017,COOK:Bremen Precinct 17,1,1,0,2,0,1,5
COOK:7200018,COOK:Bremen Precinct 18,10,28,5,4,3,8,58
COOK:7200019,COOK:Bremen Precinct 19,8,15,7,5,1,22,58
COOK:7200020,COOK:Bremen Precinct 20,11,28,17,9,1,19,85
COOK:7200021,COOK:Bremen Precinct 21,4,9,5,2,0,3,23
COOK:7200022,COOK:Bremen Precinct 22,6,11,11,2,3,12,45
COOK:7200023,COOK:Bremen Precinct 23,0,0,0,0,1,0,1
COOK:7200024,COOK:Bremen Precinct 24,10,30,8,2,1,20,71
COOK:7200025,COOK:Bremen Precinct 25,3,22,13,2,3,15,58
COOK:7200026,COOK:Bremen Precinct 26,1,2,0,1,1,3,8
COOK:7200027,COOK:Bremen Precinct 27,9,19,17,6,3,10,64
COOK:7200028,COOK:Bremen Precinct 28,5,11,5,1,0,13,35
COOK:7200029,COOK:Bremen Precinct 29,0,2,0,0,0,3,5
COOK:7200030,COOK:Bremen Precinct 30,12,28,7,3,7,11,68
COOK:7200031,COOK:Bremen Precinct 31,0,0,0,0,0,2,2
COOK:7200032,COOK:Bremen Precinct 32,1,3,2,3,0,2,11
COOK:7200033,COOK:Bremen Precinct 33,10,11,8,8,2,19,58
COOK:7200034,COOK:Bremen Precinct 34,12,18,15,9,2,21,77
COOK:7200035,COOK:Bremen Precinct 35,2,0,1,3,0,1,7
COOK:7200036,COOK:Bremen Precinct 36,3,5,8,1,3,3,23
COOK:7200037,COOK:Bremen Precinct 37,1,1,3,1,1,1,8
COOK:7200038,COOK:Bremen Precinct 38,7,14,9,2,2,10,44
COOK:7200039,COOK:Bremen Precinct 39,0,0,3,0,0,0,3
COOK:7200040,COOK:Bremen Precinct 40,5,1,3,3,2,2,16
COOK:7200041,COOK:Bremen Precinct 41,10,14,6,5,2,15,52
COOK:7200042,COOK:Bremen Precinct 42,15,22,9,5,5,15,71
COOK:7200043,COOK:Bremen Precinct 43,4,3,5,1,1,2,16
COOK:7200044,COOK:Bremen Precinct 44,10,20,13,7,1,15,66
COOK:7200045,COOK:Bremen Precinct 45,0,0,0,1,0,1,2
COOK:7200046,COOK:Bremen Precinct 46,1,1,2,1,0,1,6
COOK:7200047,COOK:Bremen Precinct 47,1,0,3,0,0,0,4
COOK:7200048,COOK:Bremen Precinct 48,1,0,0,0,1,1,3
COOK:7200049,COOK:Bremen Precinct 49,0,2,0,2,0,0,4
COOK:7200050,COOK:Bremen Precinct 50,24,40,17,7,3,21,112
COOK:7200051,COOK:Bremen Precinct 51,1,3,1,0,0,1,6
COOK:7200052,COOK:Bremen Precinct 52,7,7,5,3,4,7,33
COOK:7200053,COOK:Bremen Precinct 53,8,18,6,4,1,10,47
COOK:7200054,COOK:Bremen Precinct 54,8,15,3,8,0,5,39
COOK:7200055,COOK:Bremen Precinct 55,9,5,3,0,0,4,21
COOK:7200056,COOK:Bremen Precinct 56,3,1,1,1,0,2,8
COOK:9400012,COOK:Bremen Precinct 57,11,13,10,4,1,15,54
COOK:7200058,COOK:Bremen Precinct 58,15,12,10,4,2,14,57
COOK:7200059,COOK:Bremen Precinct 59,8,15,8,7,0,5,43
COOK:7200060,COOK:Bremen Precinct 60,3,13,9,6,2,15,48
COOK:7200061,COOK:Bremen Precinct 61,11,21,12,6,0,13,63
COOK:7200062,COOK:Bremen Precinct 62,7,10,8,13,4,10,52
COOK:7200063,COOK:Bremen Precinct 63,1,2,0,0,0,3,6
COOK:7200064,COOK:Bremen Precinct 64,8,23,14,3,5,15,68
COOK:7200065,COOK:Bremen Precinct 65,10,18,18,7,2,24,79
COOK:7200066,COOK:Bremen Precinct 66,0,3,0,4,2,0,9
COOK:7300001,COOK:Calumet Precinct 1,3,3,0,1,1,0,8
COOK:7300002,COOK:Calumet Precinct 2,3,3,4,1,0,2,13
COOK:7300003,COOK:Calumet Precinct 3,2,3,1,1,0,0,7
COOK:7300004,COOK:Calumet Precinct 4,1,1,1,0,0,1,4
COOK:7300005,COOK:Calumet Precinct 5,4,2,0,1,2,1,10
COOK:7300006,COOK:Calumet Precinct 6,1,3,2,0,0,0,6
COOK:7300007,COOK:Calumet Precinct 7,1,0,2,1,0,5,9
COOK:7300008,COOK:Calumet Precinct 8,0,2,0,0,1,5,8
COOK:7300009,COOK:Calumet Precinct 9,0,0,0,0,1,4,5
COOK:7300010,COOK:Calumet Precinct 10,4,0,2,1,0,0,7
COOK:7300011,COOK:Calumet Precinct 11,0,0,2,0,0,1,3
COOK:9800001,COOK:Cicero Precinct 1,2,4,1,2,0,1,10
COOK:9800002,COOK:Cicero Precinct 2,1,1,1,0,0,0,3
COOK:9800003,COOK:Cicero Precinct 3,4,2,2,2,0,3,13
COOK:9800004,COOK:Cicero Precinct 4,3,2,1,0,0,1,7
COOK:9800005,COOK:Cicero Precinct 5,4,7,9,5,1,1,27
COOK:9800006,COOK:Cicero Precinct 6,3,2,2,1,0,1,9
COOK:9800007,COOK:Cicero Precinct 7,1,1,0,0,1,1,4
COOK:9800008,COOK:Cicero Precinct 8,4,2,3,0,0,1,10
COOK:9800009,COOK:Cicero Precinct 9,1,1,1,0,1,3,7
COOK:9800010,COOK:Cicero Precinct 10,5,7,0,3,1,4,20
COOK:9800011,COOK:Cicero Precinct 11,2,4,3,6,1,5,21
COOK:9800012,COOK:Cicero Precinct 12,4,6,4,2,2,4,22
COOK:9800013,COOK:Cicero Precinct 13,11,6,8,8,2,16,51
COOK:9800014,COOK:Cicero Precinct 14,3,6,1,2,0,4,16
COOK:9800015,COOK:Cicero Precinct 15,4,5,3,5,2,4,23
COOK:9800016,COOK:Cicero Precinct 16,3,1,0,0,0,1,5
COOK:9800017,COOK:Cicero Precinct 17,2,2,5,2,0,3,14
COOK:9800018,COOK:Cicero Precinct 18,1,3,3,2,1,0,10
COOK:9800019,COOK:Cicero Precinct 19,6,13,4,6,2,6,37
COOK:9800020,COOK:Cicero Precinct 20,2,1,3,0,1,4,11
COOK:9800021,COOK:Cicero Precinct 21,6,2,3,4,0,4,19
COOK:9800022,COOK:Cicero Precinct 22,3,1,1,0,1,5,11
COOK:9800023,COOK:Cicero Precinct 23,3,2,4,1,1,1,12
COOK:9800024,COOK:Cicero Precinct 24,4,5,2,1,1,3,16
COOK:9800025,COOK:Cicero Precinct 25,3,5,0,2,0,0,10
COOK:9800026,COOK:Cicero Precinct 26,0,3,1,6,0,5,15
COOK:9800027,COOK:Cicero Precinct 27,3,7,1,3,1,1,16
COOK:9800028,COOK:Cicero Precinct 28,5,3,3,4,2,3,20
COOK:9800029,COOK:Cicero Precinct 29,0,1,1,4,1,2,9
COOK:9800030,COOK:Cicero Precinct 30,5,3,3,1,2,4,18
COOK:9800031,COOK:Cicero Precinct 31,1,4,3,1,2,1,12
COOK:7400001,COOK:Elk Grove Precinct 1,5,22,6,7,3,7,50
COOK:7400002,COOK:Elk Grove Precinct 2,5,14,3,4,0,5,31
COOK:7400003,COOK:Elk Grove Precinct 3,23,30,15,3,7,13,91
COOK:7400004,COOK:Elk Grove Precinct 4,16,15,7,5,3,14,60
COOK:7400005,COOK:Elk Grove Precinct 5,9,28,9,4,13,16,79
COOK:7400006,COOK:Elk Grove Precinct 6,10,33,20,4,3,16,86
COOK:7400007,COOK:Elk Grove Precinct 7,5,26,8,1,7,16,63
COOK:7400008,COOK:Elk Grove Precinct 8,16,34,12,7,8,29,106
COOK:7400009,COOK:Elk Grove Precinct 9,15,26,16,1,1,14,73
COOK:7400010,COOK:Elk Grove Precinct 10,14,46,9,7,13,13,102
COOK:7400011,COOK:Elk Grove Precinct 11,8,20,8,4,9,14,63
COOK:7400012,COOK:Elk Grove Precinct 12,20,30,22,5,7,27,111
COOK:7400013,COOK:Elk Grove Precinct 13,2,8,4,4,2,4,24
COOK:7400014,COOK:Elk Grove Precinct 14,10,36,7,10,11,7,81
COOK:7400015,COOK:Elk Grove Precinct 15,22,29,11,5,9,8,84
COOK:7400016,COOK:Elk Grove Precinct 16,13,22,7,3,4,11,60
COOK:7400017,COOK:Elk Grove Precinct 17,6,15,7,0,9,12,49
COOK:7400018,COOK:Elk Grove Precinct 18,29,18,10,1,8,11,77
COOK:7400019,COOK:Elk Grove Precinct 19,2,30,7,0,8,12,59
COOK:7400020,COOK:Elk Grove Precinct 20,18,37,19,7,11,29,121
COOK:7400021,COOK:Elk Grove Precinct 21,11,7,13,3,3,7,44
COOK:7400022,COOK:Elk Grove Precinct 22,6,11,8,1,5,9,40
COOK:7400023,COOK:Elk Grove Precinct 23,17,31,9,9,12,20,98
COOK:7400024,COOK:Elk Grove Precinct 24,18,19,9,2,7,22,77
COOK:7400025,COOK:Elk Grove Precinct 25,10,15,16,1,3,16,61
COOK:7400026,COOK:Elk Grove Precinct 26,12,18,8,1,4,9,52
COOK:7400027,COOK:Elk Grove Precinct 27,16,21,13,4,5,14,73
COOK:7400028,COOK:Elk Grove Precinct 28,4,16,5,3,3,15,46
COOK:7400029,COOK:Elk Grove Precinct 29,6,35,16,9,10,15,91
COOK:7400030,COOK:Elk Grove Precinct 30,9,27,9,5,10,11,71
COOK:7400031,COOK:Elk Grove Precinct 31,19,14,7,2,6,6,54
COOK:7400032,COOK:Elk Grove Precinct 32,7,6,2,0,2,3,20
COOK:7400033,COOK:Elk Grove Precinct 33,4,31,10,7,5,13,70
COOK:7400034,COOK:Elk Grove Precinct 34,8,47,14,2,9,10,90
COOK:7400035,COOK:Elk Grove Precinct 35,14,18,5,6,3,7,53
COOK:7400036,COOK:Elk Grove Precinct 36,0,4,2,1,5,0,12
COOK:7400037,COOK:Elk Grove Precinct 37,16,31,6,4,10,16,83
COOK:7400038,COOK:Elk Grove Precinct 38,1,2,1,1,1,6,12
COOK:7400039,COOK:Elk Grove Precinct 39,11,15,10,4,13,16,69
COOK:7400040,COOK:Elk Grove Precinct 40,13,9,4,4,0,10,40
COOK:7400041,COOK:Elk Grove Precinct 41,17,23,16,4,8,12,80
COOK:7400042,COOK:Elk Grove Precinct 42,5,12,0,1,3,5,26
COOK:7400043,COOK:Elk Grove Precinct 43,20,46,9,9,11,19,114
COOK:7400044,COOK:Elk Grove Precinct 44,9,19,8,2,6,10,54
COOK:7400045,COOK:Elk Grove Precinct 45,11,21,9,4,4,19,68
COOK:7501001,COOK:Evanston Ward 1 Precinct 1,0,0,0,0,0,2,2
COOK:7501002,COOK:Evanston Ward 1 Precinct 2,2,6,0,1,1,0,10
COOK:7501003,COOK:Evanston Ward 1 Precinct 3,0,1,1,2,0,3,7
COOK:7501004,COOK:Evanston Ward 1 Precinct 4,3,7,3,1,1,6,21
COOK:7502001,COOK:Evanston Ward 2 Precinct 1,1,7,1,4,1,6,20
COOK:7502002,COOK:Evanston Ward 2 Precinct 2,0,2,1,2,0,1,6
COOK:7502003,COOK:Evanston Ward 2 Precinct 3,0,1,1,2,1,1,6
COOK:7502004,COOK:Evanston Ward 2 Precinct 4,2,4,0,0,0,5,11
COOK:7502005,COOK:Evanston Ward 2 Precinct 5,0,2,0,2,1,3,8
COOK:7503001,COOK:Evanston Ward 3 Precinct 1,0,4,1,1,1,5,12
COOK:7503002,COOK:Evanston Ward 3 Precinct 2,0,4,3,1,0,5,13
COOK:7503003,COOK:Evanston Ward 3 Precinct 3,1,4,0,0,1,2,8
COOK:7503004,COOK:Evanston Ward 3 Precinct 4,3,8,3,0,1,6,21
COOK:7503005,COOK:Evanston Ward 3 Precinct 5,1,2,2,0,0,1,6
COOK:7504001,COOK:Evanston Ward 4 Precinct 1,1,2,0,0,0,2,5
COOK:7504002,COOK:Evanston Ward 4 Precinct 2,0,2,0,1,1,0,4
COOK:7504003,COOK:Evanston Ward 4 Precinct 3,1,1,0,1,0,0,3
COOK:7504004,COOK:Evanston Ward 4 Precinct 4,0,8,2,0,0,4,14
COOK:7504005,COOK:Evanston Ward 4 Precinct 5,0,2,4,0,3,1,10
COOK:7504006,COOK:Evanston Ward 4 Precinct 6,2,11,2,1,0,10,26
COOK:7504007,COOK:Evanston Ward 4 Precinct 7,2,2,0,1,0,2,7
COOK:7505001,COOK:Evanston Ward 5 Precinct 1,1,3,0,1,0,1,6
COOK:7505002,COOK:Evanston Ward 5 Precinct 2,1,7,4,2,1,1,16
COOK:7505003,COOK:Evanston Ward 5 Precinct 3,2,1,0,1,2,0,6
COOK:7506001,COOK:Evanston Ward 6 Precinct 1,1,10,3,3,0,7,24
COOK:7506002,COOK:Evanston Ward 6 Precinct 2,1,6,2,0,0,1,10
COOK:7506003,COOK:Evanston Ward 6 Precinct 3,1,8,0,1,1,7,18
COOK:7506004,COOK:Evanston Ward 6 Precinct 4,1,18,4,7,2,7,39
COOK:7506005,COOK:Evanston Ward 6 Precinct 5,0,4,0,1,1,5,11
COOK:7506006,COOK:Evanston Ward 6 Precinct 6,0,7,2,3,0,4,16
COOK:7507001,COOK:Evanston Ward 7 Precinct 1,1,2,1,1,0,5,10
COOK:7507002,COOK:Evanston Ward 7 Precinct 2,1,9,3,1,1,7,22
COOK:7507003,COOK:Evanston Ward 7 Precinct 3,0,0,0,0,0,0,0
COOK:7507004,COOK:Evanston Ward 7 Precinct 4,0,3,0,2,0,1,6
COOK:7507005,COOK:Evanston Ward 7 Precinct 5,1,9,0,1,0,2,13
COOK:7508001,COOK:Evanston Ward 8 Precinct 1,3,2,2,3,3,3,16
COOK:7508002,COOK:Evanston Ward 8 Precinct 2,0,6,2,2,0,4,14
COOK:7508003,COOK:Evanston Ward 8 Precinct 3,2,0,0,1,0,2,5
COOK:7508004,COOK:Evanston Ward 8 Precinct 4,3,5,1,0,2,1,12
COOK:7508005,COOK:Evanston Ward 8 Precinct 5,1,3,0,0,0,2,6
COOK:7509001,COOK:Evanston Ward 9 Precinct 1,0,0,2,0,0,3,5
COOK:7509002,COOK:Evanston Ward 9 Precinct 2,1,5,1,1,0,4,12
COOK:7509003,COOK:Evanston Ward 9 Precinct 3,1,4,3,0,0,3,11
COOK:7509004,COOK:Evanston Ward 9 Precinct 4,2,3,0,2,2,5,14
COOK:7509005,COOK:Evanston Ward 9 Precinct 5,1,3,2,3,0,2,11
COOK:7600001,COOK:Hanover Precinct 1,9,19,9,2,1,23,63
COOK:7600002,COOK:Hanover Precinct 2,17,41,27,4,2,22,113
COOK:7600003,COOK:Hanover Precinct 3,4,5,3,2,1,3,18
COOK:7600004,COOK:Hanover Precinct 4,9,28,3,6,2,13,61
COOK:7600005,COOK:Hanover Precinct 5,6,14,6,2,2,14,44
COOK:7600006,COOK:Hanover Precinct 6,6,12,2,2,2,12,36
COOK:7600007,COOK:Hanover Precinct 7,10,15,7,3,0,14,49
COOK:7600008,COOK:Hanover Precinct 8,6,19,7,5,5,9,51
COOK:7600009,COOK:Hanover Precinct 9,4,21,10,4,0,17,56
COOK:7600010,COOK:Hanover Precinct 10,5,11,4,4,1,11,36
COOK:7600011,COOK:Hanover Precinct 11,7,19,6,7,1,13,53
COOK:7600012,COOK:Hanover Precinct 12,7,11,3,2,1,5,29
COOK:7600013,COOK:Hanover Precinct 13,6,15,2,9,3,7,42
COOK:7600014,COOK:Hanover Precinct 14,8,28,11,2,4,19,72
COOK:7600015,COOK:Hanover Precinct 15,10,15,6,5,3,6,45
COOK:7600016,COOK:Hanover Precinct 16,10,27,19,4,2,27,89
COOK:7600017,COOK:Hanover Precinct 17,5,24,4,4,2,7,46
COOK:7600018,COOK:Hanover Precinct 18,4,16,3,7,1,4,35
COOK:7600019,COOK:Hanover Precinct 19,8,37,11,5,3,27,91
COOK:7600020,COOK:Hanover Precinct 20,17,28,15,7,1,18,86
COOK:7600021,COOK:Hanover Precinct 21,13,28,9,10,5,20,85
COOK:7600022,COOK:Hanover Precinct 22,5,32,8,5,3,21,74
COOK:7600023,COOK:Hanover Precinct 23,10,18,13,4,2,11,58
COOK:7600024,COOK:Hanover Precinct 24,3,14,4,1,1,6,29
COOK:7600025,COOK:Hanover Precinct 25,11,36,12,8,4,28,99
COOK:7600026,COOK:Hanover Precinct 26,13,24,14,3,3,15,72
COOK:7600027,COOK:Hanover Precinct 27,20,72,25,19,5,34,175
COOK:7600028,COOK:Hanover Precinct 28,5,28,14,6,0,7,60
COOK:7600029,COOK:Hanover Precinct 29,2,9,5,1,0,4,21
COOK:7600030,COOK:Hanover Precinct 30,5,28,6,5,3,27,74
COOK:7600031,COOK:Hanover Precinct 31,8,18,10,3,3,16,58
COOK:7600032,COOK:Hanover Precinct 32,3,10,5,1,0,7,26
COOK:7600033,COOK:Hanover Precinct 33,5,18,9,5,1,13,51
COOK:7600034,COOK:Hanover Precinct 34,6,21,12,1,2,8,50
COOK:7600035,COOK:Hanover Precinct 35,4,12,6,4,1,13,40
COOK:7600036,COOK:Hanover Precinct 36,4,8,6,4,0,7,29
COOK:7600037,COOK:Hanover Precinct 37,17,30,4,4,2,14,71
COOK:7600038,COOK:Hanover Precinct 38,10,31,11,1,3,17,73
COOK:7600039,COOK:Hanover Precinct 39,11,24,5,2,6,10,58
COOK:7600040,COOK:Hanover Precinct 40,12,25,13,5,3,13,71
COOK:7600041,COOK:Hanover Precinct 41,6,34,11,5,2,21,79
COOK:7600042,COOK:Hanover Precinct 42,10,23,12,5,2,23,75
COOK:7600043,COOK:Hanover Precinct 43,13,34,9,2,4,13,75
COOK:7700001,COOK:Lemont Precinct 1,25,35,11,5,3,13,92
COOK:7700002,COOK:Lemont Precinct 2,20,24,12,2,4,15,77
COOK:7700003,COOK:Lemont Precinct 3,39,52,19,10,6,25,151
COOK:7700004,COOK:Lemont Precinct 4,11,57,15,6,0,24,113
COOK:7700005,COOK:Lemont Precinct 5,13,33,14,4,3,24,91
COOK:7700006,COOK:Lemont Precinct 6,25,24,17,9,4,26,105
COOK:7700007,COOK:Lemont Precinct 7,18,30,6,1,3,13,71
COOK:7700008,COOK:Lemont Precinct 8,17,39,14,7,5,20,102
COOK:7700009,COOK:Lemont Precinct 9,11,18,5,3,3,12,52
COOK:7700010,COOK:Lemont Precinct 10,10,14,12,4,3,17,60
COOK:7700011,COOK:Lemont Precinct 11,28,69,16,5,3,42,163
COOK:7700012,COOK:Lemont Precinct 12,26,45,20,8,1,38,138
COOK:7700013,COOK:Lemont Precinct 13,32,45,20,4,3,36,140
COOK:7700014,COOK:Lemont Precinct 14,24,37,12,4,1,28,106
COOK:7800001,COOK:Leyden Precinct 1,6,14,4,2,1,2,29
COOK:7800002,COOK:Leyden Precinct 2,9,5,3,4,0,9,30
COOK:7800003,COOK:Leyden Precinct 3,20,7,21,4,3,9,64
COOK:7800004,COOK:Leyden Precinct 4,14,7,7,0,1,3,32
COOK:7800005,COOK:Leyden Precinct 5,29,10,10,2,2,5,58
COOK:7800006,COOK:Leyden Precinct 6,14,18,11,2,1,7,53
COOK:7800007,COOK:Leyden Precinct 7,8,4,3,1,2,7,25
COOK:7800008,COOK:Leyden Precinct 8,17,20,10,2,3,9,61
COOK:7800009,COOK:Leyden Precinct 9,22,15,25,2,2,8,74
COOK:7800010,COOK:Leyden Precinct 10,14,7,23,6,3,9,62
COOK:7800011,COOK:Leyden Precinct 11,17,16,11,3,0,8,55
COOK:7800012,COOK:Leyden Precinct 12,12,266,57,1,5,17,358
COOK:7800013,COOK:Leyden Precinct 13,7,3,9,7,1,7,34
COOK:7800014,COOK:Leyden Precinct 14,10,14,12,3,1,7,47
COOK:7800015,COOK:Leyden Precinct 15,10,14,8,3,1,9,45
COOK:7800016,COOK:Leyden Precinct 16,15,7,10,6,6,9,53
COOK:7800017,COOK:Leyden Precinct 17,14,12,7,0,1,5,39
COOK:7800018,COOK:Leyden Precinct 18,14,7,7,0,3,3,34
COOK:7800019,COOK:Leyden Precinct 19,13,13,12,2,0,10,50
COOK:7800020,COOK:Leyden Precinct 20,8,3,2,1,0,4,18
COOK:7800021,COOK:Leyden Precinct 21,2,4,3,3,0,3,15
COOK:7800022,COOK:Leyden Precinct 22,6,17,15,0,0,20,58
COOK:7800023,COOK:Leyden Precinct 23,20,34,16,5,3,22,100
COOK:7800024,COOK:Leyden Precinct 24,10,4,4,4,3,13,38
COOK:7800025,COOK:Leyden Precinct 25,17,8,11,1,1,6,44
COOK:7800026,COOK:Leyden Precinct 26,12,21,23,2,1,12,71
COOK:7800027,COOK:Leyden Precinct 27,6,1,1,1,0,4,13
COOK:7800028,COOK:Leyden Precinct 28,13,1,3,0,2,4,23
COOK:7800029,COOK:Leyden Precinct 29,5,6,5,3,0,3,22
COOK:7800030,COOK:Leyden Precinct 30,19,23,13,2,2,10,69
COOK:7800031,COOK:Leyden Precinct 31,13,18,4,3,4,10,52
COOK:7800032,COOK:Leyden Precinct 32,19,8,5,2,0,9,43
COOK:7800033,COOK:Leyden Precinct 33,11,12,17,1,2,9,52
COOK:7800034,COOK:Leyden Precinct 34,13,10,7,0,2,3,35
COOK:7800035,COOK:Leyden Precinct 35,2,6,4,2,0,3,17
COOK:7800036,COOK:Leyden Precinct 36,16,9,10,1,0,4,40
COOK:7800037,COOK:Leyden Precinct 37,33,11,7,0,0,4,55
COOK:7800038,COOK:Leyden Precinct 38,4,28,5,1,0,1,39
COOK:7800039,COOK:Leyden Precinct 39,9,5,9,3,1,5,32
COOK:7800040,COOK:Leyden Precinct 40,11,20,8,4,2,12,57
COOK:7800041,COOK:Leyden Precinct 41,8,5,6,1,0,7,27
COOK:7800042,COOK:Leyden Precinct 42,35,24,16,1,1,11,88
COOK:7800043,COOK:Leyden Precinct 43,7,8,9,1,0,8,33
COOK:7800044,COOK:Leyden Precinct 44,15,6,20,3,1,6,51
COOK:7800045,COOK:Leyden Precinct 45,17,16,7,3,2,8,53
COOK:7800046,COOK:Leyden Precinct 46,20,9,8,3,2,3,45
COOK:7800047,COOK:Leyden Precinct 47,17,11,9,3,2,16,58
COOK:7800048,COOK:Leyden Precinct 48,12,11,15,5,6,5,54
COOK:7800049,COOK:Leyden Precinct 49,26,7,10,3,2,15,63
COOK:7800050,COOK:Leyden Precinct 50,16,10,16,1,2,5,50
COOK:7900001,COOK:Lyons Precinct 1,0,4,0,0,1,1,6
COOK:7900002,COOK:Lyons Precinct 2,9,7,17,7,4,13,57
COOK:7900003,COOK:Lyons Precinct 3,5,15,9,5,1,11,46
COOK:7900004,COOK:Lyons Precinct 4,7,16,6,6,0,14,49
COOK:7900005,COOK:Lyons Precinct 5,7,18,10,3,2,12,52
COOK:7900006,COOK:Lyons Precinct 6,15,16,10,5,1,13,60
COOK:7900007,COOK:Lyons Precinct 7,1,11,6,4,6,10,38
COOK:7900008,COOK:Lyons Precinct 8,24,3,3,2,1,8,41
COOK:7900009,COOK:Lyons Precinct 9,9,9,6,3,4,10,41
COOK:7900010,COOK:Lyons Precinct 10,2,10,3,3,2,11,31
COOK:7900011,COOK:Lyons Precinct 11,1,13,2,0,0,11,27
COOK:7900012,COOK:Lyons Precinct 12,14,39,20,5,7,27,112
COOK:7900013,COOK:Lyons Precinct 13,0,0,0,1,1,0,2
COOK:7900014,COOK:Lyons Precinct 14,0,21,5,2,0,14,42
COOK:7900015,COOK:Lyons Precinct 15,4,14,3,2,0,4,27
COOK:7900016,COOK:Lyons Precinct 16,8,19,8,8,3,14,60
COOK:7900017,COOK:Lyons Precinct 17,14,35,7,5,0,19,80
COOK:7900018,COOK:Lyons Precinct 18,3,12,1,2,2,12,32
COOK:7900019,COOK:Lyons Precinct 19,9,5,8,4,1,8,35
COOK:7900020,COOK:Lyons Precinct 20,2,24,5,10,0,13,54
COOK:7900021,COOK:Lyons Precinct 21,3,24,7,2,0,34,70
COOK:7900022,COOK:Lyons Precinct 22,5,4,2,2,1,8,22
COOK:7900023,COOK:Lyons Precinct 23,30,30,14,8,1,18,101
COOK:7900024,COOK:Lyons Precinct 24,9,14,7,1,4,16,51
COOK:7900025,COOK:Lyons Precinct 25,6,17,7,6,0,16,52
COOK:7900026,COOK:Lyons Precinct 26,10,18,9,5,4,15,61
COOK:7900027,COOK:Lyons Precinct 27,11,7,12,6,4,13,53
COOK:7900028,COOK:Lyons Precinct 28,13,16,14,5,2,22,72
COOK:7900029,COOK:Lyons Precinct 29,35,7,6,3,1,8,60
COOK:7900030,COOK:Lyons Precinct 30,4,4,5,1,1,7,22
COOK:7900031,COOK:Lyons Precinct 31,7,18,11,1,2,13,52
COOK:7900032,COOK:Lyons Precinct 32,3,7,5,1,3,10,29
COOK:7900033,COOK:Lyons Precinct 33,6,4,2,2,0,8,22
COOK:7900034,COOK:Lyons Precinct 34,5,7,6,1,1,4,24
COOK:7900035,COOK:Lyons Precinct 35,18,12,8,6,2,11,57
COOK:7900036,COOK:Lyons Precinct 36,32,14,6,6,3,11,72
COOK:7900037,COOK:Lyons Precinct 37,6,5,8,5,1,6,31
COOK:7900038,COOK:Lyons Precinct 38,4,2,4,1,1,1,13
COOK:7900039,COOK:Lyons Precinct 39,8,13,9,3,3,19,55
COOK:7900040,COOK:Lyons Precinct 40,8,15,3,7,2,26,61
COOK:7900041,COOK:Lyons Precinct 41,10,10,8,5,0,13,46
COOK:7900042,COOK:Lyons Precinct 42,3,11,9,9,1,18,51
COOK:7900043,COOK:Lyons Precinct 43,0,11,5,2,1,10,29
COOK:7900044,COOK:Lyons Precinct 44,7,22,5,8,3,11,56
COOK:7900045,COOK:Lyons Precinct 45,6,19,18,3,3,19,68
COOK:7900046,COOK:Lyons Precinct 46,12,11,13,10,3,12,61
COOK:7900047,COOK:Lyons Precinct 47,5,12,8,3,2,18,48
COOK:7900048,COOK:Lyons Precinct 48,22,9,8,4,1,6,50
COOK:7900049,COOK:Lyons Precinct 49,10,12,8,4,2,18,54
COOK:7900050,COOK:Lyons Precinct 50,5,10,5,3,1,7,31
COOK:7900051,COOK:Lyons Precinct 51,34,7,8,1,0,5,55
COOK:7900052,COOK:Lyons Precinct 52,17,15,16,8,1,18,75
COOK:7900053,COOK:Lyons Precinct 53,12,16,12,6,0,18,64
COOK:7900054,COOK:Lyons Precinct 54,5,9,3,0,1,7,25
COOK:7900055,COOK:Lyons Precinct 55,5,17,4,1,5,28,60
COOK:7900056,COOK:Lyons Precinct 56,5,12,7,4,3,7,38
COOK:7900057,COOK:Lyons Precinct 57,4,6,0,5,2,6,23
COOK:7900058,COOK:Lyons Precinct 58,11,9,4,4,3,17,48
COOK:7900059,COOK:Lyons Precinct 59,6,6,9,7,1,10,39
COOK:7900060,COOK:Lyons Precinct 60,5,3,0,3,1,1,13
COOK:7900061,COOK:Lyons Precinct 61,7,12,7,5,1,11,43
COOK:7900062,COOK:Lyons Precinct 62,9,36,17,2,2,19,85
COOK:7900063,COOK:Lyons Precinct 63,13,26,16,7,2,19,83
COOK:7900064,COOK:Lyons Precinct 64,7,20,11,2,3,6,49
COOK:7900065,COOK:Lyons Precinct 65,28,17,17,8,2,12,84
COOK:7900066,COOK:Lyons Precinct 66,11,1,1,0,1,1,15
COOK:7900067,COOK:Lyons Precinct 67,10,6,6,1,1,8,32
COOK:7900068,COOK:Lyons Precinct 68,4,9,5,7,2,6,33
COOK:7900069,COOK:Lyons Precinct 69,13,23,7,2,4,20,69
COOK:8000001,COOK:Maine Precinct 1,12,15,3,4,6,5,45
COOK:8000002,COOK:Maine Precinct 2,6,5,1,1,0,2,15
COOK:8000003,COOK:Maine Precinct 3,6,10,1,0,1,1,19
COOK:8000004,COOK:Maine Precinct 4,16,46,11,1,3,22,99
COOK:8000005,COOK:Maine Precinct 5,15,21,4,3,2,6,51
COOK:8000006,COOK:Maine Precinct 6,18,37,15,4,1,22,97
COOK:8000007,COOK:Maine Precinct 7,6,7,6,5,4,10,38
COOK:8000008,COOK:Maine Precinct 8,15,23,18,3,2,9,70
COOK:8000009,COOK:Maine Precinct 9,15,20,7,6,4,14,66
COOK:8000010,COOK:Maine Precinct 10,6,19,4,3,2,18,52
COOK:8000011,COOK:Maine Precinct 11,4,11,4,0,2,2,23
COOK:8000012,COOK:Maine Precinct 12,6,17,7,0,3,9,42
COOK:8000013,COOK:Maine Precinct 13,14,18,11,6,2,7,58
COOK:8000014,COOK:Maine Precinct 14,10,22,9,2,1,13,57
COOK:8000015,COOK:Maine Precinct 15,9,19,4,1,2,6,41
COOK:8000016,COOK:Maine Precinct 16,4,15,1,4,1,12,37
COOK:8000017,COOK:Maine Precinct 17,9,17,7,3,4,15,55
COOK:8000018,COOK:Maine Precinct 18,11,10,4,2,1,7,35
COOK:8000019,COOK:Maine Precinct 19,5,8,5,2,2,4,26
COOK:8000020,COOK:Maine Precinct 20,7,14,8,4,0,5,38
COOK:8000021,COOK:Maine Precinct 21,10,42,12,6,2,10,82
COOK:8000022,COOK:Maine Precinct 22,6,28,8,6,1,11,60
COOK:8000023,COOK:Maine Precinct 23,12,16,6,2,0,10,46
COOK:8000024,COOK:Maine Precinct 24,10,28,13,0,1,16,68
COOK:8000025,COOK:Maine Precinct 25,6,29,5,2,0,9,51
COOK:8000026,COOK:Maine Precinct 26,15,22,12,4,1,9,63
COOK:8000027,COOK:Maine Precinct 27,2,11,4,1,1,5,24
COOK:8000028,COOK:Maine Precinct 28,5,7,0,3,1,4,20
COOK:8000029,COOK:Maine Precinct 29,16,28,15,4,0,14,77
COOK:8000030,COOK:Maine Precinct 30,18,43,12,3,4,20,100
COOK:8000031,COOK:Maine Precinct 31,18,21,8,6,1,9,63
COOK:8000032,COOK:Maine Precinct 32,27,23,14,0,3,9,76
COOK:8000033,COOK:Maine Precinct 33,1,9,2,1,2,1,16
COOK:8000034,COOK:Maine Precinct 34,16,20,12,6,2,10,66
COOK:8000035,COOK:Maine Precinct 35,7,18,6,1,3,3,38
COOK:8000036,COOK:Maine Precinct 36,14,18,10,1,1,11,55
COOK:8000037,COOK:Maine Precinct 37,5,20,10,7,2,7,51
COOK:8000038,COOK:Maine Precinct 38,5,17,6,0,0,8,36
COOK:8000039,COOK:Maine Precinct 39,20,31,10,4,0,4,69
COOK:8000040,COOK:Maine Precinct 40,6,19,2,2,2,3,34
COOK:8000041,COOK:Maine Precinct 41,7,19,4,3,0,8,41
COOK:8000042,COOK:Maine Precinct 42,20,23,8,3,0,8,62
COOK:8000043,COOK:Maine Precinct 43,8,29,14,3,0,18,72
COOK:8000044,COOK:Maine Precinct 44,4,14,6,1,0,9,34
COOK:8000045,COOK:Maine Precinct 45,10,15,5,3,1,6,40
COOK:8000046,COOK:Maine Precinct 46,27,12,14,1,1,12,67
COOK:8000047,COOK:Maine Precinct 47,17,22,13,3,3,15,73
COOK:8000048,COOK:Maine Precinct 48,12,24,11,4,2,16,69
COOK:8000049,COOK:Maine Precinct 49,9,19,4,4,0,8,44
COOK:8000050,COOK:Maine Precinct 50,6,15,8,3,0,6,38
COOK:8000051,COOK:Maine Precinct 51,13,17,5,2,0,9,46
COOK:8000052,COOK:Maine Precinct 52,6,20,5,2,2,9,44
COOK:8000053,COOK:Maine Precinct 53,5,17,8,4,4,6,44
COOK:8000054,COOK:Maine Precinct 54,14,26,6,0,0,8,54
COOK:8000055,COOK:Maine Precinct 55,17,20,7,6,2,13,65
COOK:8000056,COOK:Maine Precinct 56,13,10,10,3,3,9,48
COOK:8000057,COOK:Maine Precinct 57,6,9,0,2,1,4,22
COOK:8000058,COOK:Maine Precinct 58,31,25,18,2,0,17,93
COOK:8000059,COOK:Maine Precinct 59,15,29,15,4,3,11,77
COOK:8000060,COOK:Maine Precinct 60,17,36,19,5,3,17,97
COOK:8000061,COOK:Maine Precinct 61,3,3,4,3,1,8,22
COOK:8000062,COOK:Maine Precinct 62,6,15,4,3,4,5,37
COOK:8000063,COOK:Maine Precinct 63,7,5,7,2,0,3,24
COOK:8000064,COOK:Maine Precinct 64,12,8,10,2,2,7,41
COOK:8000065,COOK:Maine Precinct 65,10,18,9,0,0,7,44
COOK:8000066,COOK:Maine Precinct 66,0,61,8,1,0,6,76
COOK:8000067,COOK:Maine Precinct 67,24,36,21,5,0,13,99
COOK:8000068,COOK:Maine Precinct 68,23,29,14,7,2,7,82
COOK:8000069,COOK:Maine Precinct 69,10,14,11,4,1,5,45
COOK:8000070,COOK:Maine Precinct 70,16,8,6,1,1,3,35
COOK:8000071,COOK:Maine Precinct 71,7,13,6,2,1,10,39
COOK:8000072,COOK:Maine Precinct 72,23,29,18,3,1,17,91
COOK:8000073,COOK:Maine Precinct 73,8,19,7,7,4,10,55
COOK:8000074,COOK:Maine Precinct 74,9,14,5,2,0,5,35
COOK:8000075,COOK:Maine Precinct 75,23,14,9,1,0,3,50
COOK:8000076,COOK:Maine Precinct 76,3,8,4,2,1,4,22
COOK:8000077,COOK:Maine Precinct 77,12,38,16,7,6,17,96
COOK:8000078,COOK:Maine Precinct 78,3,6,7,4,0,4,24
COOK:8000079,COOK:Maine Precinct 79,9,23,7,3,2,4,48
COOK:8000080,COOK:Maine Precinct 80,5,9,5,1,1,8,29
COOK:8000081,COOK:Maine Precinct 81,9,15,7,5,4,5,45
COOK:8000082,COOK:Maine Precinct 82,8,16,10,3,5,6,48
COOK:8000083,COOK:Maine Precinct 83,8,15,11,1,1,4,40
COOK:8100001,COOK:New Trier Precinct 1,6,18,2,2,1,12,41
COOK:8100002,COOK:New Trier Precinct 2,8,25,2,3,1,3,42
COOK:8100003,COOK:New Trier Precinct 3,3,22,4,1,3,12,45
COOK:8100004,COOK:New Trier Precinct 4,4,24,2,1,0,7,38
COOK:8100005,COOK:New Trier Precinct 5,8,7,0,3,1,2,21
COOK:8100006,COOK:New Trier Precinct 6,1,10,1,0,0,8,20
COOK:8100007,COOK:New Trier Precinct 7,2,15,1,0,0,9,27
COOK:8100008,COOK:New Trier Precinct 8,2,10,3,0,2,7,24
COOK:8100009,COOK:New Trier Precinct 9,1,25,1,2,0,6,35
COOK:8100010,COOK:New Trier Precinct 10,3,20,3,1,0,10,37
COOK:8100011,COOK:New Trier Precinct 11,5,38,6,0,0,8,57
COOK:8100012,COOK:New Trier Precinct 12,5,30,0,1,0,11,47
COOK:8100013,COOK:New Trier Precinct 13,5,40,5,2,0,16,68
COOK:8100014,COOK:New Trier Precinct 14,3,9,3,4,3,11,33
COOK:8100015,COOK:New Trier Precinct 15,4,28,6,4,2,19,63
COOK:8100016,COOK:New Trier Precinct 16,5,37,7,1,1,12,63
COOK:8100017,COOK:New Trier Precinct 17,4,18,2,1,3,9,37
COOK:8100018,COOK:New Trier Precinct 18,1,17,3,1,0,2,24
COOK:8100019,COOK:New Trier Precinct 19,7,45,4,1,2,17,76
COOK:8100020,COOK:New Trier Precinct 20,12,33,4,4,1,11,65
COOK:8100021,COOK:New Trier Precinct 21,7,20,6,4,2,6,45
COOK:8100022,COOK:New Trier Precinct 22,9,37,2,3,3,10,64
COOK:8100023,COOK:New Trier Precinct 23,5,28,5,2,1,13,54
COOK:8100024,COOK:New Trier Precinct 24,12,15,6,4,1,7,45
COOK:8100025,COOK:New Trier Precinct 25,7,13,3,1,3,8,35
COOK:8100026,COOK:New Trier Precinct 26,7,28,11,4,2,16,68
COOK:8100027,COOK:New Trier Precinct 27,0,21,4,1,1,1,28
COOK:8100028,COOK:New Trier Precinct 28,1,24,5,1,0,4,35
COOK:8100029,COOK:New Trier Precinct 29,2,22,4,1,4,5,38
COOK:8100030,COOK:New Trier Precinct 30,2,12,6,0,1,9,30
COOK:8100031,COOK:New Trier Precinct 31,6,19,3,1,2,9,40
COOK:8100032,COOK:New Trier Precinct 32,2,7,3,1,0,6,19
COOK:8100033,COOK:New Trier Precinct 33,3,17,0,2,0,5,27
COOK:8100034,COOK:New Trier Precinct 34,7,14,2,2,1,5,31
COOK:8100035,COOK:New Trier Precinct 35,0,9,8,1,3,7,28
COOK:8100036,COOK:New Trier Precinct 36,3,36,2,4,0,15,60
COOK:8100037,COOK:New Trier Precinct 37,2,19,3,2,0,10,36
COOK:8100038,COOK:New Trier Precinct 38,6,25,2,4,0,10,47
COOK:8100039,COOK:New Trier Precinct 39,3,20,4,1,3,9,40
COOK:8200001,COOK:Niles Precinct 1,16,19,15,4,2,15,71
COOK:8200002,COOK:Niles Precinct 2,9,16,15,3,2,6,51
COOK:8200003,COOK:Niles Precinct 3,9,30,9,5,1,18,72
COOK:8200004,COOK:Niles Precinct 4,5,12,2,0,1,3,23
COOK:8200005,COOK:Niles Precinct 5,5,7,3,1,4,1,21
COOK:8200006,COOK:Niles Precinct 6,3,38,11,1,2,9,64
COOK:8200007,COOK:Niles Precinct 7,3,15,7,2,3,6,36
COOK:8200008,COOK:Niles Precinct 8,1,4,1,0,0,2,8
COOK:8200009,COOK:Niles Precinct 9,22,19,16,5,0,11,73
COOK:8200010,COOK:Niles Precinct 10,6,17,4,1,1,13,42
COOK:8200011,COOK:Niles Precinct 11,3,14,2,2,0,2,23
COOK:8200012,COOK:Niles Precinct 12,6,3,2,3,2,4,20
COOK:8200013,COOK:Niles Precinct 13,20,26,13,5,2,15,81
COOK:8200014,COOK:Niles Precinct 14,4,11,3,1,2,6,27
COOK:8200015,COOK:Niles Precinct 15,11,14,5,3,4,7,44
COOK:8200016,COOK:Niles Precinct 16,9,15,4,4,1,6,39
COOK:8200017,COOK:Niles Precinct 17,6,21,4,4,1,3,39
COOK:8200018,COOK:Niles Precinct 18,7,17,5,5,3,3,40
COOK:8200019,COOK:Niles Precinct 19,1,8,4,3,0,0,16
COOK:8200020,COOK:Niles Precinct 20,11,9,6,5,1,12,44
COOK:8200021,COOK:Niles Precinct 21,2,3,2,1,0,2,10
COOK:8200022,COOK:Niles Precinct 22,2,9,3,2,1,6,23
COOK:8200023,COOK:Niles Precinct 23,8,4,3,0,1,6,22
COOK:8200024,COOK:Niles Precinct 24,4,14,5,1,2,8,34
COOK:8200025,COOK:Niles Precinct 25,2,1,3,2,1,2,11
COOK:8200026,COOK:Niles Precinct 26,7,6,5,3,3,3,27
COOK:8200027,COOK:Niles Precinct 27,4,12,1,2,1,2,22
COOK:8200028,COOK:Niles Precinct 28,3,8,0,1,0,4,16
COOK:8200029,COOK:Niles Precinct 29,5,3,2,2,1,3,16
COOK:8200030,COOK:Niles Precinct 30,4,6,6,0,1,0,17
COOK:8200031,COOK:Niles Precinct 31,5,13,2,3,0,5,28
COOK:8200032,COOK:Niles Precinct 32,3,8,1,2,3,2,19
COOK:8200033,COOK:Niles Precinct 33,6,13,7,1,1,2,30
COOK:8200034,COOK:Niles Precinct 34,8,20,4,7,1,5,45
COOK:8200035,COOK:Niles Precinct 35,5,15,9,3,2,14,48
COOK:8200036,COOK:Niles Precinct 36,1,6,2,0,1,2,12
COOK:8200037,COOK:Niles Precinct 37,6,20,3,2,2,5,38
COOK:8200038,COOK:Niles Precinct 38,16,27,8,10,6,8,75
COOK:8200039,COOK:Niles Precinct 39,3,16,4,2,1,6,32
COOK:8200040,COOK:Niles Precinct 40,8,11,1,2,4,1,27
COOK:8200041,COOK:Niles Precinct 41,6,16,8,4,4,2,40
COOK:8200042,COOK:Niles Precinct 42,5,10,1,3,1,7,27
COOK:8200043,COOK:Niles Precinct 43,28,25,12,4,1,17,87
COOK:8200044,COOK:Niles Precinct 44,7,5,4,2,1,3,22
COOK:8200045,COOK:Niles Precinct 45,1,16,1,1,0,2,21
COOK:8200046,COOK:Niles Precinct 46,3,8,3,1,2,3,20
COOK:8200047,COOK:Niles Precinct 47,1,7,0,1,1,1,11
COOK:8200048,COOK:Niles Precinct 48,3,7,3,2,0,1,16
COOK:8200049,COOK:Niles Precinct 49,4,7,1,2,0,3,17
COOK:8200050,COOK:Niles Precinct 50,9,16,6,2,1,8,42
COOK:8200051,COOK:Niles Precinct 51,1,12,1,1,1,4,20
COOK:8200052,COOK:Niles Precinct 52,4,6,8,5,1,8,32
COOK:8200053,COOK:Niles Precinct 53,10,19,7,4,1,14,55
COOK:8200054,COOK:Niles Precinct 54,6,13,7,3,1,4,34
COOK:8200055,COOK:Niles Precinct 55,1,6,2,0,1,5,15
COOK:8200056,COOK:Niles Precinct 56,3,14,6,2,0,7,32
COOK:8200057,COOK:Niles Precinct 57,11,18,4,2,0,7,42
COOK:8200058,COOK:Niles Precinct 58,6,12,6,4,1,7,36
COOK:8200059,COOK:Niles Precinct 59,18,17,7,3,2,9,56
COOK:8200060,COOK:Niles Precinct 60,8,23,6,9,8,16,70
COOK:8200061,COOK:Niles Precinct 61,5,18,7,3,2,4,39
COOK:8200062,COOK:Niles Precinct 62,1,8,1,3,0,12,25
COOK:8300001,COOK:Northfield Precinct 1,11,46,6,3,3,8,77
COOK:8300002,COOK:Northfield Precinct 2,3,35,4,1,2,10,55
COOK:8300003,COOK:Northfield Precinct 3,14,39,5,4,0,5,67
COOK:8300004,COOK:Northfield Precinct 4,8,33,3,2,5,8,59
COOK:8300005,COOK:Northfield Precinct 5,1,40,6,0,1,2,50
COOK:8300006,COOK:Northfield Precinct 6,1,43,5,5,1,10,65
COOK:8300007,COOK:Northfield Precinct 7,8,38,7,5,5,8,71
COOK:8300008,COOK:Northfield Precinct 8,8,76,10,4,0,13,111
COOK:8300009,COOK:Northfield Precinct 9,4,34,5,2,1,5,51
COOK:8300010,COOK:Northfield Precinct 10,4,26,3,0,0,7,40
COOK:8300011,COOK:Northfield Precinct 11,5,42,3,2,2,2,56
COOK:8300012,COOK:Northfield Precinct 12,15,59,5,6,3,11,99
COOK:8300013,COOK:Northfield Precinct 13,1,21,2,3,0,3,30
COOK:8300014,COOK:Northfield Precinct 14,4,27,3,5,1,9,49
COOK:8300015,COOK:Northfield Precinct 15,7,51,4,5,1,15,83
COOK:8300016,COOK:Northfield Precinct 16,9,36,3,1,0,6,55
COOK:8300017,COOK:Northfield Precinct 17,9,41,8,5,3,7,73
COOK:8300018,COOK:Northfield Precinct 18,6,34,3,4,1,3,51
COOK:8300019,COOK:Northfield Precinct 19,5,36,7,3,4,5,60
COOK:8300020,COOK:Northfield Precinct 20,1,36,7,1,0,8,53
COOK:8300021,COOK:Northfield Precinct 21,3,46,5,1,2,17,74
COOK:8300022,COOK:Northfield Precinct 22,7,26,6,3,1,6,49
COOK:8300023,COOK:Northfield Precinct 23,6,43,4,3,3,6,65
COOK:8300024,COOK:Northfield Precinct 24,1,29,2,3,1,8,44
COOK:8300025,COOK:Northfield Precinct 25,10,31,6,1,2,5,55
COOK:8300026,COOK:Northfield Precinct 26,7,20,3,1,2,3,36
COOK:8300027,COOK:Northfield Precinct 27,9,22,1,2,1,3,38
COOK:8300028,COOK:Northfield Precinct 28,6,33,4,1,0,5,49
COOK:8300029,COOK:Northfield Precinct 29,6,34,3,3,1,6,53
COOK:8300030,COOK:Northfield Precinct 30,3,32,2,0,0,2,39
COOK:8300031,COOK:Northfield Precinct 31,8,47,3,6,0,14,78
COOK:8300032,COOK:Northfield Precinct 32,7,50,4,2,4,6,73
COOK:8300033,COOK:Northfield Precinct 33,7,27,3,0,0,1,38
COOK:8300034,COOK:Northfield Precinct 34,5,29,4,3,0,7,48
COOK:8300035,COOK:Northfield Precinct 35,5,30,6,2,1,10,54
COOK:8300036,COOK:Northfield Precinct 36,4,34,2,2,1,4,47
COOK:8300037,COOK:Northfield Precinct 37,12,47,5,4,6,15,89
COOK:8300038,COOK:Northfield Precinct 38,7,27,3,2,2,4,45
COOK:8300039,COOK:Northfield Precinct 39,8,16,0,0,1,2,27
COOK:8300040,COOK:Northfield Precinct 40,1,14,1,1,0,5,22
COOK:8300041,COOK:Northfield Precinct 41,9,22,4,0,0,4,39
COOK:8300042,COOK:Northfield Precinct 42,3,50,7,2,4,11,77
COOK:8300043,COOK:Northfield Precinct 43,4,25,0,2,0,5,36
COOK:8300044,COOK:Northfield Precinct 44,3,19,2,2,2,5,33
COOK:8300045,COOK:Northfield Precinct 45,1,36,9,2,2,10,60
COOK:8300046,COOK:Northfield Precinct 46,3,47,5,4,1,7,67
COOK:8300047,COOK:Northfield Precinct 47,8,39,8,3,1,5,64
COOK:8300048,COOK:Northfield Precinct 48,7,17,2,3,2,8,39
COOK:8300049,COOK:Northfield Precinct 49,3,12,3,1,0,1,20
COOK:8300050,COOK:Northfield Precinct 50,13,50,0,4,1,5,73
COOK:8300051,COOK:Northfield Precinct 51,20,77,13,12,8,18,148
COOK:8300052,COOK:Northfield Precinct 52,3,24,6,4,0,7,44
COOK:8300053,COOK:Northfield Precinct 53,4,15,4,3,0,6,32
COOK:8300054,COOK:Northfield Precinct 54,5,42,9,6,1,7,70
COOK:8300055,COOK:Northfield Precinct 55,2,9,4,2,4,3,24
COOK:8300056,COOK:Northfield Precinct 56,5,61,7,4,2,9,88
COOK:8300057,COOK:Northfield Precinct 57,5,20,4,1,1,7,38
COOK:8300058,COOK:Northfield Precinct 58,1,19,6,0,1,2,29
COOK:8400001,COOK:Norwood Park Precinct 1,35,17,9,1,1,12,75
COOK:8400002,COOK:Norwood Park Precinct 2,13,7,8,1,2,6,37
COOK:8400003,COOK:Norwood Park Precinct 3,13,24,8,2,0,10,57
COOK:8400004,COOK:Norwood Park Precinct 4,19,10,15,3,3,13,63
COOK:8400005,COOK:Norwood Park Precinct 5,41,28,33,3,5,19,129
COOK:8400006,COOK:Norwood Park Precinct 6,27,23,18,3,3,11,85
COOK:8400007,COOK:Norwood Park Precinct 7,32,20,14,3,1,5,75
COOK:8400008,COOK:Norwood Park Precinct 8,14,6,7,0,0,2,29
COOK:8400009,COOK:Norwood Park Precinct 9,34,19,19,6,1,6,85
COOK:8400010,COOK:Norwood Park Precinct 10,23,11,18,4,1,11,68
COOK:8400011,COOK:Norwood Park Precinct 11,13,25,18,3,0,17,76
COOK:8400012,COOK:Norwood Park Precinct 12,39,10,13,4,2,4,72
COOK:8400013,COOK:Norwood Park Precinct 13,33,13,10,4,2,13,75
COOK:8400014,COOK:Norwood Park Precinct 14,18,7,5,1,0,5,36
COOK:8500001,COOK:Oak Park Precinct 1,4,11,2,0,1,6,24
COOK:8500002,COOK:Oak Park Precinct 2,1,4,1,0,0,9,15
COOK:8500003,COOK:Oak Park Precinct 3,2,10,1,1,1,5,20
COOK:8500004,COOK:Oak Park Precinct 4,5,10,4,6,0,3,28
COOK:8500005,COOK:Oak Park Precinct 5,4,10,3,0,0,4,21
COOK:8500006,COOK:Oak Park Precinct 6,3,7,5,2,0,1,18
COOK:8500007,COOK:Oak Park Precinct 7,1,3,2,5,1,3,15
COOK:8500008,COOK:Oak Park Precinct 8,5,3,0,2,0,0,10
COOK:8500009,COOK:Oak Park Precinct 9,2,6,2,2,2,3,17
COOK:8500010,COOK:Oak Park Precinct 10,0,4,0,2,0,6,12
COOK:8500011,COOK:Oak Park Precinct 11,1,4,2,1,0,3,11
COOK:8500012,COOK:Oak Park Precinct 12,2,1,0,0,0,2,5
COOK:8500013,COOK:Oak Park Precinct 13,3,2,1,1,0,5,12
COOK:8500014,COOK:Oak Park Precinct 14,0,4,6,1,0,10,21
COOK:8500015,COOK:Oak Park Precinct 15,4,5,1,0,1,2,13
COOK:8500016,COOK:Oak Park Precinct 16,3,11,1,2,2,5,24
COOK:8500017,COOK:Oak Park Precinct 17,6,7,2,0,2,4,21
COOK:8500018,COOK:Oak Park Precinct 18,4,5,4,1,0,9,23
COOK:8500019,COOK:Oak Park Precinct 19,1,3,1,0,0,5,10
COOK:8500020,COOK:Oak Park Precinct 20,2,9,3,0,1,8,23
COOK:8500021,COOK:Oak Park Precinct 21,0,3,2,2,0,1,8
COOK:8500022,COOK:Oak Park Precinct 22,2,6,1,1,0,2,12
COOK:8500023,COOK:Oak Park Precinct 23,3,0,3,3,0,4,13
COOK:8500024,COOK:Oak Park Precinct 24,0,6,0,2,0,5,13
COOK:8500025,COOK:Oak Park Precinct 25,1,3,0,3,0,4,11
COOK:8500026,COOK:Oak Park Precinct 26,2,5,4,4,0,3,18
COOK:8500027,COOK:Oak Park Precinct 27,3,13,5,4,0,6,31
COOK:8500028,COOK:Oak Park Precinct 28,4,4,3,0,2,2,15
COOK:8500029,COOK:Oak Park Precinct 29,1,7,1,1,0,6,16
COOK:8500030,COOK:Oak Park Precinct 30,0,8,0,1,0,3,12
COOK:8500031,COOK:Oak Park Precinct 31,4,10,3,4,1,5,27
COOK:8500032,COOK:Oak Park Precinct 32,0,4,1,1,1,0,7
COOK:8600001,COOK:Orland Precinct 1,10,20,7,3,4,18,62
COOK:8600002,COOK:Orland Precinct 2,15,33,6,5,2,29,90
COOK:8600003,COOK:Orland Precinct 3,9,14,6,1,0,9,39
COOK:8600004,COOK:Orland Precinct 4,21,44,13,5,0,31,114
COOK:8600005,COOK:Orland Precinct 5,15,25,16,5,3,18,82
COOK:8600006,COOK:Orland Precinct 6,10,16,13,7,1,19,66
COOK:8600007,COOK:Orland Precinct 7,17,22,9,4,2,22,76
COOK:8600008,COOK:Orland Precinct 8,12,32,6,4,3,11,68
COOK:8600009,COOK:Orland Precinct 9,19,29,11,2,2,17,80
COOK:8600010,COOK:Orland Precinct 10,9,21,8,7,1,12,58
COOK:8600011,COOK:Orland Precinct 11,10,29,11,5,1,25,81
COOK:8600012,COOK:Orland Precinct 12,2,10,5,1,3,8,29
COOK:8600013,COOK:Orland Precinct 13,12,23,13,5,1,15,69
COOK:8600014,COOK:Orland Precinct 14,8,8,11,5,1,7,40
COOK:8600015,COOK:Orland Precinct 15,13,39,14,8,0,17,91
COOK:8600016,COOK:Orland Precinct 16,22,44,16,4,0,17,103
COOK:8600017,COOK:Orland Precinct 17,4,16,9,2,0,9,40
COOK:8600018,COOK:Orland Precinct 18,19,45,17,6,1,15,103
COOK:8600019,COOK:Orland Precinct 19,3,18,11,1,1,15,49
COOK:8600020,COOK:Orland Precinct 20,11,11,10,3,2,12,49
COOK:8600021,COOK:Orland Precinct 21,14,28,12,4,0,24,82
COOK:8600022,COOK:Orland Precinct 22,13,21,6,6,2,17,65
COOK:8600023,COOK:Orland Precinct 23,16,31,20,3,4,26,100
COOK:8600024,COOK:Orland Precinct 24,19,43,12,6,2,24,106
COOK:8600025,COOK:Orland Precinct 25,12,31,22,4,3,27,99
COOK:8600026,COOK:Orland Precinct 26,10,20,13,11,2,10,66
COOK:8600027,COOK:Orland Precinct 27,10,36,11,7,0,14,78
COOK:8600028,COOK:Orland Precinct 28,8,34,15,3,1,19,80
COOK:8600029,COOK:Orland Precinct 29,21,46,15,9,2,25,118
COOK:8600030,COOK:Orland Precinct 30,8,17,7,3,3,7,45
COOK:8600031,COOK:Orland Precinct 31,11,13,7,3,0,6,40
COOK:8600032,COOK:Orland Precinct 32,18,46,14,9,6,26,119
COOK:8600033,COOK:Orland Precinct 33,19,41,11,3,2,17,93
COOK:8600034,COOK:Orland Precinct 34,11,23,11,5,4,12,66
COOK:8600035,COOK:Orland Precinct 35,18,43,15,6,2,27,111
COOK:8600036,COOK:Orland Precinct 36,8,15,11,1,3,13,51
COOK:8600037,COOK:Orland Precinct 37,12,37,9,5,2,13,78
COOK:8600038,COOK:Orland Precinct 38,5,15,8,2,2,9,41
COOK:8600039,COOK:Orland Precinct 39,7,30,14,6,0,16,73
COOK:8600040,COOK:Orland Precinct 40,16,25,11,5,0,17,74
COOK:8600041,COOK:Orland Precinct 41,12,23,11,6,0,10,62
COOK:8600042,COOK:Orland Precinct 42,13,27,16,3,2,13,74
COOK:8600043,COOK:Orland Precinct 43,5,10,2,0,0,2,19
COOK:8600044,COOK:Orland Precinct 44,5,32,3,3,2,11,56
COOK:8600045,COOK:Orland Precinct 45,14,26,11,7,1,20,79
COOK:8600046,COOK:Orland Precinct 46,2,4,6,2,1,12,27
COOK:8600047,COOK:Orland Precinct 47,18,41,15,4,5,30,113
COOK:8600048,COOK:Orland Precinct 48,12,27,9,4,1,3,56
COOK:8600049,COOK:Orland Precinct 49,11,32,19,4,1,19,86
COOK:8600050,COOK:Orland Precinct 50,9,11,8,2,4,10,44
COOK:8600051,COOK:Orland Precinct 51,10,14,11,4,0,21,60
COOK:8600052,COOK:Orland Precinct 52,8,29,14,4,2,15,72
COOK:8600053,COOK:Orland Precinct 53,21,33,16,3,2,26,101
COOK:8600054,COOK:Orland Precinct 54,9,14,7,6,0,16,52
COOK:8600055,COOK:Orland Precinct 55,12,18,4,3,0,18,55
COOK:8600056,COOK:Orland Precinct 56,4,45,13,3,3,10,78
COOK:8600057,COOK:Orland Precinct 57,8,16,19,2,2,12,59
COOK:8600058,COOK:Orland Precinct 58,9,25,11,7,2,24,78
COOK:8600059,COOK:Orland Precinct 59,12,36,4,4,0,34,90
COOK:8600060,COOK:Orland Precinct 60,9,24,3,1,0,6,43
COOK:8600061,COOK:Orland Precinct 61,10,22,10,4,1,12,59
COOK:8600062,COOK:Orland Precinct 62,16,26,12,3,4,10,71
COOK:8700001,COOK:Palatine Precinct 1,6,21,12,3,1,12,55
COOK:8700002,COOK:Palatine Precinct 2,10,46,9,7,0,27,99
COOK:8700003,COOK:Palatine Precinct 3,7,25,12,8,3,23,78
COOK:8700004,COOK:Palatine Precinct 4,2,10,2,1,2,1,18
COOK:8700005,COOK:Palatine Precinct 5,15,27,9,7,7,40,105
COOK:8700006,COOK:Palatine Precinct 6,7,31,6,5,5,25,79
COOK:8700007,COOK:Palatine Precinct 7,6,29,10,5,5,15,70
COOK:8700008,COOK:Palatine Precinct 8,2,26,6,7,1,14,56
COOK:8700009,COOK:Palatine Precinct 9,4,34,5,6,0,23,72
COOK:8700010,COOK:Palatine Precinct 10,6,51,16,7,1,23,104
COOK:8700011,COOK:Palatine Precinct 11,6,14,4,4,1,15,44
COOK:8700012,COOK:Palatine Precinct 12,9,35,4,7,2,25,82
COOK:8700013,COOK:Palatine Precinct 13,11,21,12,6,4,15,69
COOK:8700014,COOK:Palatine Precinct 14,9,39,9,7,2,16,82
COOK:8700015,COOK:Palatine Precinct 15,11,23,10,1,2,19,66
COOK:8700016,COOK:Palatine Precinct 16,3,12,4,3,1,6,29
COOK:8700017,COOK:Palatine Precinct 17,12,26,11,2,2,20,73
COOK:8700018,COOK:Palatine Precinct 18,4,34,11,10,4,16,79
COOK:8700019,COOK:Palatine Precinct 19,14,37,9,4,2,23,89
COOK:8700020,COOK:Palatine Precinct 20,1,7,5,3,0,2,18
COOK:8700021,COOK:Palatine Precinct 21,13,32,9,4,2,11,71
COOK:8700022,COOK:Palatine Precinct 22,11,40,4,1,5,22,83
COOK:8700023,COOK:Palatine Precinct 23,5,27,4,5,3,11,55
COOK:8700024,COOK:Palatine Precinct 24,15,29,12,6,2,29,93
COOK:8700025,COOK:Palatine Precinct 25,5,30,7,3,5,23,73
COOK:8700026,COOK:Palatine Precinct 26,6,24,17,8,2,22,79
COOK:8700027,COOK:Palatine Precinct 27,8,21,12,10,1,14,66
COOK:8700028,COOK:Palatine Precinct 28,9,23,14,1,1,17,65
COOK:8700029,COOK:Palatine Precinct 29,10,45,10,3,1,14,83
COOK:8700030,COOK:Palatine Precinct 30,5,16,10,2,1,14,48
COOK:8700031,COOK:Palatine Precinct 31,4,24,10,5,2,16,61
COOK:8700032,COOK:Palatine Precinct 32,7,26,4,3,2,19,61
COOK:8700033,COOK:Palatine Precinct 33,2,9,3,2,1,11,28
COOK:8700034,COOK:Palatine Precinct 34,8,46,10,5,2,35,106
COOK:8700035,COOK:Palatine Precinct 35,13,33,8,6,2,27,89
COOK:8700036,COOK:Palatine Precinct 36,4,12,4,1,1,13,35
COOK:8700037,COOK:Palatine Precinct 37,7,20,7,2,2,11,49
COOK:8700038,COOK:Palatine Precinct 38,10,49,22,5,2,37,125
COOK:8700039,COOK:Palatine Precinct 39,14,39,9,6,4,30,102
COOK:8700040,COOK:Palatine Precinct 40,17,44,8,3,7,33,112
COOK:8700041,COOK:Palatine Precinct 41,6,27,9,3,1,28,74
COOK:8700042,COOK:Palatine Precinct 42,10,34,5,5,4,36,94
COOK:8700043,COOK:Palatine Precinct 43,11,24,9,7,1,10,62
COOK:8700044,COOK:Palatine Precinct 44,9,50,13,3,4,33,112
COOK:8700045,COOK:Palatine Precinct 45,6,31,13,8,2,11,71
COOK:8700046,COOK:Palatine Precinct 46,6,35,16,5,4,26,92
COOK:8700047,COOK:Palatine Precinct 47,12,39,8,6,2,15,82
COOK:8700048,COOK:Palatine Precinct 48,3,21,10,5,2,16,57
COOK:8700049,COOK:Palatine Precinct 49,7,25,8,3,1,12,56
COOK:8700050,COOK:Palatine Precinct 50,9,44,12,4,5,24,98
COOK:8700051,COOK:Palatine Precinct 51,3,21,6,4,2,12,48
COOK:8700052,COOK:Palatine Precinct 52,11,36,6,3,4,26,86
COOK:8700053,COOK:Palatine Precinct 53,10,26,5,4,2,14,61
COOK:8700054,COOK:Palatine Precinct 54,8,33,3,10,1,18,73
COOK:8700055,COOK:Palatine Precinct 55,3,40,11,12,4,14,84
COOK:8700056,COOK:Palatine Precinct 56,4,20,8,4,3,14,53
COOK:8700057,COOK:Palatine Precinct 57,7,26,7,6,3,28,77
COOK:8700058,COOK:Palatine Precinct 58,5,25,7,2,2,13,54
COOK:8700059,COOK:Palatine Precinct 59,9,21,6,7,5,11,59
COOK:8700060,COOK:Palatine Precinct 60,3,11,0,4,2,12,32
COOK:8700061,COOK:Palatine Precinct 61,11,32,8,4,3,22,80
COOK:8700062,COOK:Palatine Precinct 62,5,19,3,3,5,10,45
COOK:8700063,COOK:Palatine Precinct 63,8,26,18,3,0,20,75
COOK:8700064,COOK:Palatine Precinct 64,7,30,4,4,2,22,69
COOK:8700065,COOK:Palatine Precinct 65,9,28,2,1,5,11,56
COOK:8800001,COOK:Palos Precinct 1,3,20,5,0,1,13,42
COOK:8800002,COOK:Palos Precinct 2,15,37,9,3,3,15,82
COOK:8800003,COOK:Palos Precinct 3,3,31,9,5,2,15,65
COOK:8800004,COOK:Palos Precinct 4,20,13,8,2,1,7,51
COOK:8800005,COOK:Palos Precinct 5,12,16,4,0,0,8,40
COOK:8800006,COOK:Palos Precinct 6,3,9,3,0,0,2,17
COOK:8800007,COOK:Palos Precinct 7,31,18,7,2,1,13,72
COOK:8800008,COOK:Palos Precinct 8,11,32,12,6,2,8,71
COOK:8800009,COOK:Palos Precinct 9,16,56,13,6,4,27,122
COOK:8800010,COOK:Palos Precinct 10,13,50,16,5,2,24,110
COOK:8800011,COOK:Palos Precinct 11,5,32,13,3,3,17,73
COOK:8800012,COOK:Palos Precinct 12,19,20,5,2,0,9,55
COOK:8800013,COOK:Palos Precinct 13,21,33,3,5,3,15,80
COOK:8800014,COOK:Palos Precinct 14,12,16,8,5,0,10,51
COOK:8800015,COOK:Palos Precinct 15,31,50,20,7,1,26,135
COOK:8800016,COOK:Palos Precinct 16,7,55,13,6,0,25,106
COOK:8800017,COOK:Palos Precinct 17,16,19,15,2,1,14,67
COOK:8800018,COOK:Palos Precinct 18,23,20,7,10,2,9,71
COOK:8800019,COOK:Palos Precinct 19,26,30,10,5,2,12,85
COOK:8800020,COOK:Palos Precinct 20,19,20,13,4,0,5,61
COOK:8800021,COOK:Palos Precinct 21,8,14,6,3,0,4,35
COOK:8800022,COOK:Palos Precinct 22,4,4,1,1,0,4,14
COOK:8800023,COOK:Palos Precinct 23,11,12,4,2,0,10,39
COOK:8800024,COOK:Palos Precinct 24,29,55,25,4,2,28,143
COOK:8800025,COOK:Palos Precinct 25,6,3,3,0,0,3,15
COOK:8800026,COOK:Palos Precinct 26,14,10,3,2,2,10,41
COOK:8800027,COOK:Palos Precinct 27,18,24,5,3,2,11,63
COOK:8800028,COOK:Palos Precinct 28,4,5,2,3,0,2,16
COOK:8800029,COOK:Palos Precinct 29,13,31,6,4,3,17,74
COOK:8800030,COOK:Palos Precinct 30,8,25,11,7,3,16,70
COOK:8800031,COOK:Palos Precinct 31,22,26,12,3,0,16,79
COOK:8800032,COOK:Palos Precinct 32,10,18,3,1,1,3,36
COOK:8800033,COOK:Palos Precinct 33,19,19,13,4,3,24,82
COOK:8800034,COOK:Palos Precinct 34,10,18,6,2,1,9,46
COOK:8800035,COOK:Palos Precinct 35,28,27,7,3,1,15,81
COOK:8900001,COOK:Proviso Precinct 1,1,2,0,1,0,0,4
COOK:8900002,COOK:Proviso Precinct 2,2,3,2,5,0,2,14
COOK:8900003,COOK:Proviso Precinct 3,4,5,3,2,0,5,19
COOK:8900004,COOK:Proviso Precinct 4,0,2,0,2,0,0,4
COOK:8900005,COOK:Proviso Precinct 5,7,11,6,5,1,12,42
COOK:8900006,COOK:Proviso Precinct 6,11,16,16,3,0,12,58
COOK:8900007,COOK:Proviso Precinct 7,4,4,3,3,2,6,22
COOK:8900008,COOK:Proviso Precinct 8,4,14,1,2,1,4,26
COOK:8900009,COOK:Proviso Precinct 9,0,1,1,0,0,0,2
COOK:8900010,COOK:Proviso Precinct 10,0,2,0,0,1,0,3
COOK:8900011,COOK:Proviso Precinct 11,6,2,7,0,1,2,18
COOK:8900012,COOK:Proviso Precinct 12,12,7,10,3,0,5,37
COOK:8900013,COOK:Proviso Precinct 13,6,10,9,1,1,6,33
COOK:8900014,COOK:Proviso Precinct 14,2,1,10,1,0,1,15
COOK:8900015,COOK:Proviso Precinct 15,0,6,2,2,0,1,11
COOK:8900016,COOK:Proviso Precinct 16,5,4,3,1,2,4,19
COOK:8900017,COOK:Proviso Precinct 17,7,24,23,4,3,10,71
COOK:8900018,COOK:Proviso Precinct 18,2,1,2,2,0,2,9
COOK:8900019,COOK:Proviso Precinct 19,2,0,0,1,0,1,4
COOK:8900020,COOK:Proviso Precinct 20,1,3,3,0,1,3,11
COOK:8900021,COOK:Proviso Precinct 21,12,17,5,5,3,14,56
COOK:8900022,COOK:Proviso Precinct 22,0,0,1,0,2,0,3
COOK:8900023,COOK:Proviso Precinct 23,10,20,9,4,0,13,56
COOK:8900024,COOK:Proviso Precinct 24,2,26,11,7,0,25,71
COOK:8900025,COOK:Proviso Precinct 25,6,15,6,6,2,16,51
COOK:8900026,COOK:Proviso Precinct 26,4,23,7,2,1,9,46
COOK:8900027,COOK:Proviso Precinct 27,6,11,7,5,2,5,36
COOK:8900028,COOK:Proviso Precinct 28,10,10,14,6,0,12,52
COOK:8900029,COOK:Proviso Precinct 29,13,18,7,7,0,6,51
COOK:8900030,COOK:Proviso Precinct 30,4,11,6,0,1,7,29
COOK:8900031,COOK:Proviso Precinct 31,0,0,0,1,0,0,1
COOK:8900032,COOK:Proviso Precinct 32,17,21,10,5,4,14,71
COOK:8900033,COOK:Proviso Precinct 33,1,0,2,0,0,0,3
COOK:8900034,COOK:Proviso Precinct 34,0,1,4,1,0,0,6
COOK:8900035,COOK:Proviso Precinct 35,10,15,21,4,2,33,85
COOK:8900036,COOK:Proviso Precinct 36,1,4,0,2,0,2,9
COOK:8900037,COOK:Proviso Precinct 37,0,0,0,0,0,0,0
COOK:8900038,COOK:Proviso Precinct 38,1,0,1,2,0,3,7
COOK:8900039,COOK:Proviso Precinct 39,5,4,10,3,0,6,28
COOK:8900040,COOK:Proviso Precinct 40,0,0,0,1,0,0,1
COOK:8900041,COOK:Proviso Precinct 41,0,1,0,0,1,1,3
COOK:8900042,COOK:Proviso Precinct 42,18,23,10,6,3,17,77
COOK:8900043,COOK:Proviso Precinct 43,0,0,1,0,1,0,2
COOK:8900044,COOK:Proviso Precinct 44,1,1,1,1,0,3,7
COOK:8900045,COOK:Proviso Precinct 45,0,0,1,2,0,2,5
COOK:8900046,COOK:Proviso Precinct 46,2,4,1,1,2,2,12
COOK:8900047,COOK:Proviso Precinct 47,2,0,0,0,0,0,2
COOK:8900048,COOK:Proviso Precinct 48,3,3,1,0,1,4,12
COOK:8900049,COOK:Proviso Precinct 49,1,6,4,2,1,5,19
COOK:8900050,COOK:Proviso Precinct 50,4,14,5,4,1,12,40
COOK:8900051,COOK:Proviso Precinct 51,8,10,4,0,1,5,28
COOK:8900052,COOK:Proviso Precinct 52,1,0,1,2,0,0,4
COOK:8900053,COOK:Proviso Precinct 53,0,0,0,0,2,0,2
COOK:8900054,COOK:Proviso Precinct 54,14,10,2,5,1,14,46
COOK:8900055,COOK:Proviso Precinct 55,7,16,14,1,3,4,45
COOK:8900056,COOK:Proviso Precinct 56,0,2,1,0,3,0,6
COOK:8900057,COOK:Proviso Precinct 57,5,8,6,2,0,8,29
COOK:8900058,COOK:Proviso Precinct 58,1,0,0,0,0,1,2
COOK:8900059,COOK:Proviso Precinct 59,9,5,4,0,2,5,25
COOK:8900060,COOK:Proviso Precinct 60,1,5,3,0,0,6,15
COOK:8900061,COOK:Proviso Precinct 61,5,4,4,1,0,4,18
COOK:8900062,COOK:Proviso Precinct 62,2,12,4,2,1,5,26
COOK:8900063,COOK:Proviso Precinct 63,6,18,14,8,2,7,55
COOK:8900064,COOK:Proviso Precinct 64,0,5,2,2,1,1,11
COOK:8900065,COOK:Proviso Precinct 65,2,4,3,1,0,1,11
COOK:8900066,COOK:Proviso Precinct 66,4,5,2,2,1,9,23
COOK:8900067,COOK:Proviso Precinct 67,3,4,4,2,1,7,21
COOK:8900068,COOK:Proviso Precinct 68,1,6,2,0,2,4,15
COOK:8900069,COOK:Proviso Precinct 69,2,8,7,2,0,7,26
COOK:8900070,COOK:Proviso Precinct 70,3,17,3,2,0,13,38
COOK:8900071,COOK:Proviso Precinct 71,7,13,8,6,2,12,48
COOK:8900072,COOK:Proviso Precinct 72,0,2,1,0,0,9,12
COOK:8900073,COOK:Proviso Precinct 73,3,5,3,5,1,9,26
COOK:8900074,COOK:Proviso Precinct 74,9,19,7,4,1,14,54
COOK:8900075,COOK:Proviso Precinct 75,2,13,12,6,2,4,39
COOK:8900076,COOK:Proviso Precinct 76,11,6,3,2,1,5,28
COOK:8900077,COOK:Proviso Precinct 77,6,2,1,3,1,6,19
COOK:8900078,COOK:Proviso Precinct 78,3,10,7,4,2,3,29
COOK:8900079,COOK:Proviso Precinct 79,0,2,0,0,0,2,4
COOK:8900080,COOK:Proviso Precinct 80,3,2,4,2,0,4,15
COOK:8900081,COOK:Proviso Precinct 81,1,5,7,0,1,7,21
COOK:8900082,COOK:Proviso Precinct 82,0,4,1,0,0,1,6
COOK:8900083,COOK:Proviso Precinct 83,0,1,0,2,2,0,5
COOK:8900084,COOK:Proviso Precinct 84,9,15,9,3,0,10,46
COOK:8900085,COOK:Proviso Precinct 85,7,15,12,3,5,15,57
COOK:8900086,COOK:Proviso Precinct 86,0,2,1,4,0,1,8
COOK:8900087,COOK:Proviso Precinct 87,8,7,16,2,3,4,40
COOK:8900088,COOK:Proviso Precinct 88,8,16,11,6,0,14,55
COOK:8900089,COOK:Proviso Precinct 89,13,4,4,3,0,10,34
COOK:9000001,COOK:Rich Precinct 1,2,4,2,1,2,5,16
COOK:9000002,COOK:Rich Precinct 2,1,4,0,4,1,2,12
COOK:9000003,COOK:Rich Precinct 3,0,11,4,8,1,6,30
COOK:9000004,COOK:Rich Precinct 4,0,1,0,2,1,1,5
COOK:9000005,COOK:Rich Precinct 5,0,4,0,2,1,3,10
COOK:9000006,COOK:Rich Precinct 6,1,2,1,1,1,7,13
COOK:9000007,COOK:Rich Precinct 7,4,9,4,4,0,4,25
COOK:9000008,COOK:Rich Precinct 8,6,1,2,7,1,4,21
COOK:9000009,COOK:Rich Precinct 9,3,1,0,0,0,1,5
COOK:9000010,COOK:Rich Precinct 10,1,4,1,2,0,1,9
COOK:9000011,COOK:Rich Precinct 11,2,7,1,0,0,2,12
COOK:9000012,COOK:Rich Precinct 12,0,9,2,0,0,3,14
COOK:9000013,COOK:Rich Precinct 13,4,6,5,8,2,4,29
COOK:9000014,COOK:Rich Precinct 14,7,3,6,4,0,7,27
COOK:9000015,COOK:Rich Precinct 15,1,4,2,2,1,2,12
COOK:9000016,COOK:Rich Precinct 16,3,3,2,0,0,0,8
COOK:9000017,COOK:Rich Precinct 17,3,8,2,2,4,5,24
COOK:9000018,COOK:Rich Precinct 18,0,3,1,1,3,2,10
COOK:9000019,COOK:Rich Precinct 19,6,7,10,4,1,12,40
COOK:9000020,COOK:Rich Precinct 20,13,35,25,10,1,29,113
COOK:9000021,COOK:Rich Precinct 21,1,7,2,5,2,1,18
COOK:9000022,COOK:Rich Precinct 22,2,0,5,2,1,2,12
COOK:9000023,COOK:Rich Precinct 23,2,4,2,1,1,2,12
COOK:9000024,COOK:Rich Precinct 24,5,11,0,4,0,5,25
COOK:9000025,COOK:Rich Precinct 25,0,3,2,5,0,2,12
COOK:9000026,COOK:Rich Precinct 26,1,6,1,1,1,4,14
COOK:9000027,COOK:Rich Precinct 27,2,4,2,1,0,2,11
COOK:9000028,COOK:Rich Precinct 28,0,6,0,2,2,1,11
COOK:9000029,COOK:Rich Precinct 29,3,10,1,5,2,4,25
COOK:9000030,COOK:Rich Precinct 30,2,1,3,1,0,1,8
COOK:9000031,COOK:Rich Precinct 31,0,12,1,2,0,9,24
COOK:9000032,COOK:Rich Precinct 32,2,2,2,2,2,2,12
COOK:9000033,COOK:Rich Precinct 33,1,4,2,2,0,6,15
COOK:9000034,COOK:Rich Precinct 34,0,0,2,0,0,1,3
COOK:9000035,COOK:Rich Precinct 35,2,5,6,5,0,3,21
COOK:9000036,COOK:Rich Precinct 36,0,4,3,4,1,6,18
COOK:9000037,COOK:Rich Precinct 37,1,0,2,2,0,0,5
COOK:9000038,COOK:Rich Precinct 38,0,2,1,3,0,3,9
COOK:9000039,COOK:Rich Precinct 39,2,3,2,1,0,1,9
COOK:9000040,COOK:Rich Precinct 40,1,1,0,3,2,1,8
COOK:9000041,COOK:Rich Precinct 41,0,1,0,1,0,1,3
COOK:9000042,COOK:Rich Precinct 42,1,1,0,2,0,1,5
COOK:9000043,COOK:Rich Precinct 43,0,1,0,1,0,1,3
COOK:9000044,COOK:Rich Precinct 44,2,0,0,1,0,0,3
COOK:9000045,COOK:Rich Precinct 45,1,2,1,0,1,1,6
COOK:9000046,COOK:Rich Precinct 46,2,1,1,3,0,1,8
COOK:9000047,COOK:Rich Precinct 47,2,3,3,0,0,1,9
COOK:9100001,COOK:River Forest Precinct 1,6,8,8,3,0,9,34
COOK:9100002,COOK:River Forest Precinct 2,7,17,6,4,2,23,59
COOK:9100003,COOK:River Forest Precinct 3,1,9,3,2,0,10,25
COOK:9100004,COOK:River Forest Precinct 4,0,10,3,2,1,7,23
COOK:9100005,COOK:River Forest Precinct 5,3,20,3,0,0,9,35
COOK:9100006,COOK:River Forest Precinct 6,2,14,2,1,0,13,32
COOK:9100007,COOK:River Forest Precinct 7,0,11,8,2,0,4,25
COOK:9200001,COOK:Riverside Precinct 1,4,23,5,4,0,10,46
COOK:9200002,COOK:Riverside Precinct 2,0,4,0,0,0,1,5
COOK:9200003,COOK:Riverside Precinct 3,7,10,4,2,0,6,29
COOK:9200004,COOK:Riverside Precinct 4,2,23,6,5,4,20,60
COOK:9200005,COOK:Riverside Precinct 5,8,4,4,7,1,5,29
COOK:9200006,COOK:Riverside Precinct 6,16,29,16,10,0,27,98
COOK:9200007,COOK:Riverside Precinct 7,8,16,7,4,1,12,48
COOK:9200008,COOK:Riverside Precinct 8,8,17,4,3,2,18,52
COOK:9200009,COOK:Riverside Precinct 9,2,17,7,5,1,8,40
COOK:9200010,COOK:Riverside Precinct 10,7,18,7,2,0,12,46
COOK:9200011,COOK:Riverside Precinct 11,3,17,9,13,4,21,67
COOK:9200012,COOK:Riverside Precinct 12,8,14,8,5,2,12,49
COOK:9300001,COOK:Schaumburg Precinct 1,13,30,5,7,8,17,80
COOK:9300002,COOK:Schaumburg Precinct 2,11,28,9,5,4,14,71
COOK:9300003,COOK:Schaumburg Precinct 3,9,42,10,7,5,11,84
COOK:9300004,COOK:Schaumburg Precinct 4,3,2,3,3,1,6,18
COOK:9300005,COOK:Schaumburg Precinct 5,6,20,8,10,2,20,66
COOK:9300006,COOK:Schaumburg Precinct 6,12,35,9,4,3,28,91
COOK:9300007,COOK:Schaumburg Precinct 7,7,9,0,0,3,5,24
COOK:9300008,COOK:Schaumburg Precinct 8,5,26,9,2,1,18,61
COOK:9300009,COOK:Schaumburg Precinct 9,7,11,5,1,1,13,38
COOK:9300010,COOK:Schaumburg Precinct 10,9,19,5,3,4,14,54
COOK:9300011,COOK:Schaumburg Precinct 11,2,10,4,3,0,8,27
COOK:9300012,COOK:Schaumburg Precinct 12,3,26,4,3,1,14,51
COOK:9300013,COOK:Schaumburg Precinct 13,5,27,4,2,4,7,49
COOK:9300014,COOK:Schaumburg Precinct 14,14,47,15,7,4,35,122
COOK:9300015,COOK:Schaumburg Precinct 15,11,26,6,6,2,20,71
COOK:9300016,COOK:Schaumburg Precinct 16,11,34,6,6,1,11,69
COOK:9300017,COOK:Schaumburg Precinct 17,9,43,20,7,2,32,113
COOK:9300018,COOK:Schaumburg Precinct 18,12,27,4,6,4,16,69
COOK:9300019,COOK:Schaumburg Precinct 19,5,10,6,2,2,8,33
COOK:9300020,COOK:Schaumburg Precinct 20,9,20,14,14,3,24,84
COOK:9300021,COOK:Schaumburg Precinct 21,14,35,8,2,2,23,84
COOK:9300022,COOK:Schaumburg Precinct 22,3,13,5,5,1,10,37
COOK:9300023,COOK:Schaumburg Precinct 23,3,16,7,2,1,17,46
COOK:9300024,COOK:Schaumburg Precinct 24,5,39,7,5,3,16,75
COOK:9300025,COOK:Schaumburg Precinct 25,4,21,10,4,1,13,53
COOK:9300026,COOK:Schaumburg Precinct 26,6,15,8,4,1,14,48
COOK:9300027,COOK:Schaumburg Precinct 27,6,17,4,5,4,9,45
COOK:9300028,COOK:Schaumburg Precinct 28,13,22,3,13,1,10,62
COOK:9300029,COOK:Schaumburg Precinct 29,5,31,4,16,3,15,74
COOK:9300030,COOK:Schaumburg Precinct 30,3,25,8,1,3,16,56
COOK:9300031,COOK:Schaumburg Precinct 31,5,36,10,4,1,12,68
COOK:9300032,COOK:Schaumburg Precinct 32,7,31,9,4,4,17,72
COOK:9300033,COOK:Schaumburg Precinct 33,19,46,10,6,3,35,119
COOK:9300034,COOK:Schaumburg Precinct 34,5,13,1,1,1,7,28
COOK:9300035,COOK:Schaumburg Precinct 35,4,14,7,4,0,6,35
COOK:9300036,COOK:Schaumburg Precinct 36,13,41,13,7,7,24,105
COOK:9300037,COOK:Schaumburg Precinct 37,4,23,8,3,1,7,46
COOK:9300038,COOK:Schaumburg Precinct 38,15,20,16,5,1,13,70
COOK:9300039,COOK:Schaumburg Precinct 39,10,35,5,7,2,34,93
COOK:9300040,COOK:Schaumburg Precinct 40,12,25,8,3,3,18,69
COOK:9300041,COOK:Schaumburg Precinct 41,16,38,13,10,2,25,104
COOK:9300042,COOK:Schaumburg Precinct 42,5,17,5,4,1,15,47
COOK:9300043,COOK:Schaumburg Precinct 43,5,13,5,5,2,10,40
COOK:9300044,COOK:Schaumburg Precinct 44,6,11,3,9,0,5,34
COOK:9300045,COOK:Schaumburg Precinct 45,3,22,8,8,1,17,59
COOK:9300046,COOK:Schaumburg Precinct 46,4,14,3,4,1,15,41
COOK:9300047,COOK:Schaumburg Precinct 47,12,24,8,4,5,19,72
COOK:9300048,COOK:Schaumburg Precinct 48,14,29,11,4,0,15,73
COOK:9300049,COOK:Schaumburg Precinct 49,6,21,2,6,5,14,54
COOK:9300050,COOK:Schaumburg Precinct 50,17,38,11,15,4,9,94
COOK:9300051,COOK:Schaumburg Precinct 51,9,14,5,3,2,3,36
COOK:9300052,COOK:Schaumburg Precinct 52,9,45,16,8,5,22,105
COOK:9300053,COOK:Schaumburg Precinct 53,10,30,4,5,2,11,62
COOK:9300054,COOK:Schaumburg Precinct 54,3,14,11,4,2,9,43
COOK:9300055,COOK:Schaumburg Precinct 55,13,39,12,8,12,34,118
COOK:9300056,COOK:Schaumburg Precinct 56,10,25,16,2,4,14,71
COOK:9300057,COOK:Schaumburg Precinct 57,11,35,19,4,7,30,106
COOK:9300058,COOK:Schaumburg Precinct 58,5,16,8,4,1,2,36
COOK:9300059,COOK:Schaumburg Precinct 59,19,49,5,8,2,26,109
COOK:9300060,COOK:Schaumburg Precinct 60,4,17,4,4,0,9,38
COOK:9300061,COOK:Schaumburg Precinct 61,10,29,6,5,4,14,68
COOK:9300062,COOK:Schaumburg Precinct 62,3,15,5,7,3,5,38
COOK:9300063,COOK:Schaumburg Precinct 63,18,48,10,4,8,25,113
COOK:9300064,COOK:Schaumburg Precinct 64,7,22,4,6,2,21,62
COOK:9300065,COOK:Schaumburg Precinct 65,4,19,11,9,1,10,54
COOK:9300066,COOK:Schaumburg Precinct 66,14,47,13,3,2,21,100
COOK:9300067,COOK:Schaumburg Precinct 67,16,34,13,6,2,24,95
COOK:9300068,COOK:Schaumburg Precinct 68,14,23,4,4,3,9,57
COOK:9300069,COOK:Schaumburg Precinct 69,7,13,4,1,5,13,43
COOK:9400001,COOK:Stickney Precinct 1,12,11,2,6,2,7,40
COOK:9400002,COOK:Stickney Precinct 2,3,17,7,0,1,7,35
COOK:9400003,COOK:Stickney Precinct 3,22,16,12,4,0,8,62
COOK:9400004,COOK:Stickney Precinct 4,25,13,10,4,1,6,59
COOK:9400005,COOK:Stickney Precinct 5,23,16,4,4,3,16,66
COOK:9400006,COOK:Stickney Precinct 6,32,14,5,1,1,19,72
COOK:9400007,COOK:Stickney Precinct 7,7,4,4,5,0,0,20
COOK:9400008,COOK:Stickney Precinct 8,18,2,8,6,0,7,41
COOK:9400009,COOK:Stickney Precinct 9,11,14,4,3,2,8,42
COOK:9400010,COOK:Stickney Precinct 10,19,11,7,4,5,11,57
COOK:9400011,COOK:Stickney Precinct 11,17,12,3,2,1,12,47
COOK:7200057,COOK:Stickney Precinct 12,22,8,5,1,2,8,46
COOK:9400013,COOK:Stickney Precinct 13,6,7,8,1,3,8,33
COOK:9400014,COOK:Stickney Precinct 14,28,9,6,0,1,17,61
COOK:9400015,COOK:Stickney Precinct 15,17,7,7,1,2,8,42
COOK:9400016,COOK:Stickney Precinct 16,13,15,15,2,1,5,51
COOK:9400017,COOK:Stickney Precinct 17,2,4,5,2,0,4,17
COOK:9400018,COOK:Stickney Precinct 18,9,10,2,1,1,9,32
COOK:9400019,COOK:Stickney Precinct 19,8,8,5,3,2,8,34
COOK:9400020,COOK:Stickney Precinct 20,8,3,5,1,1,2,20
COOK:9500001,COOK:Thornton Precinct 1,0,2,0,0,0,5,7
COOK:9500002,COOK:Thornton Precinct 2,0,4,0,1,0,2,7
COOK:9500003,COOK:Thornton Precinct 3,1,6,0,1,1,4,13
COOK:9500004,COOK:Thornton Precinct 4,1,1,0,0,0,0,2
COOK:9500005,COOK:Thornton Precinct 5,0,2,0,3,0,0,5
COOK:9500006,COOK:Thornton Precinct 6,1,0,1,1,0,1,4
COOK:9500007,COOK:Thornton Precinct 7,0,0,0,1,1,0,2
COOK:9500008,COOK:Thornton Precinct 8,0,0,0,1,0,0,1
COOK:9500009,COOK:Thornton Precinct 9,0,0,0,0,0,1,1
COOK:9500010,COOK:Thornton Precinct 10,3,10,0,3,3,4,23
COOK:9500011,COOK:Thornton Precinct 11,2,5,2,1,0,2,12
COOK:9500012,COOK:Thornton Precinct 12,1,4,1,0,0,1,7
COOK:9500013,COOK:Thornton Precinct 13,9,6,6,1,1,6,29
COOK:9500014,COOK:Thornton Precinct 14,0,1,1,1,0,0,3
COOK:9500015,COOK:Thornton Precinct 15,0,1,2,1,1,2,7
COOK:9500016,COOK:Thornton Precinct 16,6,2,6,1,0,7,22
COOK:9500017,COOK:Thornton Precinct 17,1,4,1,1,0,4,11
COOK:9500018,COOK:Thornton Precinct 18,8,17,8,4,1,10,48
COOK:9500019,COOK:Thornton Precinct 19,1,6,5,3,3,7,25
COOK:9500020,COOK:Thornton Precinct 20,6,17,6,3,3,7,42
COOK:9500021,COOK:Thornton Precinct 21,1,12,3,2,1,2,21
COOK:9500022,COOK:Thornton Precinct 22,1,1,0,0,0,0,2
COOK:9500023,COOK:Thornton Precinct 23,2,1,1,1,1,1,7
COOK:9500024,COOK:Thornton Precinct 24,2,10,5,0,0,4,21
COOK:9500025,COOK:Thornton Precinct 25,2,12,1,3,0,15,33
COOK:9500026,COOK:Thornton Precinct 26,3,6,5,1,2,9,26
COOK:9500027,COOK:Thornton Precinct 27,0,1,0,2,1,2,6
COOK:9500028,COOK:Thornton Precinct 28,2,1,1,1,1,2,8
COOK:9500029,COOK:Thornton Precinct 29,0,1,0,0,1,1,3
COOK:9500030,COOK:Thornton Precinct 30,0,0,0,0,0,1,1
COOK:9500031,COOK:Thornton Precinct 31,5,5,3,1,1,2,17
COOK:9500032,COOK:Thornton Precinct 32,0,2,1,1,1,1,6
COOK:9500033,COOK:Thornton Precinct 33,0,1,0,0,0,0,1
COOK:9500034,COOK:Thornton Precinct 34,2,1,1,1,0,7,12
COOK:9500035,COOK:Thornton Precinct 35,4,1,2,1,1,0,9
COOK:9500036,COOK:Thornton Precinct 36,0,0,0,2,2,0,4
COOK:9500037,COOK:Thornton Precinct 37,1,9,3,3,0,2,18
COOK:9500038,COOK:Thornton Precinct 38,0,0,2,0,0,1,3
COOK:9500039,COOK:Thornton Precinct 39,0,1,0,0,0,1,2
COOK:9500040,COOK:Thornton Precinct 40,1,1,0,1,3,0,6
COOK:9500041,COOK:Thornton Precinct 41,1,0,1,0,1,0,3
COOK:9500042,COOK:Thornton Precinct 42,1,5,1,3,3,0,13
COOK:9500043,COOK:Thornton Precinct 43,0,15,11,5,3,12,46
COOK:9500044,COOK:Thornton Precinct 44,1,0,0,0,0,2,3
COOK:9500045,COOK:Thornton Precinct 45,2,2,0,2,0,2,8
COOK:9500046,COOK:Thornton Precinct 46,1,0,2,2,0,0,5
COOK:9500047,COOK:Thornton Precinct 47,7,9,5,2,0,9,32
COOK:9500048,COOK:Thornton Precinct 48,1,0,0,1,0,1,3
COOK:9500049,COOK:Thornton Precinct 49,1,1,1,0,0,2,5
COOK:9500050,COOK:Thornton Precinct 50,1,3,2,1,2,7,16
COOK:9500051,COOK:Thornton Precinct 51,5,4,2,3,0,5,19
COOK:9500052,COOK:Thornton Precinct 52,0,1,1,0,0,0,2
COOK:9500053,COOK:Thornton Precinct 53,5,3,4,1,1,10,24
COOK:9500054,COOK:Thornton Precinct 54,1,8,2,0,1,1,13
COOK:9500055,COOK:Thornton Precinct 55,1,2,0,0,1,0,4
COOK:9500056,COOK:Thornton Precinct 56,4,1,1,2,1,6,15
COOK:9500057,COOK:Thornton Precinct 57,2,18,4,3,1,4,32
COOK:9500058,COOK:Thornton Precinct 58,8,4,5,1,2,4,24
COOK:9500059,COOK:Thornton Precinct 59,6,3,2,0,0,1,12
COOK:9500060,COOK:Thornton Precinct 60,0,0,0,0,0,0,0
COOK:9500061,COOK:Thornton Precinct 61,1,1,1,2,0,3,8
COOK:9500062,COOK:Thornton Precinct 62,0,3,2,0,0,1,6
COOK:9500063,COOK:Thornton Precinct 63,2,1,1,2,0,2,8
COOK:9500064,COOK:Thornton Precinct 64,0,0,0,0,0,0,0
COOK:9500065,COOK:Thornton Precinct 65,2,12,6,7,2,4,33
COOK:9500066,COOK:Thornton Precinct 66,1,2,4,2,2,4,15
COOK:9500067,COOK:Thornton Precinct 67,3,10,9,5,1,13,41
COOK:9500068,COOK:Thornton Precinct 68,5,8,3,2,1,1,20
COOK:9500069,COOK:Thornton Precinct 69,2,0,0,0,1,1,4
COOK:9500070,COOK:Thornton Precinct 70,1,1,1,1,0,1,5
COOK:9500071,COOK:Thornton Precinct 71,0,0,1,0,2,0,3
COOK:9500072,COOK:Thornton Precinct 72,1,0,1,1,0,0,3
COOK:9500073,COOK:Thornton Precinct 73,2,5,1,2,2,2,14
COOK:9500074,COOK:Thornton Precinct 74,0,1,0,0,0,0,1
COOK:9500075,COOK:Thornton Precinct 75,1,1,0,2,2,0,6
COOK:9500076,COOK:Thornton Precinct 76,1,0,0,0,0,6,7
COOK:9500077,COOK:Thornton Precinct 77,1,0,1,3,0,2,7
COOK:9500078,COOK:Thornton Precinct 78,0,1,0,0,0,0,1
COOK:9500079,COOK:Thornton Precinct 79,1,2,3,0,2,1,9
COOK:9500080,COOK:Thornton Precinct 80,0,1,0,1,0,2,4
COOK:9500081,COOK:Thornton Precinct 81,3,0,2,0,0,3,8
COOK:9500082,COOK:Thornton Precinct 82,6,7,10,6,0,10,39
COOK:9500083,COOK:Thornton Precinct 83,0,1,0,3,0,3,7
COOK:9500084,COOK:Thornton Precinct 84,1,0,3,0,0,2,6
COOK:9500085,COOK:Thornton Precinct 85,3,6,2,2,1,0,14
COOK:9500086,COOK:Thornton Precinct 86,0,0,1,2,0,0,3
COOK:9500087,COOK:Thornton Precinct 87,0,1,0,1,0,0,2
COOK:9500088,COOK:Thornton Precinct 88,0,0,0,0,2,0,2
COOK:9500089,COOK:Thornton Precinct 89,1,3,2,3,1,4,14
COOK:9500090,COOK:Thornton Precinct 90,0,0,0,2,0,1,3
COOK:9500091,COOK:Thornton Precinct 91,2,3,1,3,2,1,12
COOK:9500092,COOK:Thornton Precinct 92,2,8,1,4,1,6,22
COOK:9500093,COOK:Thornton Precinct 93,0,1,0,1,0,1,3
COOK:9500094,COOK:Thornton Precinct 94,1,0,1,0,1,0,3
COOK:9500095,COOK:Thornton Precinct 95,0,1,1,1,1,2,6
COOK:9500096,COOK:Thornton Precinct 96,1,2,3,0,2,1,9
COOK:9500097,COOK:Thornton Precinct 97,0,1,1,2,0,1,5
COOK:9500098,COOK:Thornton Precinct 98,0,0,0,2,0,1,3
COOK:9500099,COOK:Thornton Precinct 99,0,0,0,0,1,0,1
COOK:9500100,COOK:Thornton Precinct 100,1,0,0,0,0,0,1
COOK:9500101,COOK:Thornton Precinct 101,0,1,0,2,0,1,4
COOK:9500102,COOK:Thornton Precinct 102,1,3,2,0,2,2,10
COOK:9500103,COOK:Thornton Precinct 103,1,1,1,1,0,1,5
COOK:9500104,COOK:Thornton Precinct 104,0,4,2,0,0,0,6
COOK:9600001,COOK:Wheeling Precinct 1,17,37,8,4,3,8,77
COOK:9600002,COOK:Wheeling Precinct 2,15,56,10,4,2,19,106
COOK:9600003,COOK:Wheeling Precinct 3,0,29,7,1,5,8,50
COOK:9600004,COOK:Wheeling Precinct 4,10,45,10,5,4,11,85
COOK:9600005,COOK:Wheeling Precinct 5,2,33,6,2,0,11,54
COOK:9600006,COOK:Wheeling Precinct 6,2,16,6,4,0,7,35
COOK:9600007,COOK:Wheeling Precinct 7,3,33,6,1,1,15,59
COOK:9600008,COOK:Wheeling Precinct 8,9,53,10,11,0,6,89
COOK:9600009,COOK:Wheeling Precinct 9,10,11,3,1,1,2,28
COOK:9600010,COOK:Wheeling Precinct 10,6,35,6,7,3,5,62
COOK:9600011,COOK:Wheeling Precinct 11,11,59,5,0,5,6,86
COOK:9600012,COOK:Wheeling Precinct 12,21,59,10,2,2,11,105
COOK:9600013,COOK:Wheeling Precinct 13,4,19,6,3,3,6,41
COOK:9600014,COOK:Wheeling Precinct 14,2,29,5,3,0,7,46
COOK:9600015,COOK:Wheeling Precinct 15,2,16,6,5,2,6,37
COOK:9600016,COOK:Wheeling Precinct 16,9,6,0,3,0,1,19
COOK:9600017,COOK:Wheeling Precinct 17,8,24,3,4,3,3,45
COOK:9600018,COOK:Wheeling Precinct 18,4,24,7,0,0,9,44
COOK:9600019,COOK:Wheeling Precinct 19,3,47,3,3,1,9,66
COOK:9600020,COOK:Wheeling Precinct 20,8,43,8,8,3,12,82
COOK:9600021,COOK:Wheeling Precinct 21,20,63,13,7,5,9,117
COOK:9600022,COOK:Wheeling Precinct 22,9,22,7,3,1,5,47
COOK:9600023,COOK:Wheeling Precinct 23,4,36,7,4,1,9,61
COOK:9600024,COOK:Wheeling Precinct 24,8,70,7,6,5,17,113
COOK:9600025,COOK:Wheeling Precinct 25,12,21,6,2,0,10,51
COOK:9600026,COOK:Wheeling Precinct 26,5,53,5,4,3,9,79
COOK:9600027,COOK:Wheeling Precinct 27,9,52,11,1,3,4,80
COOK:9600028,COOK:Wheeling Precinct 28,13,62,14,2,2,18,111
COOK:9600029,COOK:Wheeling Precinct 29,8,26,4,7,0,9,54
COOK:9600030,COOK:Wheeling Precinct 30,11,59,9,6,0,12,97
COOK:9600031,COOK:Wheeling Precinct 31,4,64,7,3,1,9,88
COOK:9600032,COOK:Wheeling Precinct 32,7,25,6,6,3,11,58
COOK:9600033,COOK:Wheeling Precinct 33,8,14,2,2,0,8,34
COOK:9600034,COOK:Wheeling Precinct 34,7,55,14,3,1,16,96
COOK:9600035,COOK:Wheeling Precinct 35,6,43,6,6,3,12,76
COOK:9600036,COOK:Wheeling Precinct 36,6,49,7,1,2,13,78
COOK:9600037,COOK:Wheeling Precinct 37,12,20,7,7,2,14,62
COOK:9600038,COOK:Wheeling Precinct 38,1,21,4,3,5,8,42
COOK:9600039,COOK:Wheeling Precinct 39,6,28,7,3,3,8,55
COOK:9600040,COOK:Wheeling Precinct 40,13,71,12,5,4,18,123
COOK:9600041,COOK:Wheeling Precinct 41,5,76,13,2,2,18,116
COOK:9600042,COOK:Wheeling Precinct 42,18,43,10,3,0,3,77
COOK:9600043,COOK:Wheeling Precinct 43,13,41,5,3,0,7,69
COOK:9600044,COOK:Wheeling Precinct 44,10,42,11,0,2,3,68
COOK:9600045,COOK:Wheeling Precinct 45,7,22,4,2,2,7,44
COOK:9600046,COOK:Wheeling Precinct 46,10,62,16,5,3,19,115
COOK:9600047,COOK:Wheeling Precinct 47,17,47,10,6,5,14,99
COOK:9600048,COOK:Wheeling Precinct 48,11,29,1,2,2,9,54
COOK:9600049,COOK:Wheeling Precinct 49,5,24,7,1,1,11,49
COOK:9600050,COOK:Wheeling Precinct 50,7,13,4,5,1,4,34
COOK:9600051,COOK:Wheeling Precinct 51,12,33,6,5,4,7,67
COOK:9600052,COOK:Wheeling Precinct 52,5,35,11,1,3,9,64
COOK:9600053,COOK:Wheeling Precinct 53,4,37,6,3,0,9,59
COOK:9600054,COOK:Wheeling Precinct 54,19,58,8,3,1,18,107
COOK:9600055,COOK:Wheeling Precinct 55,3,27,6,2,1,10,49
COOK:9600056,COOK:Wheeling Precinct 56,7,34,2,3,1,7,54
COOK:9600057,COOK:Wheeling Precinct 57,7,48,7,1,0,14,77
COOK:9600058,COOK:Wheeling Precinct 58,10,31,8,2,2,7,60
COOK:9600059,COOK:Wheeling Precinct 59,6,36,11,5,2,5,65
COOK:9600060,COOK:Wheeling Precinct 60,15,59,16,6,7,10,113
COOK:9600061,COOK:Wheeling Precinct 61,34,85,19,9,4,23,174
COOK:9600062,COOK:Wheeling Precinct 62,11,35,8,2,1,8,65
COOK:9600063,COOK:Wheeling Precinct 63,4,17,2,3,2,9,37
COOK:9600064,COOK:Wheeling Precinct 64,12,29,7,7,3,10,68
COOK:9600065,COOK:Wheeling Precinct 65,17,52,5,14,4,14,106
COOK:9600066,COOK:Wheeling Precinct 66,13,41,8,1,3,10,76
COOK:9600067,COOK:Wheeling Precinct 67,7,32,7,1,2,8,57
COOK:9600068,COOK:Wheeling Precinct 68,8,17,10,3,1,6,45
COOK:9600069,COOK:Wheeling Precinct 69,17,59,15,2,4,15,112
COOK:9600070,COOK:Wheeling Precinct 70,10,47,15,5,3,11,91
COOK:9600071,COOK:Wheeling Precinct 71,12,57,9,5,2,5,90
COOK:9600072,COOK:Wheeling Precinct 72,5,21,4,7,0,13,50
COOK:9600073,COOK:Wheeling Precinct 73,6,22,5,3,1,2,39
COOK:9600074,COOK:Wheeling Precinct 74,6,41,5,3,0,13,68
COOK:9600075,COOK:Wheeling Precinct 75,10,22,7,5,2,9,55
COOK:9600076,COOK:Wheeling Precinct 76,12,25,4,3,2,5,51
COOK:9600077,COOK:Wheeling Precinct 77,5,3,1,1,0,1,11
COOK:9600078,COOK:Wheeling Precinct 78,11,48,7,3,2,17,88
COOK:9600079,COOK:Wheeling Precinct 79,4,32,4,1,3,5,49
COOK:9600080,COOK:Wheeling Precinct 80,16,17,4,3,0,6,46
COOK:9600081,COOK:Wheeling Precinct 81,2,18,1,3,0,6,30
COOK:9700001,COOK:Worth Precinct 1,7,6,2,4,1,12,32
COOK:9700002,COOK:Worth Precinct 2,13,6,6,2,4,12,43
COOK:9700003,COOK:Worth Precinct 3,8,18,8,5,0,18,57
COOK:9700004,COOK:Worth Precinct 4,6,6,8,4,0,15,39
COOK:9700005,COOK:Worth Precinct 5,18,27,12,3,4,28,92
COOK:9700006,COOK:Worth Precinct 6,7,17,7,4,4,18,57
COOK:9700007,COOK:Worth Precinct 7,14,36,17,16,2,34,119
COOK:9700008,COOK:Worth Precinct 8,7,3,6,5,2,9,32
COOK:9700009,COOK:Worth Precinct 9,10,20,9,4,0,17,60
COOK:9700010,COOK:Worth Precinct 10,5,8,12,0,1,9,35
COOK:9700011,COOK:Worth Precinct 11,17,5,9,5,3,9,48
COOK:9700012,COOK:Worth Precinct 12,4,7,7,2,0,6,26
COOK:9700013,COOK:Worth Precinct 13,1,15,6,3,3,14,42
COOK:9700014,COOK:Worth Precinct 14,1,5,4,1,0,6,17
COOK:9700015,COOK:Worth Precinct 15,10,12,12,7,3,16,60
COOK:9700016,COOK:Worth Precinct 16,19,25,14,3,2,12,75
COOK:9700017,COOK:Worth Precinct 17,2,4,2,0,1,5,14
COOK:9700018,COOK:Worth Precinct 18,13,16,9,4,0,15,57
COOK:9700019,COOK:Worth Precinct 19,5,20,6,5,1,11,48
COOK:9700020,COOK:Worth Precinct 20,5,4,1,3,0,3,16
COOK:9700021,COOK:Worth Precinct 21,20,11,9,3,7,12,62
COOK:9700022,COOK:Worth Precinct 22,14,10,17,4,3,14,62
COOK:9700023,COOK:Worth Precinct 23,19,34,14,8,3,30,108
COOK:9700024,COOK:Worth Precinct 24,0,3,2,0,0,5,10
COOK:9700025,COOK:Worth Precinct 25,11,13,10,3,2,15,54
COOK:9700026,COOK:Worth Precinct 26,10,9,4,2,3,8,36
COOK:9700027,COOK:Worth Precinct 27,5,12,8,1,1,15,42
COOK:9700028,COOK:Worth Precinct 28,3,10,4,4,0,4,25
COOK:9700029,COOK:Worth Precinct 29,1,6,2,3,0,4,16
COOK:9700030,COOK:Worth Precinct 30,20,22,15,2,1,9,69
COOK:9700031,COOK:Worth Precinct 31,6,16,9,4,1,9,45
COOK:9700032,COOK:Worth Precinct 32,7,19,15,0,4,10,55
COOK:9700033,COOK:Worth Precinct 33,15,12,3,3,1,12,46
COOK:9700034,COOK:Worth Precinct 34,13,11,6,3,2,4,39
COOK:9700035,COOK:Worth Precinct 35,13,24,16,11,1,27,92
COOK:9700036,COOK:Worth Precinct 36,8,12,4,6,1,8,39
COOK:9700037,COOK:Worth Precinct 37,4,17,4,1,1,8,35
COOK:9700038,COOK:Worth Precinct 38,15,14,15,3,5,10,62
COOK:9700039,COOK:Worth Precinct 39,2,15,3,4,1,17,42
COOK:9700040,COOK:Worth Precinct 40,5,8,6,3,1,8,31
COOK:9700041,COOK:Worth Precinct 41,31,16,8,8,3,25,91
COOK:9700042,COOK:Worth Precinct 42,6,24,8,6,0,11,55
COOK:9700043,COOK:Worth Precinct 43,0,1,1,0,1,1,4
COOK:9700044,COOK:Worth Precinct 44,1,5,3,1,2,8,20
COOK:9700045,COOK:Worth Precinct 45,11,17,12,4,2,11,57
COOK:9700046,COOK:Worth Precinct 46,16,18,11,4,2,19,70
COOK:9700047,COOK:Worth Precinct 47,12,10,15,1,3,16,57
COOK:9700048,COOK:Worth Precinct 48,2,11,5,2,3,7,30
COOK:9700049,COOK:Worth Precinct 49,9,26,13,5,2,19,74
COOK:9700050,COOK:Worth Precinct 50,4,23,13,9,3,19,71
COOK:9700051,COOK:Worth Precinct 51,9,13,10,4,2,13,51
COOK:9700052,COOK:Worth Precinct 52,9,23,13,1,0,23,69
COOK:9700053,COOK:Worth Precinct 53,16,20,13,6,3,13,71
COOK:9700054,COOK:Worth Precinct 54,3,10,8,3,3,7,34
COOK:9700055,COOK:Worth Precinct 55,4,6,2,1,0,5,18
COOK:9700056,COOK:Worth Precinct 56,17,23,12,6,2,19,79
COOK:9700057,COOK:Worth Precinct 57,3,18,8,3,4,13,49
COOK:9700058,COOK:Worth Precinct 58,17,22,22,7,1,20,89
COOK:9700059,COOK:Worth Precinct 59,5,9,1,2,1,5,23
COOK:9700060,COOK:Worth Precinct 60,8,10,5,1,1,13,38
COOK:9700061,COOK:Worth Precinct 61,7,11,8,8,0,10,44
COOK:9700062,COOK:Worth Precinct 62,21,17,14,3,1,19,75
COOK:9700063,COOK:Worth Precinct 63,17,22,8,2,3,18,70
COOK:9700064,COOK:Worth Precinct 64,23,24,12,0,4,17,80
COOK:9700065,COOK:Worth Precinct 65,25,41,24,6,3,35,134
COOK:9700066,COOK:Worth Precinct 66,27,9,4,5,3,13,61
COOK:9700067,COOK:Worth Precinct 67,15,41,12,12,6,27,113
COOK:9700068,COOK:Worth Precinct 68,2,8,0,2,3,6,21
COOK:9700069,COOK:Worth Precinct 69,8,11,5,0,1,12,37
COOK:9700070,COOK:Worth Precinct 70,14,19,11,4,2,15,65
COOK:9700071,COOK:Worth Precinct 71,10,12,8,4,0,14,48
COOK:9700072,COOK:Worth Precinct 72,12,12,4,3,2,12,45
COOK:9700073,COOK:Worth Precinct 73,8,12,6,3,0,16,45
COOK:9700074,COOK:Worth Precinct 74,20,21,17,4,5,15,82
COOK:9700075,COOK:Worth Precinct 75,11,19,12,4,0,14,60
COOK:9700076,COOK:Worth Precinct 76,15,30,21,6,4,22,98
COOK:9700077,COOK:Worth Precinct 77,6,8,8,3,2,7,34
COOK:9700078,COOK:Worth Precinct 78,15,15,10,3,1,12,56
COOK:9700079,COOK:Worth Precinct 79,3,21,14,1,2,15,56
COOK:9700080,COOK:Worth Precinct 80,5,7,1,3,2,7,25
COOK:9700081,COOK:Worth Precinct 81,8,6,3,1,1,2,21
COOK:9700082,COOK:Worth Precinct 82,18,28,15,9,2,26,98
,COOK:Suburban Cook County,10660,24143,9007,4382,2335,13186,63713
